precision_test,recall_test,f1_test,precision_train,recall_train,f1_train,n_train,n_test,train_pos,train_neg,test_pos,test_neg,decision_threshold,label_name,label_parent,model,column,random_state,tuning_precision_test,tuning_recall_test,tuning_f1_test,tuning_precision_train,tuning_recall_train,tuning_f1_train,params,fold
1.0,0.9117647058823529,0.9538461538461539,0.9204892966360856,0.9772727272727273,0.9480314960629921,1010,113,308,702,34,79,0.5,Changes in precipitation,driver,SCIBERT,driver|3,4243,0.9473684210526315,0.9230769230769231,0.935064935064935,0.9174311926605505,0.8849557522123894,0.9009009009009009,"{'model': 'transformer', 'hyperparams': {'class_weights': [0.7185686826705933, 1.6438052654266357], 'use_class_weights': 1, 'learning_rate': 3.183659809499129e-05, 'per_device_train_batch_size': 10, 'per_device_eval_batch_size': 12, 'num_train_epochs': 7, 'weight_decay': 0.25127270762470366, 'model_name': 'allenai/scibert_scivocab_uncased', 'optim': 'adamw_torch'}}",0
0.8095238095238095,0.9714285714285714,0.8831168831168831,0.918429003021148,0.990228013029316,0.9529780564263323,1010,113,307,703,35,78,0.5,Changes in precipitation,driver,SCIBERT,driver|3,4243,0.9473684210526315,0.9230769230769231,0.935064935064935,0.9174311926605505,0.8849557522123894,0.9009009009009009,"{'model': 'transformer', 'hyperparams': {'class_weights': [0.7185686826705933, 1.6438052654266357], 'use_class_weights': 1, 'learning_rate': 3.183659809499129e-05, 'per_device_train_batch_size': 10, 'per_device_eval_batch_size': 12, 'num_train_epochs': 7, 'weight_decay': 0.25127270762470366, 'model_name': 'allenai/scibert_scivocab_uncased', 'optim': 'adamw_torch'}}",1
0.868421052631579,0.9428571428571428,0.9041095890410958,0.8982035928143712,0.9771986970684039,0.9360374414976599,1010,113,307,703,35,78,0.5,Changes in precipitation,driver,SCIBERT,driver|3,4243,0.9473684210526315,0.9230769230769231,0.935064935064935,0.9174311926605505,0.8849557522123894,0.9009009009009009,"{'model': 'transformer', 'hyperparams': {'class_weights': [0.7185686826705933, 1.6438052654266357], 'use_class_weights': 1, 'learning_rate': 3.183659809499129e-05, 'per_device_train_batch_size': 10, 'per_device_eval_batch_size': 12, 'num_train_epochs': 7, 'weight_decay': 0.25127270762470366, 'model_name': 'allenai/scibert_scivocab_uncased', 'optim': 'adamw_torch'}}",2
0.868421052631579,0.9705882352941176,0.9166666666666666,0.9107142857142857,0.9935064935064936,0.9503105590062112,1011,112,308,703,34,78,0.5,Changes in precipitation,driver,SCIBERT,driver|3,4243,0.9473684210526315,0.9230769230769231,0.935064935064935,0.9174311926605505,0.8849557522123894,0.9009009009009009,"{'model': 'transformer', 'hyperparams': {'class_weights': [0.7185686826705933, 1.6438052654266357], 'use_class_weights': 1, 'learning_rate': 3.183659809499129e-05, 'per_device_train_batch_size': 10, 'per_device_eval_batch_size': 12, 'num_train_epochs': 7, 'weight_decay': 0.25127270762470366, 'model_name': 'allenai/scibert_scivocab_uncased', 'optim': 'adamw_torch'}}",3
0.8717948717948718,1.0,0.9315068493150684,0.9380804953560371,0.9837662337662337,0.9603803486529319,1011,112,308,703,34,78,0.5,Changes in precipitation,driver,SCIBERT,driver|3,4243,0.9473684210526315,0.9230769230769231,0.935064935064935,0.9174311926605505,0.8849557522123894,0.9009009009009009,"{'model': 'transformer', 'hyperparams': {'class_weights': [0.7185686826705933, 1.6438052654266357], 'use_class_weights': 1, 'learning_rate': 3.183659809499129e-05, 'per_device_train_batch_size': 10, 'per_device_eval_batch_size': 12, 'num_train_epochs': 7, 'weight_decay': 0.25127270762470366, 'model_name': 'allenai/scibert_scivocab_uncased', 'optim': 'adamw_torch'}}",4
0.9032258064516129,0.8235294117647058,0.8615384615384616,0.9263803680981595,0.9805194805194806,0.9526813880126183,1011,112,308,703,34,78,0.5,Changes in precipitation,driver,SCIBERT,driver|3,4243,0.9473684210526315,0.9230769230769231,0.935064935064935,0.9174311926605505,0.8849557522123894,0.9009009009009009,"{'model': 'transformer', 'hyperparams': {'class_weights': [0.7185686826705933, 1.6438052654266357], 'use_class_weights': 1, 'learning_rate': 3.183659809499129e-05, 'per_device_train_batch_size': 10, 'per_device_eval_batch_size': 12, 'num_train_epochs': 7, 'weight_decay': 0.25127270762470366, 'model_name': 'allenai/scibert_scivocab_uncased', 'optim': 'adamw_torch'}}",5
0.8918918918918919,0.9705882352941176,0.9295774647887324,0.9287925696594427,0.974025974025974,0.9508716323296355,1011,112,308,703,34,78,0.5,Changes in precipitation,driver,SCIBERT,driver|3,4243,0.9473684210526315,0.9230769230769231,0.935064935064935,0.9174311926605505,0.8849557522123894,0.9009009009009009,"{'model': 'transformer', 'hyperparams': {'class_weights': [0.7185686826705933, 1.6438052654266357], 'use_class_weights': 1, 'learning_rate': 3.183659809499129e-05, 'per_device_train_batch_size': 10, 'per_device_eval_batch_size': 12, 'num_train_epochs': 7, 'weight_decay': 0.25127270762470366, 'model_name': 'allenai/scibert_scivocab_uncased', 'optim': 'adamw_torch'}}",6
0.9117647058823529,0.9117647058823529,0.9117647058823529,0.9351851851851852,0.9837662337662337,0.9588607594936709,1011,112,308,703,34,78,0.5,Changes in precipitation,driver,SCIBERT,driver|3,4243,0.9473684210526315,0.9230769230769231,0.935064935064935,0.9174311926605505,0.8849557522123894,0.9009009009009009,"{'model': 'transformer', 'hyperparams': {'class_weights': [0.7185686826705933, 1.6438052654266357], 'use_class_weights': 1, 'learning_rate': 3.183659809499129e-05, 'per_device_train_batch_size': 10, 'per_device_eval_batch_size': 12, 'num_train_epochs': 7, 'weight_decay': 0.25127270762470366, 'model_name': 'allenai/scibert_scivocab_uncased', 'optim': 'adamw_torch'}}",7
0.8823529411764706,0.8823529411764706,0.8823529411764706,0.9263803680981595,0.9805194805194806,0.9526813880126183,1011,112,308,703,34,78,0.5,Changes in precipitation,driver,SCIBERT,driver|3,4243,0.9473684210526315,0.9230769230769231,0.935064935064935,0.9174311926605505,0.8849557522123894,0.9009009009009009,"{'model': 'transformer', 'hyperparams': {'class_weights': [0.7185686826705933, 1.6438052654266357], 'use_class_weights': 1, 'learning_rate': 3.183659809499129e-05, 'per_device_train_batch_size': 10, 'per_device_eval_batch_size': 12, 'num_train_epochs': 7, 'weight_decay': 0.25127270762470366, 'model_name': 'allenai/scibert_scivocab_uncased', 'optim': 'adamw_torch'}}",8
0.8888888888888888,0.9411764705882353,0.9142857142857143,0.9044776119402985,0.9837662337662337,0.942457231726283,1011,112,308,703,34,78,0.5,Changes in precipitation,driver,SCIBERT,driver|3,4243,0.9473684210526315,0.9230769230769231,0.935064935064935,0.9174311926605505,0.8849557522123894,0.9009009009009009,"{'model': 'transformer', 'hyperparams': {'class_weights': [0.7185686826705933, 1.6438052654266357], 'use_class_weights': 1, 'learning_rate': 3.183659809499129e-05, 'per_device_train_batch_size': 10, 'per_device_eval_batch_size': 12, 'num_train_epochs': 7, 'weight_decay': 0.25127270762470366, 'model_name': 'allenai/scibert_scivocab_uncased', 'optim': 'adamw_torch'}}",9
0.9736842105263158,0.9487179487179487,0.961038961038961,1.0,0.9928057553956835,0.9963898916967509,1010,113,695,315,78,35,0.5,Changes in temperature,driver,LGBM,driver|1,4243,0.9659090909090909,0.9659090909090909,0.9659090909090909,1.0,0.998046875,0.9990224828934506,"{'vectoriser': {'ngram_range': [1, 4], 'max_features': 10000, 'min_df': 3}, 'model': 'lightgbm', 'hyperparams': {'objective': 'binary', 'learning_rate': 0.06265723307034325, 'n_estimators': 181, 'num_leaves': 37, 'random_state': None, 'verbose': -1, 'max_depth': 20, 'min_child_samples': 5, 'subsample': 0.7579764704918838, 'colsample_bytree': 0.9796880558728531, 'reg_alpha': 0.291912904738176, 'reg_lambda': 0.8506917716760789}}",0
0.926829268292683,0.9743589743589743,0.95,1.0,0.9942446043165467,0.9971139971139971,1010,113,695,315,78,35,0.5,Changes in temperature,driver,LGBM,driver|1,4243,0.9659090909090909,0.9659090909090909,0.9659090909090909,1.0,0.998046875,0.9990224828934506,"{'vectoriser': {'ngram_range': [1, 4], 'max_features': 10000, 'min_df': 3}, 'model': 'lightgbm', 'hyperparams': {'objective': 'binary', 'learning_rate': 0.06265723307034325, 'n_estimators': 181, 'num_leaves': 37, 'random_state': None, 'verbose': -1, 'max_depth': 20, 'min_child_samples': 5, 'subsample': 0.7579764704918838, 'colsample_bytree': 0.9796880558728531, 'reg_alpha': 0.291912904738176, 'reg_lambda': 0.8506917716760789}}",1
0.948051948051948,0.9358974358974359,0.9419354838709677,1.0,0.9942446043165467,0.9971139971139971,1010,113,695,315,78,35,0.5,Changes in temperature,driver,LGBM,driver|1,4243,0.9659090909090909,0.9659090909090909,0.9659090909090909,1.0,0.998046875,0.9990224828934506,"{'vectoriser': {'ngram_range': [1, 4], 'max_features': 10000, 'min_df': 3}, 'model': 'lightgbm', 'hyperparams': {'objective': 'binary', 'learning_rate': 0.06265723307034325, 'n_estimators': 181, 'num_leaves': 37, 'random_state': None, 'verbose': -1, 'max_depth': 20, 'min_child_samples': 5, 'subsample': 0.7579764704918838, 'colsample_bytree': 0.9796880558728531, 'reg_alpha': 0.291912904738176, 'reg_lambda': 0.8506917716760789}}",2
0.9367088607594937,0.961038961038961,0.9487179487179487,1.0,0.9942528735632183,0.9971181556195965,1011,112,696,315,77,35,0.5,Changes in temperature,driver,LGBM,driver|1,4243,0.9659090909090909,0.9659090909090909,0.9659090909090909,1.0,0.998046875,0.9990224828934506,"{'vectoriser': {'ngram_range': [1, 4], 'max_features': 10000, 'min_df': 3}, 'model': 'lightgbm', 'hyperparams': {'objective': 'binary', 'learning_rate': 0.06265723307034325, 'n_estimators': 181, 'num_leaves': 37, 'random_state': None, 'verbose': -1, 'max_depth': 20, 'min_child_samples': 5, 'subsample': 0.7579764704918838, 'colsample_bytree': 0.9796880558728531, 'reg_alpha': 0.291912904738176, 'reg_lambda': 0.8506917716760789}}",3
0.9736842105263158,0.961038961038961,0.9673202614379085,1.0,0.9956896551724138,0.9978401727861771,1011,112,696,315,77,35,0.5,Changes in temperature,driver,LGBM,driver|1,4243,0.9659090909090909,0.9659090909090909,0.9659090909090909,1.0,0.998046875,0.9990224828934506,"{'vectoriser': {'ngram_range': [1, 4], 'max_features': 10000, 'min_df': 3}, 'model': 'lightgbm', 'hyperparams': {'objective': 'binary', 'learning_rate': 0.06265723307034325, 'n_estimators': 181, 'num_leaves': 37, 'random_state': None, 'verbose': -1, 'max_depth': 20, 'min_child_samples': 5, 'subsample': 0.7579764704918838, 'colsample_bytree': 0.9796880558728531, 'reg_alpha': 0.291912904738176, 'reg_lambda': 0.8506917716760789}}",4
0.9459459459459459,0.9090909090909091,0.9271523178807947,1.0,0.9971264367816092,0.9985611510791367,1011,112,696,315,77,35,0.5,Changes in temperature,driver,LGBM,driver|1,4243,0.9659090909090909,0.9659090909090909,0.9659090909090909,1.0,0.998046875,0.9990224828934506,"{'vectoriser': {'ngram_range': [1, 4], 'max_features': 10000, 'min_df': 3}, 'model': 'lightgbm', 'hyperparams': {'objective': 'binary', 'learning_rate': 0.06265723307034325, 'n_estimators': 181, 'num_leaves': 37, 'random_state': None, 'verbose': -1, 'max_depth': 20, 'min_child_samples': 5, 'subsample': 0.7579764704918838, 'colsample_bytree': 0.9796880558728531, 'reg_alpha': 0.291912904738176, 'reg_lambda': 0.8506917716760789}}",5
0.9868421052631579,0.974025974025974,0.9803921568627451,1.0,0.9956896551724138,0.9978401727861771,1011,112,696,315,77,35,0.5,Changes in temperature,driver,LGBM,driver|1,4243,0.9659090909090909,0.9659090909090909,0.9659090909090909,1.0,0.998046875,0.9990224828934506,"{'vectoriser': {'ngram_range': [1, 4], 'max_features': 10000, 'min_df': 3}, 'model': 'lightgbm', 'hyperparams': {'objective': 'binary', 'learning_rate': 0.06265723307034325, 'n_estimators': 181, 'num_leaves': 37, 'random_state': None, 'verbose': -1, 'max_depth': 20, 'min_child_samples': 5, 'subsample': 0.7579764704918838, 'colsample_bytree': 0.9796880558728531, 'reg_alpha': 0.291912904738176, 'reg_lambda': 0.8506917716760789}}",6
0.987012987012987,0.987012987012987,0.987012987012987,1.0,0.9985632183908046,0.9992810927390366,1011,112,696,315,77,35,0.5,Changes in temperature,driver,LGBM,driver|1,4243,0.9659090909090909,0.9659090909090909,0.9659090909090909,1.0,0.998046875,0.9990224828934506,"{'vectoriser': {'ngram_range': [1, 4], 'max_features': 10000, 'min_df': 3}, 'model': 'lightgbm', 'hyperparams': {'objective': 'binary', 'learning_rate': 0.06265723307034325, 'n_estimators': 181, 'num_leaves': 37, 'random_state': None, 'verbose': -1, 'max_depth': 20, 'min_child_samples': 5, 'subsample': 0.7579764704918838, 'colsample_bytree': 0.9796880558728531, 'reg_alpha': 0.291912904738176, 'reg_lambda': 0.8506917716760789}}",7
0.9487179487179487,0.961038961038961,0.9548387096774194,1.0,0.9971264367816092,0.9985611510791367,1011,112,696,315,77,35,0.5,Changes in temperature,driver,LGBM,driver|1,4243,0.9659090909090909,0.9659090909090909,0.9659090909090909,1.0,0.998046875,0.9990224828934506,"{'vectoriser': {'ngram_range': [1, 4], 'max_features': 10000, 'min_df': 3}, 'model': 'lightgbm', 'hyperparams': {'objective': 'binary', 'learning_rate': 0.06265723307034325, 'n_estimators': 181, 'num_leaves': 37, 'random_state': None, 'verbose': -1, 'max_depth': 20, 'min_child_samples': 5, 'subsample': 0.7579764704918838, 'colsample_bytree': 0.9796880558728531, 'reg_alpha': 0.291912904738176, 'reg_lambda': 0.8506917716760789}}",8
0.925,0.961038961038961,0.9426751592356688,1.0,0.9899425287356322,0.9949458483754513,1011,112,696,315,77,35,0.5,Changes in temperature,driver,LGBM,driver|1,4243,0.9659090909090909,0.9659090909090909,0.9659090909090909,1.0,0.998046875,0.9990224828934506,"{'vectoriser': {'ngram_range': [1, 4], 'max_features': 10000, 'min_df': 3}, 'model': 'lightgbm', 'hyperparams': {'objective': 'binary', 'learning_rate': 0.06265723307034325, 'n_estimators': 181, 'num_leaves': 37, 'random_state': None, 'verbose': -1, 'max_depth': 20, 'min_child_samples': 5, 'subsample': 0.7579764704918838, 'colsample_bytree': 0.9796880558728531, 'reg_alpha': 0.291912904738176, 'reg_lambda': 0.8506917716760789}}",9
0.5833333333333334,0.7777777777777778,0.6666666666666666,0.8,0.975609756097561,0.8791208791208791,1039,116,82,957,9,107,0.5,Mitigation,cat,CLIMATEBERT,cat|0,4243,0.8333333333333334,0.8064516129032258,0.819672131147541,0.7647058823529411,0.8666666666666667,0.8125,"{'model': 'transformer', 'hyperparams': {'class_weights': [0.5427350401878357, 6.349999904632568], 'use_class_weights': 1, 'learning_rate': 2.4479171750999616e-05, 'per_device_train_batch_size': 4, 'per_device_eval_batch_size': 12, 'num_train_epochs': 5, 'weight_decay': 0.06817138558211484, 'model_name': 'climatebert/distilroberta-base-climate-f', 'optim': 'adamw_torch'}}",0
0.6666666666666666,0.8888888888888888,0.7619047619047619,0.803921568627451,1.0,0.8913043478260869,1039,116,82,957,9,107,0.5,Mitigation,cat,CLIMATEBERT,cat|0,4243,0.8333333333333334,0.8064516129032258,0.819672131147541,0.7647058823529411,0.8666666666666667,0.8125,"{'model': 'transformer', 'hyperparams': {'class_weights': [0.5427350401878357, 6.349999904632568], 'use_class_weights': 1, 'learning_rate': 2.4479171750999616e-05, 'per_device_train_batch_size': 4, 'per_device_eval_batch_size': 12, 'num_train_epochs': 5, 'weight_decay': 0.06817138558211484, 'model_name': 'climatebert/distilroberta-base-climate-f', 'optim': 'adamw_torch'}}",1
0.6428571428571429,1.0,0.782608695652174,0.7766990291262136,0.975609756097561,0.8648648648648649,1039,116,82,957,9,107,0.5,Mitigation,cat,CLIMATEBERT,cat|0,4243,0.8333333333333334,0.8064516129032258,0.819672131147541,0.7647058823529411,0.8666666666666667,0.8125,"{'model': 'transformer', 'hyperparams': {'class_weights': [0.5427350401878357, 6.349999904632568], 'use_class_weights': 1, 'learning_rate': 2.4479171750999616e-05, 'per_device_train_batch_size': 4, 'per_device_eval_batch_size': 12, 'num_train_epochs': 5, 'weight_decay': 0.06817138558211484, 'model_name': 'climatebert/distilroberta-base-climate-f', 'optim': 'adamw_torch'}}",2
1.0,1.0,1.0,0.8387096774193549,0.9512195121951219,0.8914285714285715,1039,116,82,957,9,107,0.5,Mitigation,cat,CLIMATEBERT,cat|0,4243,0.8333333333333334,0.8064516129032258,0.819672131147541,0.7647058823529411,0.8666666666666667,0.8125,"{'model': 'transformer', 'hyperparams': {'class_weights': [0.5427350401878357, 6.349999904632568], 'use_class_weights': 1, 'learning_rate': 2.4479171750999616e-05, 'per_device_train_batch_size': 4, 'per_device_eval_batch_size': 12, 'num_train_epochs': 5, 'weight_decay': 0.06817138558211484, 'model_name': 'climatebert/distilroberta-base-climate-f', 'optim': 'adamw_torch'}}",3
0.8181818181818182,0.9,0.8571428571428571,0.8387096774193549,0.9629629629629629,0.896551724137931,1039,116,81,958,10,106,0.5,Mitigation,cat,CLIMATEBERT,cat|0,4243,0.8333333333333334,0.8064516129032258,0.819672131147541,0.7647058823529411,0.8666666666666667,0.8125,"{'model': 'transformer', 'hyperparams': {'class_weights': [0.5427350401878357, 6.349999904632568], 'use_class_weights': 1, 'learning_rate': 2.4479171750999616e-05, 'per_device_train_batch_size': 4, 'per_device_eval_batch_size': 12, 'num_train_epochs': 5, 'weight_decay': 0.06817138558211484, 'model_name': 'climatebert/distilroberta-base-climate-f', 'optim': 'adamw_torch'}}",4
0.6666666666666666,0.6666666666666666,0.6666666666666666,0.7843137254901961,0.975609756097561,0.8695652173913043,1040,115,82,958,9,106,0.5,Mitigation,cat,CLIMATEBERT,cat|0,4243,0.8333333333333334,0.8064516129032258,0.819672131147541,0.7647058823529411,0.8666666666666667,0.8125,"{'model': 'transformer', 'hyperparams': {'class_weights': [0.5427350401878357, 6.349999904632568], 'use_class_weights': 1, 'learning_rate': 2.4479171750999616e-05, 'per_device_train_batch_size': 4, 'per_device_eval_batch_size': 12, 'num_train_epochs': 5, 'weight_decay': 0.06817138558211484, 'model_name': 'climatebert/distilroberta-base-climate-f', 'optim': 'adamw_torch'}}",5
0.7,0.7777777777777778,0.7368421052631579,0.77,0.9390243902439024,0.8461538461538461,1040,115,82,958,9,106,0.5,Mitigation,cat,CLIMATEBERT,cat|0,4243,0.8333333333333334,0.8064516129032258,0.819672131147541,0.7647058823529411,0.8666666666666667,0.8125,"{'model': 'transformer', 'hyperparams': {'class_weights': [0.5427350401878357, 6.349999904632568], 'use_class_weights': 1, 'learning_rate': 2.4479171750999616e-05, 'per_device_train_batch_size': 4, 'per_device_eval_batch_size': 12, 'num_train_epochs': 5, 'weight_decay': 0.06817138558211484, 'model_name': 'climatebert/distilroberta-base-climate-f', 'optim': 'adamw_torch'}}",6
0.8,0.8888888888888888,0.8421052631578947,0.896551724137931,0.9512195121951219,0.9230769230769231,1040,115,82,958,9,106,0.5,Mitigation,cat,CLIMATEBERT,cat|0,4243,0.8333333333333334,0.8064516129032258,0.819672131147541,0.7647058823529411,0.8666666666666667,0.8125,"{'model': 'transformer', 'hyperparams': {'class_weights': [0.5427350401878357, 6.349999904632568], 'use_class_weights': 1, 'learning_rate': 2.4479171750999616e-05, 'per_device_train_batch_size': 4, 'per_device_eval_batch_size': 12, 'num_train_epochs': 5, 'weight_decay': 0.06817138558211484, 'model_name': 'climatebert/distilroberta-base-climate-f', 'optim': 'adamw_torch'}}",7
0.6666666666666666,0.6666666666666666,0.6666666666666666,0.8850574712643678,0.9390243902439024,0.9112426035502958,1040,115,82,958,9,106,0.5,Mitigation,cat,CLIMATEBERT,cat|0,4243,0.8333333333333334,0.8064516129032258,0.819672131147541,0.7647058823529411,0.8666666666666667,0.8125,"{'model': 'transformer', 'hyperparams': {'class_weights': [0.5427350401878357, 6.349999904632568], 'use_class_weights': 1, 'learning_rate': 2.4479171750999616e-05, 'per_device_train_batch_size': 4, 'per_device_eval_batch_size': 12, 'num_train_epochs': 5, 'weight_decay': 0.06817138558211484, 'model_name': 'climatebert/distilroberta-base-climate-f', 'optim': 'adamw_torch'}}",8
0.7272727272727273,0.8888888888888888,0.8,0.81,0.9878048780487805,0.8901098901098901,1040,115,82,958,9,106,0.5,Mitigation,cat,CLIMATEBERT,cat|0,4243,0.8333333333333334,0.8064516129032258,0.819672131147541,0.7647058823529411,0.8666666666666667,0.8125,"{'model': 'transformer', 'hyperparams': {'class_weights': [0.5427350401878357, 6.349999904632568], 'use_class_weights': 1, 'learning_rate': 2.4479171750999616e-05, 'per_device_train_batch_size': 4, 'per_device_eval_batch_size': 12, 'num_train_epochs': 5, 'weight_decay': 0.06817138558211484, 'model_name': 'climatebert/distilroberta-base-climate-f', 'optim': 'adamw_torch'}}",9
0.8888888888888888,1.0,0.9411764705882353,0.961038961038961,0.9866666666666667,0.9736842105263158,489,55,75,414,8,47,0.5,Droughts,event,LGBM,event|5,4243,0.9655172413793104,1.0,0.9824561403508771,0.9818181818181818,0.9818181818181818,0.9818181818181818,"{'vectoriser': {'ngram_range': [1, 4], 'max_features': 10000, 'min_df': 3}, 'model': 'lightgbm', 'hyperparams': {'objective': 'binary', 'learning_rate': 0.0101590678076006, 'n_estimators': 102, 'num_leaves': 49, 'random_state': None, 'verbose': -1, 'max_depth': 12, 'min_child_samples': 7, 'subsample': 0.5848732687926933, 'colsample_bytree': 0.9893676157825503, 'reg_alpha': 0.6005553432679097, 'reg_lambda': 0.6180951203947477}}",0
0.875,0.7777777777777778,0.8235294117647058,1.0,0.9594594594594594,0.9793103448275862,489,55,74,415,9,46,0.5,Droughts,event,LGBM,event|5,4243,0.9655172413793104,1.0,0.9824561403508771,0.9818181818181818,0.9818181818181818,0.9818181818181818,"{'vectoriser': {'ngram_range': [1, 4], 'max_features': 10000, 'min_df': 3}, 'model': 'lightgbm', 'hyperparams': {'objective': 'binary', 'learning_rate': 0.0101590678076006, 'n_estimators': 102, 'num_leaves': 49, 'random_state': None, 'verbose': -1, 'max_depth': 12, 'min_child_samples': 7, 'subsample': 0.5848732687926933, 'colsample_bytree': 0.9893676157825503, 'reg_alpha': 0.6005553432679097, 'reg_lambda': 0.6180951203947477}}",1
1.0,1.0,1.0,0.948051948051948,0.9864864864864865,0.9668874172185431,489,55,74,415,9,46,0.5,Droughts,event,LGBM,event|5,4243,0.9655172413793104,1.0,0.9824561403508771,0.9818181818181818,0.9818181818181818,0.9818181818181818,"{'vectoriser': {'ngram_range': [1, 4], 'max_features': 10000, 'min_df': 3}, 'model': 'lightgbm', 'hyperparams': {'objective': 'binary', 'learning_rate': 0.0101590678076006, 'n_estimators': 102, 'num_leaves': 49, 'random_state': None, 'verbose': -1, 'max_depth': 12, 'min_child_samples': 7, 'subsample': 0.5848732687926933, 'colsample_bytree': 0.9893676157825503, 'reg_alpha': 0.6005553432679097, 'reg_lambda': 0.6180951203947477}}",2
1.0,1.0,1.0,0.948051948051948,0.9864864864864865,0.9668874172185431,489,55,74,415,9,46,0.5,Droughts,event,LGBM,event|5,4243,0.9655172413793104,1.0,0.9824561403508771,0.9818181818181818,0.9818181818181818,0.9818181818181818,"{'vectoriser': {'ngram_range': [1, 4], 'max_features': 10000, 'min_df': 3}, 'model': 'lightgbm', 'hyperparams': {'objective': 'binary', 'learning_rate': 0.0101590678076006, 'n_estimators': 102, 'num_leaves': 49, 'random_state': None, 'verbose': -1, 'max_depth': 12, 'min_child_samples': 7, 'subsample': 0.5848732687926933, 'colsample_bytree': 0.9893676157825503, 'reg_alpha': 0.6005553432679097, 'reg_lambda': 0.6180951203947477}}",3
0.8888888888888888,1.0,0.9411764705882353,0.9866666666666667,0.9866666666666667,0.9866666666666667,490,54,75,415,8,46,0.5,Droughts,event,LGBM,event|5,4243,0.9655172413793104,1.0,0.9824561403508771,0.9818181818181818,0.9818181818181818,0.9818181818181818,"{'vectoriser': {'ngram_range': [1, 4], 'max_features': 10000, 'min_df': 3}, 'model': 'lightgbm', 'hyperparams': {'objective': 'binary', 'learning_rate': 0.0101590678076006, 'n_estimators': 102, 'num_leaves': 49, 'random_state': None, 'verbose': -1, 'max_depth': 12, 'min_child_samples': 7, 'subsample': 0.5848732687926933, 'colsample_bytree': 0.9893676157825503, 'reg_alpha': 0.6005553432679097, 'reg_lambda': 0.6180951203947477}}",4
1.0,1.0,1.0,0.9487179487179487,0.9866666666666667,0.9673202614379085,490,54,75,415,8,46,0.5,Droughts,event,LGBM,event|5,4243,0.9655172413793104,1.0,0.9824561403508771,0.9818181818181818,0.9818181818181818,0.9818181818181818,"{'vectoriser': {'ngram_range': [1, 4], 'max_features': 10000, 'min_df': 3}, 'model': 'lightgbm', 'hyperparams': {'objective': 'binary', 'learning_rate': 0.0101590678076006, 'n_estimators': 102, 'num_leaves': 49, 'random_state': None, 'verbose': -1, 'max_depth': 12, 'min_child_samples': 7, 'subsample': 0.5848732687926933, 'colsample_bytree': 0.9893676157825503, 'reg_alpha': 0.6005553432679097, 'reg_lambda': 0.6180951203947477}}",5
0.8888888888888888,1.0,0.9411764705882353,0.9866666666666667,0.9866666666666667,0.9866666666666667,490,54,75,415,8,46,0.5,Droughts,event,LGBM,event|5,4243,0.9655172413793104,1.0,0.9824561403508771,0.9818181818181818,0.9818181818181818,0.9818181818181818,"{'vectoriser': {'ngram_range': [1, 4], 'max_features': 10000, 'min_df': 3}, 'model': 'lightgbm', 'hyperparams': {'objective': 'binary', 'learning_rate': 0.0101590678076006, 'n_estimators': 102, 'num_leaves': 49, 'random_state': None, 'verbose': -1, 'max_depth': 12, 'min_child_samples': 7, 'subsample': 0.5848732687926933, 'colsample_bytree': 0.9893676157825503, 'reg_alpha': 0.6005553432679097, 'reg_lambda': 0.6180951203947477}}",6
1.0,1.0,1.0,0.9487179487179487,0.9866666666666667,0.9673202614379085,490,54,75,415,8,46,0.5,Droughts,event,LGBM,event|5,4243,0.9655172413793104,1.0,0.9824561403508771,0.9818181818181818,0.9818181818181818,0.9818181818181818,"{'vectoriser': {'ngram_range': [1, 4], 'max_features': 10000, 'min_df': 3}, 'model': 'lightgbm', 'hyperparams': {'objective': 'binary', 'learning_rate': 0.0101590678076006, 'n_estimators': 102, 'num_leaves': 49, 'random_state': None, 'verbose': -1, 'max_depth': 12, 'min_child_samples': 7, 'subsample': 0.5848732687926933, 'colsample_bytree': 0.9893676157825503, 'reg_alpha': 0.6005553432679097, 'reg_lambda': 0.6180951203947477}}",7
1.0,0.875,0.9333333333333333,0.9493670886075949,1.0,0.974025974025974,490,54,75,415,8,46,0.5,Droughts,event,LGBM,event|5,4243,0.9655172413793104,1.0,0.9824561403508771,0.9818181818181818,0.9818181818181818,0.9818181818181818,"{'vectoriser': {'ngram_range': [1, 4], 'max_features': 10000, 'min_df': 3}, 'model': 'lightgbm', 'hyperparams': {'objective': 'binary', 'learning_rate': 0.0101590678076006, 'n_estimators': 102, 'num_leaves': 49, 'random_state': None, 'verbose': -1, 'max_depth': 12, 'min_child_samples': 7, 'subsample': 0.5848732687926933, 'colsample_bytree': 0.9893676157825503, 'reg_alpha': 0.6005553432679097, 'reg_lambda': 0.6180951203947477}}",8
1.0,1.0,1.0,0.9487179487179487,0.9866666666666667,0.9673202614379085,490,54,75,415,8,46,0.5,Droughts,event,LGBM,event|5,4243,0.9655172413793104,1.0,0.9824561403508771,0.9818181818181818,0.9818181818181818,0.9818181818181818,"{'vectoriser': {'ngram_range': [1, 4], 'max_features': 10000, 'min_df': 3}, 'model': 'lightgbm', 'hyperparams': {'objective': 'binary', 'learning_rate': 0.0101590678076006, 'n_estimators': 102, 'num_leaves': 49, 'random_state': None, 'verbose': -1, 'max_depth': 12, 'min_child_samples': 7, 'subsample': 0.5848732687926933, 'colsample_bytree': 0.9893676157825503, 'reg_alpha': 0.6005553432679097, 'reg_lambda': 0.6180951203947477}}",9
0.8333333333333334,1.0,0.9090909090909091,0.9112903225806451,0.9868995633187773,0.9475890985324947,1250,139,458,792,50,89,0.5,Infectious diseases,health,CLIMATEBERT,health|4,4243,0.9065934065934066,0.953757225433526,0.9295774647887324,0.9120879120879121,0.9880952380952381,0.9485714285714286,"{'model': 'transformer', 'hyperparams': {'class_weights': [0.7886598110198975, 1.3660714626312256], 'use_class_weights': 1, 'learning_rate': 1.2951127196264252e-05, 'per_device_train_batch_size': 12, 'per_device_eval_batch_size': 12, 'num_train_epochs': 9, 'weight_decay': 0.0699190996540444, 'model_name': 'climatebert/distilroberta-base-climate-f', 'optim': 'adamw_torch'}}",0
0.9056603773584906,0.9411764705882353,0.9230769230769231,0.9183673469387755,0.9846827133479212,0.9503695881731784,1250,139,457,793,51,88,0.5,Infectious diseases,health,CLIMATEBERT,health|4,4243,0.9065934065934066,0.953757225433526,0.9295774647887324,0.9120879120879121,0.9880952380952381,0.9485714285714286,"{'model': 'transformer', 'hyperparams': {'class_weights': [0.7886598110198975, 1.3660714626312256], 'use_class_weights': 1, 'learning_rate': 1.2951127196264252e-05, 'per_device_train_batch_size': 12, 'per_device_eval_batch_size': 12, 'num_train_epochs': 9, 'weight_decay': 0.0699190996540444, 'model_name': 'climatebert/distilroberta-base-climate-f', 'optim': 'adamw_torch'}}",1
0.8448275862068966,0.9607843137254902,0.8990825688073395,0.9149797570850202,0.9890590809628009,0.9505783385909569,1250,139,457,793,51,88,0.5,Infectious diseases,health,CLIMATEBERT,health|4,4243,0.9065934065934066,0.953757225433526,0.9295774647887324,0.9120879120879121,0.9880952380952381,0.9485714285714286,"{'model': 'transformer', 'hyperparams': {'class_weights': [0.7886598110198975, 1.3660714626312256], 'use_class_weights': 1, 'learning_rate': 1.2951127196264252e-05, 'per_device_train_batch_size': 12, 'per_device_eval_batch_size': 12, 'num_train_epochs': 9, 'weight_decay': 0.0699190996540444, 'model_name': 'climatebert/distilroberta-base-climate-f', 'optim': 'adamw_torch'}}",2
0.9433962264150944,0.9803921568627451,0.9615384615384616,0.9111111111111111,0.986870897155361,0.9474789915966386,1250,139,457,793,51,88,0.5,Infectious diseases,health,CLIMATEBERT,health|4,4243,0.9065934065934066,0.953757225433526,0.9295774647887324,0.9120879120879121,0.9880952380952381,0.9485714285714286,"{'model': 'transformer', 'hyperparams': {'class_weights': [0.7886598110198975, 1.3660714626312256], 'use_class_weights': 1, 'learning_rate': 1.2951127196264252e-05, 'per_device_train_batch_size': 12, 'per_device_eval_batch_size': 12, 'num_train_epochs': 9, 'weight_decay': 0.0699190996540444, 'model_name': 'climatebert/distilroberta-base-climate-f', 'optim': 'adamw_torch'}}",3
0.8214285714285714,0.9019607843137255,0.8598130841121495,0.9076305220883534,0.9890590809628009,0.9465968586387434,1250,139,457,793,51,88,0.5,Infectious diseases,health,CLIMATEBERT,health|4,4243,0.9065934065934066,0.953757225433526,0.9295774647887324,0.9120879120879121,0.9880952380952381,0.9485714285714286,"{'model': 'transformer', 'hyperparams': {'class_weights': [0.7886598110198975, 1.3660714626312256], 'use_class_weights': 1, 'learning_rate': 1.2951127196264252e-05, 'per_device_train_batch_size': 12, 'per_device_eval_batch_size': 12, 'num_train_epochs': 9, 'weight_decay': 0.0699190996540444, 'model_name': 'climatebert/distilroberta-base-climate-f', 'optim': 'adamw_torch'}}",4
0.8305084745762712,0.9607843137254902,0.8909090909090909,0.9202453987730062,0.9846827133479212,0.9513742071881607,1250,139,457,793,51,88,0.5,Infectious diseases,health,CLIMATEBERT,health|4,4243,0.9065934065934066,0.953757225433526,0.9295774647887324,0.9120879120879121,0.9880952380952381,0.9485714285714286,"{'model': 'transformer', 'hyperparams': {'class_weights': [0.7886598110198975, 1.3660714626312256], 'use_class_weights': 1, 'learning_rate': 1.2951127196264252e-05, 'per_device_train_batch_size': 12, 'per_device_eval_batch_size': 12, 'num_train_epochs': 9, 'weight_decay': 0.0699190996540444, 'model_name': 'climatebert/distilroberta-base-climate-f', 'optim': 'adamw_torch'}}",5
0.9433962264150944,0.9803921568627451,0.9615384615384616,0.9243353783231084,0.9890590809628009,0.9556025369978859,1250,139,457,793,51,88,0.5,Infectious diseases,health,CLIMATEBERT,health|4,4243,0.9065934065934066,0.953757225433526,0.9295774647887324,0.9120879120879121,0.9880952380952381,0.9485714285714286,"{'model': 'transformer', 'hyperparams': {'class_weights': [0.7886598110198975, 1.3660714626312256], 'use_class_weights': 1, 'learning_rate': 1.2951127196264252e-05, 'per_device_train_batch_size': 12, 'per_device_eval_batch_size': 12, 'num_train_epochs': 9, 'weight_decay': 0.0699190996540444, 'model_name': 'climatebert/distilroberta-base-climate-f', 'optim': 'adamw_torch'}}",6
0.9423076923076923,0.9607843137254902,0.9514563106796117,0.9129554655870445,0.986870897155361,0.9484752891692955,1250,139,457,793,51,88,0.5,Infectious diseases,health,CLIMATEBERT,health|4,4243,0.9065934065934066,0.953757225433526,0.9295774647887324,0.9120879120879121,0.9880952380952381,0.9485714285714286,"{'model': 'transformer', 'hyperparams': {'class_weights': [0.7886598110198975, 1.3660714626312256], 'use_class_weights': 1, 'learning_rate': 1.2951127196264252e-05, 'per_device_train_batch_size': 12, 'per_device_eval_batch_size': 12, 'num_train_epochs': 9, 'weight_decay': 0.0699190996540444, 'model_name': 'climatebert/distilroberta-base-climate-f', 'optim': 'adamw_torch'}}",7
0.8275862068965517,0.9411764705882353,0.8807339449541285,0.9297520661157025,0.9846827133479212,0.9564293304994687,1250,139,457,793,51,88,0.5,Infectious diseases,health,CLIMATEBERT,health|4,4243,0.9065934065934066,0.953757225433526,0.9295774647887324,0.9120879120879121,0.9880952380952381,0.9485714285714286,"{'model': 'transformer', 'hyperparams': {'class_weights': [0.7886598110198975, 1.3660714626312256], 'use_class_weights': 1, 'learning_rate': 1.2951127196264252e-05, 'per_device_train_batch_size': 12, 'per_device_eval_batch_size': 12, 'num_train_epochs': 9, 'weight_decay': 0.0699190996540444, 'model_name': 'climatebert/distilroberta-base-climate-f', 'optim': 'adamw_torch'}}",8
0.819672131147541,1.0,0.9009009009009009,0.9300411522633745,0.9868995633187773,0.9576271186440678,1251,138,458,793,50,88,0.5,Infectious diseases,health,CLIMATEBERT,health|4,4243,0.9065934065934066,0.953757225433526,0.9295774647887324,0.9120879120879121,0.9880952380952381,0.9485714285714286,"{'model': 'transformer', 'hyperparams': {'class_weights': [0.7886598110198975, 1.3660714626312256], 'use_class_weights': 1, 'learning_rate': 1.2951127196264252e-05, 'per_device_train_batch_size': 12, 'per_device_eval_batch_size': 12, 'num_train_epochs': 9, 'weight_decay': 0.0699190996540444, 'model_name': 'climatebert/distilroberta-base-climate-f', 'optim': 'adamw_torch'}}",9
0.3148148148148148,1.0,0.4788732394366197,0.29958677685950413,1.0,0.4610492845786963,489,55,145,344,17,38,0.5,Heatwaves,event,TINYBERT,event|1,4243,0.8548387096774194,0.9464285714285714,0.8983050847457628,0.908256880733945,0.9252336448598131,0.9166666666666666,"{'model': 'transformer', 'hyperparams': {'class_weights': [0.7114624381065369, 1.6822429895401], 'use_class_weights': 1, 'learning_rate': 9.52283380174833e-05, 'per_device_train_batch_size': 17, 'per_device_eval_batch_size': 12, 'num_train_epochs': 2, 'weight_decay': 0.006330752561993991, 'model_name': 'prajjwal1/bert-tiny', 'optim': 'adamw_torch'}}",0
0.3695652173913043,1.0,0.5396825396825397,0.3364485981308411,0.993103448275862,0.5026178010471204,489,55,145,344,17,38,0.5,Heatwaves,event,TINYBERT,event|1,4243,0.8548387096774194,0.9464285714285714,0.8983050847457628,0.908256880733945,0.9252336448598131,0.9166666666666666,"{'model': 'transformer', 'hyperparams': {'class_weights': [0.7114624381065369, 1.6822429895401], 'use_class_weights': 1, 'learning_rate': 9.52283380174833e-05, 'per_device_train_batch_size': 17, 'per_device_eval_batch_size': 12, 'num_train_epochs': 2, 'weight_decay': 0.006330752561993991, 'model_name': 'prajjwal1/bert-tiny', 'optim': 'adamw_torch'}}",1
0.3018867924528302,1.0,0.463768115942029,0.32516703786191536,1.0,0.4907563025210084,489,55,146,343,16,39,0.5,Heatwaves,event,TINYBERT,event|1,4243,0.8548387096774194,0.9464285714285714,0.8983050847457628,0.908256880733945,0.9252336448598131,0.9166666666666666,"{'model': 'transformer', 'hyperparams': {'class_weights': [0.7114624381065369, 1.6822429895401], 'use_class_weights': 1, 'learning_rate': 9.52283380174833e-05, 'per_device_train_batch_size': 17, 'per_device_eval_batch_size': 12, 'num_train_epochs': 2, 'weight_decay': 0.006330752561993991, 'model_name': 'prajjwal1/bert-tiny', 'optim': 'adamw_torch'}}",2
0.3137254901960784,1.0,0.47761194029850745,0.31130063965884863,1.0,0.47479674796747967,489,55,146,343,16,39,0.5,Heatwaves,event,TINYBERT,event|1,4243,0.8548387096774194,0.9464285714285714,0.8983050847457628,0.908256880733945,0.9252336448598131,0.9166666666666666,"{'model': 'transformer', 'hyperparams': {'class_weights': [0.7114624381065369, 1.6822429895401], 'use_class_weights': 1, 'learning_rate': 9.52283380174833e-05, 'per_device_train_batch_size': 17, 'per_device_eval_batch_size': 12, 'num_train_epochs': 2, 'weight_decay': 0.006330752561993991, 'model_name': 'prajjwal1/bert-tiny', 'optim': 'adamw_torch'}}",3
0.3018867924528302,1.0,0.463768115942029,0.32662192393736017,1.0,0.4924114671163575,490,54,146,344,16,38,0.5,Heatwaves,event,TINYBERT,event|1,4243,0.8548387096774194,0.9464285714285714,0.8983050847457628,0.908256880733945,0.9252336448598131,0.9166666666666666,"{'model': 'transformer', 'hyperparams': {'class_weights': [0.7114624381065369, 1.6822429895401], 'use_class_weights': 1, 'learning_rate': 9.52283380174833e-05, 'per_device_train_batch_size': 17, 'per_device_eval_batch_size': 12, 'num_train_epochs': 2, 'weight_decay': 0.006330752561993991, 'model_name': 'prajjwal1/bert-tiny', 'optim': 'adamw_torch'}}",4
0.3076923076923077,1.0,0.47058823529411764,0.31947483588621445,1.0,0.4842454394693201,490,54,146,344,16,38,0.5,Heatwaves,event,TINYBERT,event|1,4243,0.8548387096774194,0.9464285714285714,0.8983050847457628,0.908256880733945,0.9252336448598131,0.9166666666666666,"{'model': 'transformer', 'hyperparams': {'class_weights': [0.7114624381065369, 1.6822429895401], 'use_class_weights': 1, 'learning_rate': 9.52283380174833e-05, 'per_device_train_batch_size': 17, 'per_device_eval_batch_size': 12, 'num_train_epochs': 2, 'weight_decay': 0.006330752561993991, 'model_name': 'prajjwal1/bert-tiny', 'optim': 'adamw_torch'}}",5
0.3137254901960784,1.0,0.47761194029850745,0.3146551724137931,1.0,0.4786885245901639,490,54,146,344,16,38,0.5,Heatwaves,event,TINYBERT,event|1,4243,0.8548387096774194,0.9464285714285714,0.8983050847457628,0.908256880733945,0.9252336448598131,0.9166666666666666,"{'model': 'transformer', 'hyperparams': {'class_weights': [0.7114624381065369, 1.6822429895401], 'use_class_weights': 1, 'learning_rate': 9.52283380174833e-05, 'per_device_train_batch_size': 17, 'per_device_eval_batch_size': 12, 'num_train_epochs': 2, 'weight_decay': 0.006330752561993991, 'model_name': 'prajjwal1/bert-tiny', 'optim': 'adamw_torch'}}",6
0.3137254901960784,1.0,0.47761194029850745,0.32229580573951433,1.0,0.48747913188647746,490,54,146,344,16,38,0.5,Heatwaves,event,TINYBERT,event|1,4243,0.8548387096774194,0.9464285714285714,0.8983050847457628,0.908256880733945,0.9252336448598131,0.9166666666666666,"{'model': 'transformer', 'hyperparams': {'class_weights': [0.7114624381065369, 1.6822429895401], 'use_class_weights': 1, 'learning_rate': 9.52283380174833e-05, 'per_device_train_batch_size': 17, 'per_device_eval_batch_size': 12, 'num_train_epochs': 2, 'weight_decay': 0.006330752561993991, 'model_name': 'prajjwal1/bert-tiny', 'optim': 'adamw_torch'}}",7
0.3018867924528302,1.0,0.463768115942029,0.3029045643153527,1.0,0.46496815286624205,490,54,146,344,16,38,0.5,Heatwaves,event,TINYBERT,event|1,4243,0.8548387096774194,0.9464285714285714,0.8983050847457628,0.908256880733945,0.9252336448598131,0.9166666666666666,"{'model': 'transformer', 'hyperparams': {'class_weights': [0.7114624381065369, 1.6822429895401], 'use_class_weights': 1, 'learning_rate': 9.52283380174833e-05, 'per_device_train_batch_size': 17, 'per_device_eval_batch_size': 12, 'num_train_epochs': 2, 'weight_decay': 0.006330752561993991, 'model_name': 'prajjwal1/bert-tiny', 'optim': 'adamw_torch'}}",8
0.3076923076923077,1.0,0.47058823529411764,0.30103092783505153,1.0,0.46275752773375595,490,54,146,344,16,38,0.5,Heatwaves,event,TINYBERT,event|1,4243,0.8548387096774194,0.9464285714285714,0.8983050847457628,0.908256880733945,0.9252336448598131,0.9166666666666666,"{'model': 'transformer', 'hyperparams': {'class_weights': [0.7114624381065369, 1.6822429895401], 'use_class_weights': 1, 'learning_rate': 9.52283380174833e-05, 'per_device_train_batch_size': 17, 'per_device_eval_batch_size': 12, 'num_train_epochs': 2, 'weight_decay': 0.006330752561993991, 'model_name': 'prajjwal1/bert-tiny', 'optim': 'adamw_torch'}}",9
0.0,0.0,0.0,0.20833333333333334,0.9090909090909091,0.3389830508474576,1010,113,11,999,2,111,0.5,CO2rise,driver,LGBM,driver|0,4243,0.2,0.5,0.2857142857142857,0.38095238095238093,0.8888888888888888,0.5333333333333333,"{'vectoriser': {'ngram_range': [1, 4], 'max_features': 10000, 'min_df': 3}, 'model': 'lightgbm', 'hyperparams': {'objective': 'binary', 'learning_rate': 0.043244617867509376, 'n_estimators': 145, 'num_leaves': 12, 'random_state': None, 'verbose': -1, 'max_depth': 1, 'min_child_samples': 5, 'subsample': 0.5008585950412413, 'colsample_bytree': 0.8026804914778032, 'reg_alpha': 0.8494909610041134, 'reg_lambda': 0.24906613504036096}}",0
0.0,0.0,0.0,0.3333333333333333,0.7272727272727273,0.45714285714285713,1010,113,11,999,2,111,0.5,CO2rise,driver,LGBM,driver|0,4243,0.2,0.5,0.2857142857142857,0.38095238095238093,0.8888888888888888,0.5333333333333333,"{'vectoriser': {'ngram_range': [1, 4], 'max_features': 10000, 'min_df': 3}, 'model': 'lightgbm', 'hyperparams': {'objective': 'binary', 'learning_rate': 0.043244617867509376, 'n_estimators': 145, 'num_leaves': 12, 'random_state': None, 'verbose': -1, 'max_depth': 1, 'min_child_samples': 5, 'subsample': 0.5008585950412413, 'colsample_bytree': 0.8026804914778032, 'reg_alpha': 0.8494909610041134, 'reg_lambda': 0.24906613504036096}}",1
0.0,0.0,0.0,0.23684210526315788,0.8181818181818182,0.3673469387755102,1010,113,11,999,2,111,0.5,CO2rise,driver,LGBM,driver|0,4243,0.2,0.5,0.2857142857142857,0.38095238095238093,0.8888888888888888,0.5333333333333333,"{'vectoriser': {'ngram_range': [1, 4], 'max_features': 10000, 'min_df': 3}, 'model': 'lightgbm', 'hyperparams': {'objective': 'binary', 'learning_rate': 0.043244617867509376, 'n_estimators': 145, 'num_leaves': 12, 'random_state': None, 'verbose': -1, 'max_depth': 1, 'min_child_samples': 5, 'subsample': 0.5008585950412413, 'colsample_bytree': 0.8026804914778032, 'reg_alpha': 0.8494909610041134, 'reg_lambda': 0.24906613504036096}}",2
0.16666666666666666,1.0,0.2857142857142857,0.24324324324324326,0.75,0.3673469387755102,1011,112,12,999,1,111,0.5,CO2rise,driver,LGBM,driver|0,4243,0.2,0.5,0.2857142857142857,0.38095238095238093,0.8888888888888888,0.5333333333333333,"{'vectoriser': {'ngram_range': [1, 4], 'max_features': 10000, 'min_df': 3}, 'model': 'lightgbm', 'hyperparams': {'objective': 'binary', 'learning_rate': 0.043244617867509376, 'n_estimators': 145, 'num_leaves': 12, 'random_state': None, 'verbose': -1, 'max_depth': 1, 'min_child_samples': 5, 'subsample': 0.5008585950412413, 'colsample_bytree': 0.8026804914778032, 'reg_alpha': 0.8494909610041134, 'reg_lambda': 0.24906613504036096}}",3
0.0,0.0,0.0,0.375,0.75,0.5,1011,112,12,999,1,111,0.5,CO2rise,driver,LGBM,driver|0,4243,0.2,0.5,0.2857142857142857,0.38095238095238093,0.8888888888888888,0.5333333333333333,"{'vectoriser': {'ngram_range': [1, 4], 'max_features': 10000, 'min_df': 3}, 'model': 'lightgbm', 'hyperparams': {'objective': 'binary', 'learning_rate': 0.043244617867509376, 'n_estimators': 145, 'num_leaves': 12, 'random_state': None, 'verbose': -1, 'max_depth': 1, 'min_child_samples': 5, 'subsample': 0.5008585950412413, 'colsample_bytree': 0.8026804914778032, 'reg_alpha': 0.8494909610041134, 'reg_lambda': 0.24906613504036096}}",4
0.0,0.0,0.0,0.23529411764705882,0.6666666666666666,0.34782608695652173,1011,112,12,999,1,111,0.5,CO2rise,driver,LGBM,driver|0,4243,0.2,0.5,0.2857142857142857,0.38095238095238093,0.8888888888888888,0.5333333333333333,"{'vectoriser': {'ngram_range': [1, 4], 'max_features': 10000, 'min_df': 3}, 'model': 'lightgbm', 'hyperparams': {'objective': 'binary', 'learning_rate': 0.043244617867509376, 'n_estimators': 145, 'num_leaves': 12, 'random_state': None, 'verbose': -1, 'max_depth': 1, 'min_child_samples': 5, 'subsample': 0.5008585950412413, 'colsample_bytree': 0.8026804914778032, 'reg_alpha': 0.8494909610041134, 'reg_lambda': 0.24906613504036096}}",5
0.25,1.0,0.4,0.2727272727272727,0.75,0.4,1011,112,12,999,1,111,0.5,CO2rise,driver,LGBM,driver|0,4243,0.2,0.5,0.2857142857142857,0.38095238095238093,0.8888888888888888,0.5333333333333333,"{'vectoriser': {'ngram_range': [1, 4], 'max_features': 10000, 'min_df': 3}, 'model': 'lightgbm', 'hyperparams': {'objective': 'binary', 'learning_rate': 0.043244617867509376, 'n_estimators': 145, 'num_leaves': 12, 'random_state': None, 'verbose': -1, 'max_depth': 1, 'min_child_samples': 5, 'subsample': 0.5008585950412413, 'colsample_bytree': 0.8026804914778032, 'reg_alpha': 0.8494909610041134, 'reg_lambda': 0.24906613504036096}}",6
0.5,1.0,0.6666666666666666,0.4230769230769231,0.9166666666666666,0.5789473684210527,1011,112,12,999,1,111,0.5,CO2rise,driver,LGBM,driver|0,4243,0.2,0.5,0.2857142857142857,0.38095238095238093,0.8888888888888888,0.5333333333333333,"{'vectoriser': {'ngram_range': [1, 4], 'max_features': 10000, 'min_df': 3}, 'model': 'lightgbm', 'hyperparams': {'objective': 'binary', 'learning_rate': 0.043244617867509376, 'n_estimators': 145, 'num_leaves': 12, 'random_state': None, 'verbose': -1, 'max_depth': 1, 'min_child_samples': 5, 'subsample': 0.5008585950412413, 'colsample_bytree': 0.8026804914778032, 'reg_alpha': 0.8494909610041134, 'reg_lambda': 0.24906613504036096}}",7
0.2,1.0,0.3333333333333333,0.3,0.75,0.42857142857142855,1011,112,12,999,1,111,0.5,CO2rise,driver,LGBM,driver|0,4243,0.2,0.5,0.2857142857142857,0.38095238095238093,0.8888888888888888,0.5333333333333333,"{'vectoriser': {'ngram_range': [1, 4], 'max_features': 10000, 'min_df': 3}, 'model': 'lightgbm', 'hyperparams': {'objective': 'binary', 'learning_rate': 0.043244617867509376, 'n_estimators': 145, 'num_leaves': 12, 'random_state': None, 'verbose': -1, 'max_depth': 1, 'min_child_samples': 5, 'subsample': 0.5008585950412413, 'colsample_bytree': 0.8026804914778032, 'reg_alpha': 0.8494909610041134, 'reg_lambda': 0.24906613504036096}}",8
0.0,0.0,0.0,0.3448275862068966,0.8333333333333334,0.4878048780487805,1011,112,12,999,1,111,0.5,CO2rise,driver,LGBM,driver|0,4243,0.2,0.5,0.2857142857142857,0.38095238095238093,0.8888888888888888,0.5333333333333333,"{'vectoriser': {'ngram_range': [1, 4], 'max_features': 10000, 'min_df': 3}, 'model': 'lightgbm', 'hyperparams': {'objective': 'binary', 'learning_rate': 0.043244617867509376, 'n_estimators': 145, 'num_leaves': 12, 'random_state': None, 'verbose': -1, 'max_depth': 1, 'min_child_samples': 5, 'subsample': 0.5008585950412413, 'colsample_bytree': 0.8026804914778032, 'reg_alpha': 0.8494909610041134, 'reg_lambda': 0.24906613504036096}}",9
0.6666666666666666,0.8421052631578947,0.7441860465116279,0.8350515463917526,0.9642857142857143,0.8950276243093923,1278,143,168,1110,19,124,0.5,Climate change attribution,attr,SCIBERT,attr|0,4243,0.8064516129032258,0.78125,0.7936507936507936,0.8617886178861789,0.8617886178861789,0.8617886178861789,"{'model': 'transformer', 'hyperparams': {'class_weights': [0.5753676295280457, 3.817073106765747], 'use_class_weights': 1, 'learning_rate': 1.9230589934049606e-05, 'per_device_train_batch_size': 9, 'per_device_eval_batch_size': 12, 'num_train_epochs': 8, 'weight_decay': 0.15471673261139748, 'model_name': 'allenai/scibert_scivocab_uncased', 'optim': 'adamw_torch'}}",0
0.8235294117647058,0.7777777777777778,0.8,0.7932692307692307,0.9763313609467456,0.8753315649867374,1279,142,169,1110,18,124,0.5,Climate change attribution,attr,SCIBERT,attr|0,4243,0.8064516129032258,0.78125,0.7936507936507936,0.8617886178861789,0.8617886178861789,0.8617886178861789,"{'model': 'transformer', 'hyperparams': {'class_weights': [0.5753676295280457, 3.817073106765747], 'use_class_weights': 1, 'learning_rate': 1.9230589934049606e-05, 'per_device_train_batch_size': 9, 'per_device_eval_batch_size': 12, 'num_train_epochs': 8, 'weight_decay': 0.15471673261139748, 'model_name': 'allenai/scibert_scivocab_uncased', 'optim': 'adamw_torch'}}",1
0.6470588235294118,0.6111111111111112,0.6285714285714286,0.841025641025641,0.9704142011834319,0.9010989010989011,1279,142,169,1110,18,124,0.5,Climate change attribution,attr,SCIBERT,attr|0,4243,0.8064516129032258,0.78125,0.7936507936507936,0.8617886178861789,0.8617886178861789,0.8617886178861789,"{'model': 'transformer', 'hyperparams': {'class_weights': [0.5753676295280457, 3.817073106765747], 'use_class_weights': 1, 'learning_rate': 1.9230589934049606e-05, 'per_device_train_batch_size': 9, 'per_device_eval_batch_size': 12, 'num_train_epochs': 8, 'weight_decay': 0.15471673261139748, 'model_name': 'allenai/scibert_scivocab_uncased', 'optim': 'adamw_torch'}}",2
0.6521739130434783,0.8333333333333334,0.7317073170731707,0.81,0.9585798816568047,0.8780487804878049,1279,142,169,1110,18,124,0.5,Climate change attribution,attr,SCIBERT,attr|0,4243,0.8064516129032258,0.78125,0.7936507936507936,0.8617886178861789,0.8617886178861789,0.8617886178861789,"{'model': 'transformer', 'hyperparams': {'class_weights': [0.5753676295280457, 3.817073106765747], 'use_class_weights': 1, 'learning_rate': 1.9230589934049606e-05, 'per_device_train_batch_size': 9, 'per_device_eval_batch_size': 12, 'num_train_epochs': 8, 'weight_decay': 0.15471673261139748, 'model_name': 'allenai/scibert_scivocab_uncased', 'optim': 'adamw_torch'}}",3
0.6818181818181818,0.7894736842105263,0.7317073170731707,0.7892156862745098,0.9583333333333334,0.8655913978494624,1279,142,168,1111,19,123,0.5,Climate change attribution,attr,SCIBERT,attr|0,4243,0.8064516129032258,0.78125,0.7936507936507936,0.8617886178861789,0.8617886178861789,0.8617886178861789,"{'model': 'transformer', 'hyperparams': {'class_weights': [0.5753676295280457, 3.817073106765747], 'use_class_weights': 1, 'learning_rate': 1.9230589934049606e-05, 'per_device_train_batch_size': 9, 'per_device_eval_batch_size': 12, 'num_train_epochs': 8, 'weight_decay': 0.15471673261139748, 'model_name': 'allenai/scibert_scivocab_uncased', 'optim': 'adamw_torch'}}",4
0.5714285714285714,0.8421052631578947,0.6808510638297872,0.7971014492753623,0.9821428571428571,0.88,1279,142,168,1111,19,123,0.5,Climate change attribution,attr,SCIBERT,attr|0,4243,0.8064516129032258,0.78125,0.7936507936507936,0.8617886178861789,0.8617886178861789,0.8617886178861789,"{'model': 'transformer', 'hyperparams': {'class_weights': [0.5753676295280457, 3.817073106765747], 'use_class_weights': 1, 'learning_rate': 1.9230589934049606e-05, 'per_device_train_batch_size': 9, 'per_device_eval_batch_size': 12, 'num_train_epochs': 8, 'weight_decay': 0.15471673261139748, 'model_name': 'allenai/scibert_scivocab_uncased', 'optim': 'adamw_torch'}}",5
0.7272727272727273,0.8421052631578947,0.7804878048780488,0.8181818181818182,0.9642857142857143,0.8852459016393442,1279,142,168,1111,19,123,0.5,Climate change attribution,attr,SCIBERT,attr|0,4243,0.8064516129032258,0.78125,0.7936507936507936,0.8617886178861789,0.8617886178861789,0.8617886178861789,"{'model': 'transformer', 'hyperparams': {'class_weights': [0.5753676295280457, 3.817073106765747], 'use_class_weights': 1, 'learning_rate': 1.9230589934049606e-05, 'per_device_train_batch_size': 9, 'per_device_eval_batch_size': 12, 'num_train_epochs': 8, 'weight_decay': 0.15471673261139748, 'model_name': 'allenai/scibert_scivocab_uncased', 'optim': 'adamw_torch'}}",6
0.6666666666666666,0.7368421052631579,0.7,0.8153846153846154,0.9464285714285714,0.8760330578512396,1279,142,168,1111,19,123,0.5,Climate change attribution,attr,SCIBERT,attr|0,4243,0.8064516129032258,0.78125,0.7936507936507936,0.8617886178861789,0.8617886178861789,0.8617886178861789,"{'model': 'transformer', 'hyperparams': {'class_weights': [0.5753676295280457, 3.817073106765747], 'use_class_weights': 1, 'learning_rate': 1.9230589934049606e-05, 'per_device_train_batch_size': 9, 'per_device_eval_batch_size': 12, 'num_train_epochs': 8, 'weight_decay': 0.15471673261139748, 'model_name': 'allenai/scibert_scivocab_uncased', 'optim': 'adamw_torch'}}",7
0.6875,0.5789473684210527,0.6285714285714286,0.8232323232323232,0.9702380952380952,0.8907103825136612,1279,142,168,1111,19,123,0.5,Climate change attribution,attr,SCIBERT,attr|0,4243,0.8064516129032258,0.78125,0.7936507936507936,0.8617886178861789,0.8617886178861789,0.8617886178861789,"{'model': 'transformer', 'hyperparams': {'class_weights': [0.5753676295280457, 3.817073106765747], 'use_class_weights': 1, 'learning_rate': 1.9230589934049606e-05, 'per_device_train_batch_size': 9, 'per_device_eval_batch_size': 12, 'num_train_epochs': 8, 'weight_decay': 0.15471673261139748, 'model_name': 'allenai/scibert_scivocab_uncased', 'optim': 'adamw_torch'}}",8
0.5625,0.9473684210526315,0.7058823529411765,0.7536231884057971,0.9285714285714286,0.832,1279,142,168,1111,19,123,0.5,Climate change attribution,attr,SCIBERT,attr|0,4243,0.8064516129032258,0.78125,0.7936507936507936,0.8617886178861789,0.8617886178861789,0.8617886178861789,"{'model': 'transformer', 'hyperparams': {'class_weights': [0.5753676295280457, 3.817073106765747], 'use_class_weights': 1, 'learning_rate': 1.9230589934049606e-05, 'per_device_train_batch_size': 9, 'per_device_eval_batch_size': 12, 'num_train_epochs': 8, 'weight_decay': 0.15471673261139748, 'model_name': 'allenai/scibert_scivocab_uncased', 'optim': 'adamw_torch'}}",9
0.8283582089552238,0.7655172413793103,0.7956989247311828,0.9505271695052717,0.9036237471087124,0.9264822134387352,2357,262,1297,1060,145,117,0.5,Relevant (impacts),rel_impacts,CLIMATEBERT,rel_impacts|1,4243,0.867237687366167,0.823170731707317,0.8446298227320125,0.9188888888888889,0.8677859391395593,0.8926065839179709,"{'model': 'transformer', 'hyperparams': {'class_weights': [1.1132560968399048, 0.9076600074768066], 'use_class_weights': 1, 'learning_rate': 2.2492722179444888e-05, 'per_device_train_batch_size': 4, 'per_device_eval_batch_size': 12, 'num_train_epochs': 4, 'weight_decay': 0.1876390898076309, 'model_name': 'climatebert/distilroberta-base-climate-f', 'optim': 'adamw_torch'}}",0
0.890625,0.7862068965517242,0.8351648351648352,0.9610499576629975,0.8750963762528913,0.9160613397901534,2357,262,1297,1060,145,117,0.5,Relevant (impacts),rel_impacts,CLIMATEBERT,rel_impacts|1,4243,0.867237687366167,0.823170731707317,0.8446298227320125,0.9188888888888889,0.8677859391395593,0.8926065839179709,"{'model': 'transformer', 'hyperparams': {'class_weights': [1.1132560968399048, 0.9076600074768066], 'use_class_weights': 1, 'learning_rate': 2.2492722179444888e-05, 'per_device_train_batch_size': 4, 'per_device_eval_batch_size': 12, 'num_train_epochs': 4, 'weight_decay': 0.1876390898076309, 'model_name': 'climatebert/distilroberta-base-climate-f', 'optim': 'adamw_torch'}}",1
0.8978102189781022,0.8541666666666666,0.8754448398576512,0.9512605042016806,0.8721109399075501,0.909967845659164,2357,262,1298,1059,144,118,0.5,Relevant (impacts),rel_impacts,CLIMATEBERT,rel_impacts|1,4243,0.867237687366167,0.823170731707317,0.8446298227320125,0.9188888888888889,0.8677859391395593,0.8926065839179709,"{'model': 'transformer', 'hyperparams': {'class_weights': [1.1132560968399048, 0.9076600074768066], 'use_class_weights': 1, 'learning_rate': 2.2492722179444888e-05, 'per_device_train_batch_size': 4, 'per_device_eval_batch_size': 12, 'num_train_epochs': 4, 'weight_decay': 0.1876390898076309, 'model_name': 'climatebert/distilroberta-base-climate-f', 'optim': 'adamw_torch'}}",2
0.9180327868852459,0.7777777777777778,0.8421052631578947,0.9628975265017667,0.8397534668721109,0.897119341563786,2357,262,1298,1059,144,118,0.5,Relevant (impacts),rel_impacts,CLIMATEBERT,rel_impacts|1,4243,0.867237687366167,0.823170731707317,0.8446298227320125,0.9188888888888889,0.8677859391395593,0.8926065839179709,"{'model': 'transformer', 'hyperparams': {'class_weights': [1.1132560968399048, 0.9076600074768066], 'use_class_weights': 1, 'learning_rate': 2.2492722179444888e-05, 'per_device_train_batch_size': 4, 'per_device_eval_batch_size': 12, 'num_train_epochs': 4, 'weight_decay': 0.1876390898076309, 'model_name': 'climatebert/distilroberta-base-climate-f', 'optim': 'adamw_torch'}}",3
0.8356164383561644,0.8472222222222222,0.8413793103448276,0.9421352893235534,0.8906009244992296,0.9156435643564357,2357,262,1298,1059,144,118,0.5,Relevant (impacts),rel_impacts,CLIMATEBERT,rel_impacts|1,4243,0.867237687366167,0.823170731707317,0.8446298227320125,0.9188888888888889,0.8677859391395593,0.8926065839179709,"{'model': 'transformer', 'hyperparams': {'class_weights': [1.1132560968399048, 0.9076600074768066], 'use_class_weights': 1, 'learning_rate': 2.2492722179444888e-05, 'per_device_train_batch_size': 4, 'per_device_eval_batch_size': 12, 'num_train_epochs': 4, 'weight_decay': 0.1876390898076309, 'model_name': 'climatebert/distilroberta-base-climate-f', 'optim': 'adamw_torch'}}",4
0.8863636363636364,0.8125,0.8478260869565217,0.9466221851542952,0.8744221879815101,0.9090909090909091,2357,262,1298,1059,144,118,0.5,Relevant (impacts),rel_impacts,CLIMATEBERT,rel_impacts|1,4243,0.867237687366167,0.823170731707317,0.8446298227320125,0.9188888888888889,0.8677859391395593,0.8926065839179709,"{'model': 'transformer', 'hyperparams': {'class_weights': [1.1132560968399048, 0.9076600074768066], 'use_class_weights': 1, 'learning_rate': 2.2492722179444888e-05, 'per_device_train_batch_size': 4, 'per_device_eval_batch_size': 12, 'num_train_epochs': 4, 'weight_decay': 0.1876390898076309, 'model_name': 'climatebert/distilroberta-base-climate-f', 'optim': 'adamw_torch'}}",5
0.8450704225352113,0.8333333333333334,0.8391608391608392,0.938610662358643,0.8952234206471494,0.916403785488959,2357,262,1298,1059,144,118,0.5,Relevant (impacts),rel_impacts,CLIMATEBERT,rel_impacts|1,4243,0.867237687366167,0.823170731707317,0.8446298227320125,0.9188888888888889,0.8677859391395593,0.8926065839179709,"{'model': 'transformer', 'hyperparams': {'class_weights': [1.1132560968399048, 0.9076600074768066], 'use_class_weights': 1, 'learning_rate': 2.2492722179444888e-05, 'per_device_train_batch_size': 4, 'per_device_eval_batch_size': 12, 'num_train_epochs': 4, 'weight_decay': 0.1876390898076309, 'model_name': 'climatebert/distilroberta-base-climate-f', 'optim': 'adamw_torch'}}",6
0.8785714285714286,0.8541666666666666,0.8661971830985915,0.9605373635600336,0.8813559322033898,0.9192446765769385,2357,262,1298,1059,144,118,0.5,Relevant (impacts),rel_impacts,CLIMATEBERT,rel_impacts|1,4243,0.867237687366167,0.823170731707317,0.8446298227320125,0.9188888888888889,0.8677859391395593,0.8926065839179709,"{'model': 'transformer', 'hyperparams': {'class_weights': [1.1132560968399048, 0.9076600074768066], 'use_class_weights': 1, 'learning_rate': 2.2492722179444888e-05, 'per_device_train_batch_size': 4, 'per_device_eval_batch_size': 12, 'num_train_epochs': 4, 'weight_decay': 0.1876390898076309, 'model_name': 'climatebert/distilroberta-base-climate-f', 'optim': 'adamw_torch'}}",7
0.8226950354609929,0.8055555555555556,0.8140350877192982,0.9542048293089093,0.8828967642526965,0.9171668667466987,2357,262,1298,1059,144,118,0.5,Relevant (impacts),rel_impacts,CLIMATEBERT,rel_impacts|1,4243,0.867237687366167,0.823170731707317,0.8446298227320125,0.9188888888888889,0.8677859391395593,0.8926065839179709,"{'model': 'transformer', 'hyperparams': {'class_weights': [1.1132560968399048, 0.9076600074768066], 'use_class_weights': 1, 'learning_rate': 2.2492722179444888e-05, 'per_device_train_batch_size': 4, 'per_device_eval_batch_size': 12, 'num_train_epochs': 4, 'weight_decay': 0.1876390898076309, 'model_name': 'climatebert/distilroberta-base-climate-f', 'optim': 'adamw_torch'}}",8
0.8978102189781022,0.8541666666666666,0.8754448398576512,0.947103274559194,0.8690292758089369,0.9063881076737645,2358,261,1298,1060,144,117,0.5,Relevant (impacts),rel_impacts,CLIMATEBERT,rel_impacts|1,4243,0.867237687366167,0.823170731707317,0.8446298227320125,0.9188888888888889,0.8677859391395593,0.8926065839179709,"{'model': 'transformer', 'hyperparams': {'class_weights': [1.1132560968399048, 0.9076600074768066], 'use_class_weights': 1, 'learning_rate': 2.2492722179444888e-05, 'per_device_train_batch_size': 4, 'per_device_eval_batch_size': 12, 'num_train_epochs': 4, 'weight_decay': 0.1876390898076309, 'model_name': 'climatebert/distilroberta-base-climate-f', 'optim': 'adamw_torch'}}",9
0.7236842105263158,0.9482758620689655,0.8208955223880597,0.8491343775762572,0.9884836852207294,0.9135254988913526,2108,235,1042,1066,116,119,0.5,Relevant (major category),rel_major,SCIBERT,rel_major|1,4243,0.7387755102040816,0.9187817258883249,0.8190045248868778,0.8289183222958058,0.9829842931937173,0.8994011976047904,"{'model': 'transformer', 'hyperparams': {'class_weights': [0.9860050678253174, 1.0143978595733643], 'use_class_weights': 1, 'learning_rate': 1.4345666586825079e-05, 'per_device_train_batch_size': 5, 'per_device_eval_batch_size': 12, 'num_train_epochs': 6, 'weight_decay': 0.12364386361244169, 'model_name': 'allenai/scibert_scivocab_uncased', 'optim': 'adamw_torch'}}",0
0.7328767123287672,0.9224137931034483,0.816793893129771,0.8765112262521589,0.974088291746641,0.9227272727272727,2108,235,1042,1066,116,119,0.5,Relevant (major category),rel_major,SCIBERT,rel_major|1,4243,0.7387755102040816,0.9187817258883249,0.8190045248868778,0.8289183222958058,0.9829842931937173,0.8994011976047904,"{'model': 'transformer', 'hyperparams': {'class_weights': [0.9860050678253174, 1.0143978595733643], 'use_class_weights': 1, 'learning_rate': 1.4345666586825079e-05, 'per_device_train_batch_size': 5, 'per_device_eval_batch_size': 12, 'num_train_epochs': 6, 'weight_decay': 0.12364386361244169, 'model_name': 'allenai/scibert_scivocab_uncased', 'optim': 'adamw_torch'}}",1
0.7133333333333334,0.9224137931034483,0.8045112781954887,0.8386308068459658,0.9875239923224568,0.9070074922873512,2108,235,1042,1066,116,119,0.5,Relevant (major category),rel_major,SCIBERT,rel_major|1,4243,0.7387755102040816,0.9187817258883249,0.8190045248868778,0.8289183222958058,0.9829842931937173,0.8994011976047904,"{'model': 'transformer', 'hyperparams': {'class_weights': [0.9860050678253174, 1.0143978595733643], 'use_class_weights': 1, 'learning_rate': 1.4345666586825079e-05, 'per_device_train_batch_size': 5, 'per_device_eval_batch_size': 12, 'num_train_epochs': 6, 'weight_decay': 0.12364386361244169, 'model_name': 'allenai/scibert_scivocab_uncased', 'optim': 'adamw_torch'}}",2
0.7569444444444444,0.9478260869565217,0.8416988416988417,0.8444995864350703,0.9789069990412272,0.9067495559502664,2109,234,1043,1066,115,119,0.5,Relevant (major category),rel_major,SCIBERT,rel_major|1,4243,0.7387755102040816,0.9187817258883249,0.8190045248868778,0.8289183222958058,0.9829842931937173,0.8994011976047904,"{'model': 'transformer', 'hyperparams': {'class_weights': [0.9860050678253174, 1.0143978595733643], 'use_class_weights': 1, 'learning_rate': 1.4345666586825079e-05, 'per_device_train_batch_size': 5, 'per_device_eval_batch_size': 12, 'num_train_epochs': 6, 'weight_decay': 0.12364386361244169, 'model_name': 'allenai/scibert_scivocab_uncased', 'optim': 'adamw_torch'}}",3
0.7,0.9130434782608695,0.7924528301886793,0.8329278183292782,0.9846596356663471,0.9024604569420035,2109,234,1043,1066,115,119,0.5,Relevant (major category),rel_major,SCIBERT,rel_major|1,4243,0.7387755102040816,0.9187817258883249,0.8190045248868778,0.8289183222958058,0.9829842931937173,0.8994011976047904,"{'model': 'transformer', 'hyperparams': {'class_weights': [0.9860050678253174, 1.0143978595733643], 'use_class_weights': 1, 'learning_rate': 1.4345666586825079e-05, 'per_device_train_batch_size': 5, 'per_device_eval_batch_size': 12, 'num_train_epochs': 6, 'weight_decay': 0.12364386361244169, 'model_name': 'allenai/scibert_scivocab_uncased', 'optim': 'adamw_torch'}}",4
0.7342657342657343,0.9051724137931034,0.8108108108108109,0.8584745762711864,0.972168905950096,0.9117911791179117,2109,234,1042,1067,116,118,0.5,Relevant (major category),rel_major,SCIBERT,rel_major|1,4243,0.7387755102040816,0.9187817258883249,0.8190045248868778,0.8289183222958058,0.9829842931937173,0.8994011976047904,"{'model': 'transformer', 'hyperparams': {'class_weights': [0.9860050678253174, 1.0143978595733643], 'use_class_weights': 1, 'learning_rate': 1.4345666586825079e-05, 'per_device_train_batch_size': 5, 'per_device_eval_batch_size': 12, 'num_train_epochs': 6, 'weight_decay': 0.12364386361244169, 'model_name': 'allenai/scibert_scivocab_uncased', 'optim': 'adamw_torch'}}",5
0.762589928057554,0.9137931034482759,0.8313725490196079,0.833605220228385,0.980806142034549,0.9012345679012346,2109,234,1042,1067,116,118,0.5,Relevant (major category),rel_major,SCIBERT,rel_major|1,4243,0.7387755102040816,0.9187817258883249,0.8190045248868778,0.8289183222958058,0.9829842931937173,0.8994011976047904,"{'model': 'transformer', 'hyperparams': {'class_weights': [0.9860050678253174, 1.0143978595733643], 'use_class_weights': 1, 'learning_rate': 1.4345666586825079e-05, 'per_device_train_batch_size': 5, 'per_device_eval_batch_size': 12, 'num_train_epochs': 6, 'weight_decay': 0.12364386361244169, 'model_name': 'allenai/scibert_scivocab_uncased', 'optim': 'adamw_torch'}}",6
0.7350993377483444,0.9568965517241379,0.8314606741573034,0.8311582381729201,0.9779270633397313,0.8985890652557319,2109,234,1042,1067,116,118,0.5,Relevant (major category),rel_major,SCIBERT,rel_major|1,4243,0.7387755102040816,0.9187817258883249,0.8190045248868778,0.8289183222958058,0.9829842931937173,0.8994011976047904,"{'model': 'transformer', 'hyperparams': {'class_weights': [0.9860050678253174, 1.0143978595733643], 'use_class_weights': 1, 'learning_rate': 1.4345666586825079e-05, 'per_device_train_batch_size': 5, 'per_device_eval_batch_size': 12, 'num_train_epochs': 6, 'weight_decay': 0.12364386361244169, 'model_name': 'allenai/scibert_scivocab_uncased', 'optim': 'adamw_torch'}}",7
0.7397260273972602,0.9310344827586207,0.8244274809160306,0.841714756801319,0.9798464491362764,0.9055432372505543,2109,234,1042,1067,116,118,0.5,Relevant (major category),rel_major,SCIBERT,rel_major|1,4243,0.7387755102040816,0.9187817258883249,0.8190045248868778,0.8289183222958058,0.9829842931937173,0.8994011976047904,"{'model': 'transformer', 'hyperparams': {'class_weights': [0.9860050678253174, 1.0143978595733643], 'use_class_weights': 1, 'learning_rate': 1.4345666586825079e-05, 'per_device_train_batch_size': 5, 'per_device_eval_batch_size': 12, 'num_train_epochs': 6, 'weight_decay': 0.12364386361244169, 'model_name': 'allenai/scibert_scivocab_uncased', 'optim': 'adamw_torch'}}",8
0.7346938775510204,0.9310344827586207,0.8212927756653993,0.8459616985845129,0.9750479846449136,0.9059295586268391,2109,234,1042,1067,116,118,0.5,Relevant (major category),rel_major,SCIBERT,rel_major|1,4243,0.7387755102040816,0.9187817258883249,0.8190045248868778,0.8289183222958058,0.9829842931937173,0.8994011976047904,"{'model': 'transformer', 'hyperparams': {'class_weights': [0.9860050678253174, 1.0143978595733643], 'use_class_weights': 1, 'learning_rate': 1.4345666586825079e-05, 'per_device_train_batch_size': 5, 'per_device_eval_batch_size': 12, 'num_train_epochs': 6, 'weight_decay': 0.12364386361244169, 'model_name': 'allenai/scibert_scivocab_uncased', 'optim': 'adamw_torch'}}",9
0.8571428571428571,0.8181818181818182,0.8372093023255814,0.8558139534883721,0.9633507853403142,0.9064039408866995,1250,139,191,1059,22,117,0.5,Respiratory disease,health,SCIBERT,health|12,4243,0.8641975308641975,0.958904109589041,0.9090909090909091,0.8397435897435898,0.9357142857142857,0.8851351351351351,"{'model': 'transformer', 'hyperparams': {'class_weights': [0.5899742841720581, 3.278571367263794], 'use_class_weights': 1, 'learning_rate': 1.64491636643241e-05, 'per_device_train_batch_size': 2, 'per_device_eval_batch_size': 12, 'num_train_epochs': 10, 'weight_decay': 0.24068126251564242, 'model_name': 'allenai/scibert_scivocab_uncased', 'optim': 'adamw_torch'}}",0
0.8260869565217391,0.8636363636363636,0.8444444444444444,0.8720379146919431,0.9633507853403142,0.9154228855721394,1250,139,191,1059,22,117,0.5,Respiratory disease,health,SCIBERT,health|12,4243,0.8641975308641975,0.958904109589041,0.9090909090909091,0.8397435897435898,0.9357142857142857,0.8851351351351351,"{'model': 'transformer', 'hyperparams': {'class_weights': [0.5899742841720581, 3.278571367263794], 'use_class_weights': 1, 'learning_rate': 1.64491636643241e-05, 'per_device_train_batch_size': 2, 'per_device_eval_batch_size': 12, 'num_train_epochs': 10, 'weight_decay': 0.24068126251564242, 'model_name': 'allenai/scibert_scivocab_uncased', 'optim': 'adamw_torch'}}",1
0.8333333333333334,0.9090909090909091,0.8695652173913043,0.8486238532110092,0.9685863874345549,0.9046454767726161,1250,139,191,1059,22,117,0.5,Respiratory disease,health,SCIBERT,health|12,4243,0.8641975308641975,0.958904109589041,0.9090909090909091,0.8397435897435898,0.9357142857142857,0.8851351351351351,"{'model': 'transformer', 'hyperparams': {'class_weights': [0.5899742841720581, 3.278571367263794], 'use_class_weights': 1, 'learning_rate': 1.64491636643241e-05, 'per_device_train_batch_size': 2, 'per_device_eval_batch_size': 12, 'num_train_epochs': 10, 'weight_decay': 0.24068126251564242, 'model_name': 'allenai/scibert_scivocab_uncased', 'optim': 'adamw_torch'}}",2
0.84,1.0,0.9130434782608695,0.8743961352657005,0.9427083333333334,0.9072681704260651,1250,139,192,1058,21,118,0.5,Respiratory disease,health,SCIBERT,health|12,4243,0.8641975308641975,0.958904109589041,0.9090909090909091,0.8397435897435898,0.9357142857142857,0.8851351351351351,"{'model': 'transformer', 'hyperparams': {'class_weights': [0.5899742841720581, 3.278571367263794], 'use_class_weights': 1, 'learning_rate': 1.64491636643241e-05, 'per_device_train_batch_size': 2, 'per_device_eval_batch_size': 12, 'num_train_epochs': 10, 'weight_decay': 0.24068126251564242, 'model_name': 'allenai/scibert_scivocab_uncased', 'optim': 'adamw_torch'}}",3
0.76,0.9047619047619048,0.8260869565217391,0.8660287081339713,0.9427083333333334,0.9027431421446384,1250,139,192,1058,21,118,0.5,Respiratory disease,health,SCIBERT,health|12,4243,0.8641975308641975,0.958904109589041,0.9090909090909091,0.8397435897435898,0.9357142857142857,0.8851351351351351,"{'model': 'transformer', 'hyperparams': {'class_weights': [0.5899742841720581, 3.278571367263794], 'use_class_weights': 1, 'learning_rate': 1.64491636643241e-05, 'per_device_train_batch_size': 2, 'per_device_eval_batch_size': 12, 'num_train_epochs': 10, 'weight_decay': 0.24068126251564242, 'model_name': 'allenai/scibert_scivocab_uncased', 'optim': 'adamw_torch'}}",4
0.8333333333333334,0.9523809523809523,0.8888888888888888,0.8811881188118812,0.9270833333333334,0.9035532994923858,1250,139,192,1058,21,118,0.5,Respiratory disease,health,SCIBERT,health|12,4243,0.8641975308641975,0.958904109589041,0.9090909090909091,0.8397435897435898,0.9357142857142857,0.8851351351351351,"{'model': 'transformer', 'hyperparams': {'class_weights': [0.5899742841720581, 3.278571367263794], 'use_class_weights': 1, 'learning_rate': 1.64491636643241e-05, 'per_device_train_batch_size': 2, 'per_device_eval_batch_size': 12, 'num_train_epochs': 10, 'weight_decay': 0.24068126251564242, 'model_name': 'allenai/scibert_scivocab_uncased', 'optim': 'adamw_torch'}}",5
0.7307692307692307,0.9047619047619048,0.8085106382978723,0.8605769230769231,0.9322916666666666,0.895,1250,139,192,1058,21,118,0.5,Respiratory disease,health,SCIBERT,health|12,4243,0.8641975308641975,0.958904109589041,0.9090909090909091,0.8397435897435898,0.9357142857142857,0.8851351351351351,"{'model': 'transformer', 'hyperparams': {'class_weights': [0.5899742841720581, 3.278571367263794], 'use_class_weights': 1, 'learning_rate': 1.64491636643241e-05, 'per_device_train_batch_size': 2, 'per_device_eval_batch_size': 12, 'num_train_epochs': 10, 'weight_decay': 0.24068126251564242, 'model_name': 'allenai/scibert_scivocab_uncased', 'optim': 'adamw_torch'}}",6
0.8636363636363636,0.9047619047619048,0.8837209302325582,0.861904761904762,0.9427083333333334,0.900497512437811,1250,139,192,1058,21,118,0.5,Respiratory disease,health,SCIBERT,health|12,4243,0.8641975308641975,0.958904109589041,0.9090909090909091,0.8397435897435898,0.9357142857142857,0.8851351351351351,"{'model': 'transformer', 'hyperparams': {'class_weights': [0.5899742841720581, 3.278571367263794], 'use_class_weights': 1, 'learning_rate': 1.64491636643241e-05, 'per_device_train_batch_size': 2, 'per_device_eval_batch_size': 12, 'num_train_epochs': 10, 'weight_decay': 0.24068126251564242, 'model_name': 'allenai/scibert_scivocab_uncased', 'optim': 'adamw_torch'}}",7
0.8571428571428571,0.8571428571428571,0.8571428571428571,0.8632075471698113,0.953125,0.905940594059406,1250,139,192,1058,21,118,0.5,Respiratory disease,health,SCIBERT,health|12,4243,0.8641975308641975,0.958904109589041,0.9090909090909091,0.8397435897435898,0.9357142857142857,0.8851351351351351,"{'model': 'transformer', 'hyperparams': {'class_weights': [0.5899742841720581, 3.278571367263794], 'use_class_weights': 1, 'learning_rate': 1.64491636643241e-05, 'per_device_train_batch_size': 2, 'per_device_eval_batch_size': 12, 'num_train_epochs': 10, 'weight_decay': 0.24068126251564242, 'model_name': 'allenai/scibert_scivocab_uncased', 'optim': 'adamw_torch'}}",8
0.84,1.0,0.9130434782608695,0.8530805687203792,0.9375,0.8933002481389578,1251,138,192,1059,21,117,0.5,Respiratory disease,health,SCIBERT,health|12,4243,0.8641975308641975,0.958904109589041,0.9090909090909091,0.8397435897435898,0.9357142857142857,0.8851351351351351,"{'model': 'transformer', 'hyperparams': {'class_weights': [0.5899742841720581, 3.278571367263794], 'use_class_weights': 1, 'learning_rate': 1.64491636643241e-05, 'per_device_train_batch_size': 2, 'per_device_eval_batch_size': 12, 'num_train_epochs': 10, 'weight_decay': 0.24068126251564242, 'model_name': 'allenai/scibert_scivocab_uncased', 'optim': 'adamw_torch'}}",9
0.7777777777777778,1.0,0.875,0.832258064516129,0.9699248120300752,0.8958333333333334,1250,139,133,1117,14,125,0.5,Cardiovascular disease,health,SCIBERT,health|2,4243,0.7833333333333333,0.94,0.8545454545454545,0.811965811965812,0.979381443298969,0.8878504672897196,"{'model': 'transformer', 'hyperparams': {'class_weights': [0.5590742826461792, 4.731958866119385], 'use_class_weights': 1, 'learning_rate': 7.920390289641138e-06, 'per_device_train_batch_size': 9, 'per_device_eval_batch_size': 12, 'num_train_epochs': 6, 'weight_decay': 0.26627289162787143, 'model_name': 'allenai/scibert_scivocab_uncased', 'optim': 'adamw_torch'}}",0
0.7647058823529411,0.9285714285714286,0.8387096774193549,0.8024691358024691,0.9774436090225563,0.8813559322033898,1250,139,133,1117,14,125,0.5,Cardiovascular disease,health,SCIBERT,health|2,4243,0.7833333333333333,0.94,0.8545454545454545,0.811965811965812,0.979381443298969,0.8878504672897196,"{'model': 'transformer', 'hyperparams': {'class_weights': [0.5590742826461792, 4.731958866119385], 'use_class_weights': 1, 'learning_rate': 7.920390289641138e-06, 'per_device_train_batch_size': 9, 'per_device_eval_batch_size': 12, 'num_train_epochs': 6, 'weight_decay': 0.26627289162787143, 'model_name': 'allenai/scibert_scivocab_uncased', 'optim': 'adamw_torch'}}",1
0.6666666666666666,0.9333333333333333,0.7777777777777778,0.8387096774193549,0.9848484848484849,0.9059233449477352,1250,139,132,1118,15,124,0.5,Cardiovascular disease,health,SCIBERT,health|2,4243,0.7833333333333333,0.94,0.8545454545454545,0.811965811965812,0.979381443298969,0.8878504672897196,"{'model': 'transformer', 'hyperparams': {'class_weights': [0.5590742826461792, 4.731958866119385], 'use_class_weights': 1, 'learning_rate': 7.920390289641138e-06, 'per_device_train_batch_size': 9, 'per_device_eval_batch_size': 12, 'num_train_epochs': 6, 'weight_decay': 0.26627289162787143, 'model_name': 'allenai/scibert_scivocab_uncased', 'optim': 'adamw_torch'}}",2
0.7777777777777778,0.9333333333333333,0.8484848484848485,0.8,0.9696969696969697,0.8767123287671232,1250,139,132,1118,15,124,0.5,Cardiovascular disease,health,SCIBERT,health|2,4243,0.7833333333333333,0.94,0.8545454545454545,0.811965811965812,0.979381443298969,0.8878504672897196,"{'model': 'transformer', 'hyperparams': {'class_weights': [0.5590742826461792, 4.731958866119385], 'use_class_weights': 1, 'learning_rate': 7.920390289641138e-06, 'per_device_train_batch_size': 9, 'per_device_eval_batch_size': 12, 'num_train_epochs': 6, 'weight_decay': 0.26627289162787143, 'model_name': 'allenai/scibert_scivocab_uncased', 'optim': 'adamw_torch'}}",3
0.9285714285714286,0.8666666666666667,0.896551724137931,0.8410596026490066,0.9621212121212122,0.8975265017667845,1250,139,132,1118,15,124,0.5,Cardiovascular disease,health,SCIBERT,health|2,4243,0.7833333333333333,0.94,0.8545454545454545,0.811965811965812,0.979381443298969,0.8878504672897196,"{'model': 'transformer', 'hyperparams': {'class_weights': [0.5590742826461792, 4.731958866119385], 'use_class_weights': 1, 'learning_rate': 7.920390289641138e-06, 'per_device_train_batch_size': 9, 'per_device_eval_batch_size': 12, 'num_train_epochs': 6, 'weight_decay': 0.26627289162787143, 'model_name': 'allenai/scibert_scivocab_uncased', 'optim': 'adamw_torch'}}",4
0.7368421052631579,0.9333333333333333,0.8235294117647058,0.7724550898203593,0.9772727272727273,0.862876254180602,1250,139,132,1118,15,124,0.5,Cardiovascular disease,health,SCIBERT,health|2,4243,0.7833333333333333,0.94,0.8545454545454545,0.811965811965812,0.979381443298969,0.8878504672897196,"{'model': 'transformer', 'hyperparams': {'class_weights': [0.5590742826461792, 4.731958866119385], 'use_class_weights': 1, 'learning_rate': 7.920390289641138e-06, 'per_device_train_batch_size': 9, 'per_device_eval_batch_size': 12, 'num_train_epochs': 6, 'weight_decay': 0.26627289162787143, 'model_name': 'allenai/scibert_scivocab_uncased', 'optim': 'adamw_torch'}}",5
0.65,0.8666666666666667,0.7428571428571429,0.8227848101265823,0.9848484848484849,0.896551724137931,1250,139,132,1118,15,124,0.5,Cardiovascular disease,health,SCIBERT,health|2,4243,0.7833333333333333,0.94,0.8545454545454545,0.811965811965812,0.979381443298969,0.8878504672897196,"{'model': 'transformer', 'hyperparams': {'class_weights': [0.5590742826461792, 4.731958866119385], 'use_class_weights': 1, 'learning_rate': 7.920390289641138e-06, 'per_device_train_batch_size': 9, 'per_device_eval_batch_size': 12, 'num_train_epochs': 6, 'weight_decay': 0.26627289162787143, 'model_name': 'allenai/scibert_scivocab_uncased', 'optim': 'adamw_torch'}}",6
0.9333333333333333,0.9333333333333333,0.9333333333333333,0.8,0.9696969696969697,0.8767123287671232,1250,139,132,1118,15,124,0.5,Cardiovascular disease,health,SCIBERT,health|2,4243,0.7833333333333333,0.94,0.8545454545454545,0.811965811965812,0.979381443298969,0.8878504672897196,"{'model': 'transformer', 'hyperparams': {'class_weights': [0.5590742826461792, 4.731958866119385], 'use_class_weights': 1, 'learning_rate': 7.920390289641138e-06, 'per_device_train_batch_size': 9, 'per_device_eval_batch_size': 12, 'num_train_epochs': 6, 'weight_decay': 0.26627289162787143, 'model_name': 'allenai/scibert_scivocab_uncased', 'optim': 'adamw_torch'}}",7
0.8571428571428571,0.8,0.8275862068965517,0.8366013071895425,0.9696969696969697,0.8982456140350877,1250,139,132,1118,15,124,0.5,Cardiovascular disease,health,SCIBERT,health|2,4243,0.7833333333333333,0.94,0.8545454545454545,0.811965811965812,0.979381443298969,0.8878504672897196,"{'model': 'transformer', 'hyperparams': {'class_weights': [0.5590742826461792, 4.731958866119385], 'use_class_weights': 1, 'learning_rate': 7.920390289641138e-06, 'per_device_train_batch_size': 9, 'per_device_eval_batch_size': 12, 'num_train_epochs': 6, 'weight_decay': 0.26627289162787143, 'model_name': 'allenai/scibert_scivocab_uncased', 'optim': 'adamw_torch'}}",8
0.6190476190476191,0.9285714285714286,0.7428571428571429,0.8707482993197279,0.9624060150375939,0.9142857142857143,1251,138,133,1118,14,124,0.5,Cardiovascular disease,health,SCIBERT,health|2,4243,0.7833333333333333,0.94,0.8545454545454545,0.811965811965812,0.979381443298969,0.8878504672897196,"{'model': 'transformer', 'hyperparams': {'class_weights': [0.5590742826461792, 4.731958866119385], 'use_class_weights': 1, 'learning_rate': 7.920390289641138e-06, 'per_device_train_batch_size': 9, 'per_device_eval_batch_size': 12, 'num_train_epochs': 6, 'weight_decay': 0.26627289162787143, 'model_name': 'allenai/scibert_scivocab_uncased', 'optim': 'adamw_torch'}}",9
0.9,0.9310344827586207,0.9152542372881356,0.9384615384615385,0.9682539682539683,0.953125,1010,113,252,758,29,84,0.5,Changes in humidity,driver,TINYBERT,driver|6,4243,0.9306930693069307,0.9791666666666666,0.9543147208121827,0.9072164948453608,0.9513513513513514,0.9287598944591029,"{'model': 'transformer', 'hyperparams': {'class_weights': [0.6657705903053284, 2.008108139038086], 'use_class_weights': 1, 'learning_rate': 0.00017139445947031694, 'per_device_train_batch_size': 20, 'per_device_eval_batch_size': 12, 'num_train_epochs': 6, 'weight_decay': 0.011192764992264376, 'model_name': 'prajjwal1/bert-tiny', 'optim': 'adamw_torch'}}",0
0.84375,0.9642857142857143,0.9,0.9132075471698113,0.9565217391304348,0.9343629343629344,1010,113,253,757,28,85,0.5,Changes in humidity,driver,TINYBERT,driver|6,4243,0.9306930693069307,0.9791666666666666,0.9543147208121827,0.9072164948453608,0.9513513513513514,0.9287598944591029,"{'model': 'transformer', 'hyperparams': {'class_weights': [0.6657705903053284, 2.008108139038086], 'use_class_weights': 1, 'learning_rate': 0.00017139445947031694, 'per_device_train_batch_size': 20, 'per_device_eval_batch_size': 12, 'num_train_epochs': 6, 'weight_decay': 0.011192764992264376, 'model_name': 'prajjwal1/bert-tiny', 'optim': 'adamw_torch'}}",1
0.9259259259259259,0.8928571428571429,0.9090909090909091,0.9272030651340997,0.9565217391304348,0.9416342412451362,1010,113,253,757,28,85,0.5,Changes in humidity,driver,TINYBERT,driver|6,4243,0.9306930693069307,0.9791666666666666,0.9543147208121827,0.9072164948453608,0.9513513513513514,0.9287598944591029,"{'model': 'transformer', 'hyperparams': {'class_weights': [0.6657705903053284, 2.008108139038086], 'use_class_weights': 1, 'learning_rate': 0.00017139445947031694, 'per_device_train_batch_size': 20, 'per_device_eval_batch_size': 12, 'num_train_epochs': 6, 'weight_decay': 0.011192764992264376, 'model_name': 'prajjwal1/bert-tiny', 'optim': 'adamw_torch'}}",2
0.7297297297297297,0.9642857142857143,0.8307692307692308,0.8556701030927835,0.9841897233201581,0.9154411764705882,1011,112,253,758,28,84,0.5,Changes in humidity,driver,TINYBERT,driver|6,4243,0.9306930693069307,0.9791666666666666,0.9543147208121827,0.9072164948453608,0.9513513513513514,0.9287598944591029,"{'model': 'transformer', 'hyperparams': {'class_weights': [0.6657705903053284, 2.008108139038086], 'use_class_weights': 1, 'learning_rate': 0.00017139445947031694, 'per_device_train_batch_size': 20, 'per_device_eval_batch_size': 12, 'num_train_epochs': 6, 'weight_decay': 0.011192764992264376, 'model_name': 'prajjwal1/bert-tiny', 'optim': 'adamw_torch'}}",3
0.6944444444444444,0.8928571428571429,0.78125,0.8754448398576512,0.9723320158102767,0.9213483146067416,1011,112,253,758,28,84,0.5,Changes in humidity,driver,TINYBERT,driver|6,4243,0.9306930693069307,0.9791666666666666,0.9543147208121827,0.9072164948453608,0.9513513513513514,0.9287598944591029,"{'model': 'transformer', 'hyperparams': {'class_weights': [0.6657705903053284, 2.008108139038086], 'use_class_weights': 1, 'learning_rate': 0.00017139445947031694, 'per_device_train_batch_size': 20, 'per_device_eval_batch_size': 12, 'num_train_epochs': 6, 'weight_decay': 0.011192764992264376, 'model_name': 'prajjwal1/bert-tiny', 'optim': 'adamw_torch'}}",4
0.896551724137931,0.9285714285714286,0.9122807017543859,0.9382239382239382,0.9604743083003953,0.94921875,1011,112,253,758,28,84,0.5,Changes in humidity,driver,TINYBERT,driver|6,4243,0.9306930693069307,0.9791666666666666,0.9543147208121827,0.9072164948453608,0.9513513513513514,0.9287598944591029,"{'model': 'transformer', 'hyperparams': {'class_weights': [0.6657705903053284, 2.008108139038086], 'use_class_weights': 1, 'learning_rate': 0.00017139445947031694, 'per_device_train_batch_size': 20, 'per_device_eval_batch_size': 12, 'num_train_epochs': 6, 'weight_decay': 0.011192764992264376, 'model_name': 'prajjwal1/bert-tiny', 'optim': 'adamw_torch'}}",5
0.8484848484848485,1.0,0.9180327868852459,0.8517241379310345,0.9762845849802372,0.9097605893186004,1011,112,253,758,28,84,0.5,Changes in humidity,driver,TINYBERT,driver|6,4243,0.9306930693069307,0.9791666666666666,0.9543147208121827,0.9072164948453608,0.9513513513513514,0.9287598944591029,"{'model': 'transformer', 'hyperparams': {'class_weights': [0.6657705903053284, 2.008108139038086], 'use_class_weights': 1, 'learning_rate': 0.00017139445947031694, 'per_device_train_batch_size': 20, 'per_device_eval_batch_size': 12, 'num_train_epochs': 6, 'weight_decay': 0.011192764992264376, 'model_name': 'prajjwal1/bert-tiny', 'optim': 'adamw_torch'}}",6
1.0,0.9285714285714286,0.9629629629629629,0.9101123595505618,0.9604743083003953,0.9346153846153846,1011,112,253,758,28,84,0.5,Changes in humidity,driver,TINYBERT,driver|6,4243,0.9306930693069307,0.9791666666666666,0.9543147208121827,0.9072164948453608,0.9513513513513514,0.9287598944591029,"{'model': 'transformer', 'hyperparams': {'class_weights': [0.6657705903053284, 2.008108139038086], 'use_class_weights': 1, 'learning_rate': 0.00017139445947031694, 'per_device_train_batch_size': 20, 'per_device_eval_batch_size': 12, 'num_train_epochs': 6, 'weight_decay': 0.011192764992264376, 'model_name': 'prajjwal1/bert-tiny', 'optim': 'adamw_torch'}}",7
0.8888888888888888,0.8571428571428571,0.8727272727272727,0.8322147651006712,0.9802371541501976,0.9001814882032668,1011,112,253,758,28,84,0.5,Changes in humidity,driver,TINYBERT,driver|6,4243,0.9306930693069307,0.9791666666666666,0.9543147208121827,0.9072164948453608,0.9513513513513514,0.9287598944591029,"{'model': 'transformer', 'hyperparams': {'class_weights': [0.6657705903053284, 2.008108139038086], 'use_class_weights': 1, 'learning_rate': 0.00017139445947031694, 'per_device_train_batch_size': 20, 'per_device_eval_batch_size': 12, 'num_train_epochs': 6, 'weight_decay': 0.011192764992264376, 'model_name': 'prajjwal1/bert-tiny', 'optim': 'adamw_torch'}}",8
0.8181818181818182,0.9642857142857143,0.8852459016393442,0.9418604651162791,0.9604743083003953,0.9510763209393346,1011,112,253,758,28,84,0.5,Changes in humidity,driver,TINYBERT,driver|6,4243,0.9306930693069307,0.9791666666666666,0.9543147208121827,0.9072164948453608,0.9513513513513514,0.9287598944591029,"{'model': 'transformer', 'hyperparams': {'class_weights': [0.6657705903053284, 2.008108139038086], 'use_class_weights': 1, 'learning_rate': 0.00017139445947031694, 'per_device_train_batch_size': 20, 'per_device_eval_batch_size': 12, 'num_train_epochs': 6, 'weight_decay': 0.011192764992264376, 'model_name': 'prajjwal1/bert-tiny', 'optim': 'adamw_torch'}}",9
0.5,0.6666666666666666,0.5714285714285714,0.5675675675675675,0.84,0.6774193548387096,489,55,25,464,3,52,0.5,Extreme cold,event,LGBM,event|3,4243,0.5833333333333334,0.7,0.6363636363636364,0.5161290322580645,0.8888888888888888,0.6530612244897959,"{'vectoriser': {'ngram_range': [1, 4], 'max_features': 10000, 'min_df': 3}, 'model': 'lightgbm', 'hyperparams': {'objective': 'binary', 'learning_rate': 0.01590063258969304, 'n_estimators': 77, 'num_leaves': 17, 'random_state': None, 'verbose': -1, 'max_depth': 1, 'min_child_samples': 6, 'subsample': 0.5132233634388599, 'colsample_bytree': 0.618944613683057, 'reg_alpha': 0.4290200444303308, 'reg_lambda': 0.818867776407586}}",0
0.6,1.0,0.75,0.5555555555555556,0.8,0.6557377049180327,489,55,25,464,3,52,0.5,Extreme cold,event,LGBM,event|3,4243,0.5833333333333334,0.7,0.6363636363636364,0.5161290322580645,0.8888888888888888,0.6530612244897959,"{'vectoriser': {'ngram_range': [1, 4], 'max_features': 10000, 'min_df': 3}, 'model': 'lightgbm', 'hyperparams': {'objective': 'binary', 'learning_rate': 0.01590063258969304, 'n_estimators': 77, 'num_leaves': 17, 'random_state': None, 'verbose': -1, 'max_depth': 1, 'min_child_samples': 6, 'subsample': 0.5132233634388599, 'colsample_bytree': 0.618944613683057, 'reg_alpha': 0.4290200444303308, 'reg_lambda': 0.818867776407586}}",1
0.25,0.3333333333333333,0.2857142857142857,0.5641025641025641,0.88,0.6875,489,55,25,464,3,52,0.5,Extreme cold,event,LGBM,event|3,4243,0.5833333333333334,0.7,0.6363636363636364,0.5161290322580645,0.8888888888888888,0.6530612244897959,"{'vectoriser': {'ngram_range': [1, 4], 'max_features': 10000, 'min_df': 3}, 'model': 'lightgbm', 'hyperparams': {'objective': 'binary', 'learning_rate': 0.01590063258969304, 'n_estimators': 77, 'num_leaves': 17, 'random_state': None, 'verbose': -1, 'max_depth': 1, 'min_child_samples': 6, 'subsample': 0.5132233634388599, 'colsample_bytree': 0.618944613683057, 'reg_alpha': 0.4290200444303308, 'reg_lambda': 0.818867776407586}}",2
0.75,1.0,0.8571428571428571,0.5128205128205128,0.8,0.625,489,55,25,464,3,52,0.5,Extreme cold,event,LGBM,event|3,4243,0.5833333333333334,0.7,0.6363636363636364,0.5161290322580645,0.8888888888888888,0.6530612244897959,"{'vectoriser': {'ngram_range': [1, 4], 'max_features': 10000, 'min_df': 3}, 'model': 'lightgbm', 'hyperparams': {'objective': 'binary', 'learning_rate': 0.01590063258969304, 'n_estimators': 77, 'num_leaves': 17, 'random_state': None, 'verbose': -1, 'max_depth': 1, 'min_child_samples': 6, 'subsample': 0.5132233634388599, 'colsample_bytree': 0.618944613683057, 'reg_alpha': 0.4290200444303308, 'reg_lambda': 0.818867776407586}}",3
0.6666666666666666,0.6666666666666666,0.6666666666666666,0.525,0.84,0.6461538461538462,490,54,25,465,3,51,0.5,Extreme cold,event,LGBM,event|3,4243,0.5833333333333334,0.7,0.6363636363636364,0.5161290322580645,0.8888888888888888,0.6530612244897959,"{'vectoriser': {'ngram_range': [1, 4], 'max_features': 10000, 'min_df': 3}, 'model': 'lightgbm', 'hyperparams': {'objective': 'binary', 'learning_rate': 0.01590063258969304, 'n_estimators': 77, 'num_leaves': 17, 'random_state': None, 'verbose': -1, 'max_depth': 1, 'min_child_samples': 6, 'subsample': 0.5132233634388599, 'colsample_bytree': 0.618944613683057, 'reg_alpha': 0.4290200444303308, 'reg_lambda': 0.818867776407586}}",4
0.75,1.0,0.8571428571428571,0.5128205128205128,0.8,0.625,490,54,25,465,3,51,0.5,Extreme cold,event,LGBM,event|3,4243,0.5833333333333334,0.7,0.6363636363636364,0.5161290322580645,0.8888888888888888,0.6530612244897959,"{'vectoriser': {'ngram_range': [1, 4], 'max_features': 10000, 'min_df': 3}, 'model': 'lightgbm', 'hyperparams': {'objective': 'binary', 'learning_rate': 0.01590063258969304, 'n_estimators': 77, 'num_leaves': 17, 'random_state': None, 'verbose': -1, 'max_depth': 1, 'min_child_samples': 6, 'subsample': 0.5132233634388599, 'colsample_bytree': 0.618944613683057, 'reg_alpha': 0.4290200444303308, 'reg_lambda': 0.818867776407586}}",5
1.0,0.6666666666666666,0.8,0.625,0.8,0.7017543859649122,490,54,25,465,3,51,0.5,Extreme cold,event,LGBM,event|3,4243,0.5833333333333334,0.7,0.6363636363636364,0.5161290322580645,0.8888888888888888,0.6530612244897959,"{'vectoriser': {'ngram_range': [1, 4], 'max_features': 10000, 'min_df': 3}, 'model': 'lightgbm', 'hyperparams': {'objective': 'binary', 'learning_rate': 0.01590063258969304, 'n_estimators': 77, 'num_leaves': 17, 'random_state': None, 'verbose': -1, 'max_depth': 1, 'min_child_samples': 6, 'subsample': 0.5132233634388599, 'colsample_bytree': 0.618944613683057, 'reg_alpha': 0.4290200444303308, 'reg_lambda': 0.818867776407586}}",6
0.6,1.0,0.75,0.5263157894736842,0.8,0.6349206349206349,490,54,25,465,3,51,0.5,Extreme cold,event,LGBM,event|3,4243,0.5833333333333334,0.7,0.6363636363636364,0.5161290322580645,0.8888888888888888,0.6530612244897959,"{'vectoriser': {'ngram_range': [1, 4], 'max_features': 10000, 'min_df': 3}, 'model': 'lightgbm', 'hyperparams': {'objective': 'binary', 'learning_rate': 0.01590063258969304, 'n_estimators': 77, 'num_leaves': 17, 'random_state': None, 'verbose': -1, 'max_depth': 1, 'min_child_samples': 6, 'subsample': 0.5132233634388599, 'colsample_bytree': 0.618944613683057, 'reg_alpha': 0.4290200444303308, 'reg_lambda': 0.818867776407586}}",7
0.4,1.0,0.5714285714285714,0.5526315789473685,0.8076923076923077,0.65625,490,54,26,464,2,52,0.5,Extreme cold,event,LGBM,event|3,4243,0.5833333333333334,0.7,0.6363636363636364,0.5161290322580645,0.8888888888888888,0.6530612244897959,"{'vectoriser': {'ngram_range': [1, 4], 'max_features': 10000, 'min_df': 3}, 'model': 'lightgbm', 'hyperparams': {'objective': 'binary', 'learning_rate': 0.01590063258969304, 'n_estimators': 77, 'num_leaves': 17, 'random_state': None, 'verbose': -1, 'max_depth': 1, 'min_child_samples': 6, 'subsample': 0.5132233634388599, 'colsample_bytree': 0.618944613683057, 'reg_alpha': 0.4290200444303308, 'reg_lambda': 0.818867776407586}}",8
0.3333333333333333,1.0,0.5,0.5675675675675675,0.8076923076923077,0.6666666666666666,490,54,26,464,2,52,0.5,Extreme cold,event,LGBM,event|3,4243,0.5833333333333334,0.7,0.6363636363636364,0.5161290322580645,0.8888888888888888,0.6530612244897959,"{'vectoriser': {'ngram_range': [1, 4], 'max_features': 10000, 'min_df': 3}, 'model': 'lightgbm', 'hyperparams': {'objective': 'binary', 'learning_rate': 0.01590063258969304, 'n_estimators': 77, 'num_leaves': 17, 'random_state': None, 'verbose': -1, 'max_depth': 1, 'min_child_samples': 6, 'subsample': 0.5132233634388599, 'colsample_bytree': 0.618944613683057, 'reg_alpha': 0.4290200444303308, 'reg_lambda': 0.818867776407586}}",9
0.6607142857142857,0.8604651162790697,0.7474747474747475,0.8086021505376344,0.9766233766233766,0.8847058823529412,1039,116,385,654,43,73,0.5,Adaptation,cat,CLIMATEBERT,cat|1,4243,0.7206703910614525,0.8835616438356164,0.7938461538461539,0.8343558282208589,0.9645390070921985,0.8947368421052632,"{'model': 'transformer', 'hyperparams': {'class_weights': [0.793749988079071, 1.351063847541809], 'use_class_weights': 1, 'learning_rate': 2.073435510601928e-05, 'per_device_train_batch_size': 5, 'per_device_eval_batch_size': 12, 'num_train_epochs': 7, 'weight_decay': 0.2533040468563629, 'model_name': 'climatebert/distilroberta-base-climate-f', 'optim': 'adamw_torch'}}",0
0.7547169811320755,0.9302325581395349,0.8333333333333334,0.7970401691331924,0.9792207792207792,0.8787878787878788,1039,116,385,654,43,73,0.5,Adaptation,cat,CLIMATEBERT,cat|1,4243,0.7206703910614525,0.8835616438356164,0.7938461538461539,0.8343558282208589,0.9645390070921985,0.8947368421052632,"{'model': 'transformer', 'hyperparams': {'class_weights': [0.793749988079071, 1.351063847541809], 'use_class_weights': 1, 'learning_rate': 2.073435510601928e-05, 'per_device_train_batch_size': 5, 'per_device_eval_batch_size': 12, 'num_train_epochs': 7, 'weight_decay': 0.2533040468563629, 'model_name': 'climatebert/distilroberta-base-climate-f', 'optim': 'adamw_torch'}}",1
0.7407407407407407,0.9302325581395349,0.8247422680412371,0.8146551724137931,0.9818181818181818,0.8904593639575972,1039,116,385,654,43,73,0.5,Adaptation,cat,CLIMATEBERT,cat|1,4243,0.7206703910614525,0.8835616438356164,0.7938461538461539,0.8343558282208589,0.9645390070921985,0.8947368421052632,"{'model': 'transformer', 'hyperparams': {'class_weights': [0.793749988079071, 1.351063847541809], 'use_class_weights': 1, 'learning_rate': 2.073435510601928e-05, 'per_device_train_batch_size': 5, 'per_device_eval_batch_size': 12, 'num_train_epochs': 7, 'weight_decay': 0.2533040468563629, 'model_name': 'climatebert/distilroberta-base-climate-f', 'optim': 'adamw_torch'}}",2
0.6551724137931034,0.8837209302325582,0.7524752475247525,0.8333333333333334,0.987012987012987,0.9036860879904876,1039,116,385,654,43,73,0.5,Adaptation,cat,CLIMATEBERT,cat|1,4243,0.7206703910614525,0.8835616438356164,0.7938461538461539,0.8343558282208589,0.9645390070921985,0.8947368421052632,"{'model': 'transformer', 'hyperparams': {'class_weights': [0.793749988079071, 1.351063847541809], 'use_class_weights': 1, 'learning_rate': 2.073435510601928e-05, 'per_device_train_batch_size': 5, 'per_device_eval_batch_size': 12, 'num_train_epochs': 7, 'weight_decay': 0.2533040468563629, 'model_name': 'climatebert/distilroberta-base-climate-f', 'optim': 'adamw_torch'}}",3
0.7777777777777778,0.813953488372093,0.7954545454545454,0.8458049886621315,0.9688311688311688,0.9031476997578692,1039,116,385,654,43,73,0.5,Adaptation,cat,CLIMATEBERT,cat|1,4243,0.7206703910614525,0.8835616438356164,0.7938461538461539,0.8343558282208589,0.9645390070921985,0.8947368421052632,"{'model': 'transformer', 'hyperparams': {'class_weights': [0.793749988079071, 1.351063847541809], 'use_class_weights': 1, 'learning_rate': 2.073435510601928e-05, 'per_device_train_batch_size': 5, 'per_device_eval_batch_size': 12, 'num_train_epochs': 7, 'weight_decay': 0.2533040468563629, 'model_name': 'climatebert/distilroberta-base-climate-f', 'optim': 'adamw_torch'}}",4
0.7450980392156863,0.9047619047619048,0.8172043010752689,0.8197802197802198,0.966321243523316,0.8870392390011891,1040,115,386,654,42,73,0.5,Adaptation,cat,CLIMATEBERT,cat|1,4243,0.7206703910614525,0.8835616438356164,0.7938461538461539,0.8343558282208589,0.9645390070921985,0.8947368421052632,"{'model': 'transformer', 'hyperparams': {'class_weights': [0.793749988079071, 1.351063847541809], 'use_class_weights': 1, 'learning_rate': 2.073435510601928e-05, 'per_device_train_batch_size': 5, 'per_device_eval_batch_size': 12, 'num_train_epochs': 7, 'weight_decay': 0.2533040468563629, 'model_name': 'climatebert/distilroberta-base-climate-f', 'optim': 'adamw_torch'}}",5
0.7090909090909091,0.9285714285714286,0.8041237113402062,0.8392857142857143,0.9740932642487047,0.9016786570743405,1040,115,386,654,42,73,0.5,Adaptation,cat,CLIMATEBERT,cat|1,4243,0.7206703910614525,0.8835616438356164,0.7938461538461539,0.8343558282208589,0.9645390070921985,0.8947368421052632,"{'model': 'transformer', 'hyperparams': {'class_weights': [0.793749988079071, 1.351063847541809], 'use_class_weights': 1, 'learning_rate': 2.073435510601928e-05, 'per_device_train_batch_size': 5, 'per_device_eval_batch_size': 12, 'num_train_epochs': 7, 'weight_decay': 0.2533040468563629, 'model_name': 'climatebert/distilroberta-base-climate-f', 'optim': 'adamw_torch'}}",6
0.7450980392156863,0.8837209302325582,0.8085106382978723,0.835920177383592,0.9792207792207792,0.9019138755980861,1040,115,385,655,43,72,0.5,Adaptation,cat,CLIMATEBERT,cat|1,4243,0.7206703910614525,0.8835616438356164,0.7938461538461539,0.8343558282208589,0.9645390070921985,0.8947368421052632,"{'model': 'transformer', 'hyperparams': {'class_weights': [0.793749988079071, 1.351063847541809], 'use_class_weights': 1, 'learning_rate': 2.073435510601928e-05, 'per_device_train_batch_size': 5, 'per_device_eval_batch_size': 12, 'num_train_epochs': 7, 'weight_decay': 0.2533040468563629, 'model_name': 'climatebert/distilroberta-base-climate-f', 'optim': 'adamw_torch'}}",7
0.7090909090909091,0.9069767441860465,0.7959183673469388,0.8275109170305677,0.9844155844155844,0.8991696322657177,1040,115,385,655,43,72,0.5,Adaptation,cat,CLIMATEBERT,cat|1,4243,0.7206703910614525,0.8835616438356164,0.7938461538461539,0.8343558282208589,0.9645390070921985,0.8947368421052632,"{'model': 'transformer', 'hyperparams': {'class_weights': [0.793749988079071, 1.351063847541809], 'use_class_weights': 1, 'learning_rate': 2.073435510601928e-05, 'per_device_train_batch_size': 5, 'per_device_eval_batch_size': 12, 'num_train_epochs': 7, 'weight_decay': 0.2533040468563629, 'model_name': 'climatebert/distilroberta-base-climate-f', 'optim': 'adamw_torch'}}",8
0.6458333333333334,0.7209302325581395,0.6813186813186813,0.8503401360544217,0.974025974025974,0.9079903147699758,1040,115,385,655,43,72,0.5,Adaptation,cat,CLIMATEBERT,cat|1,4243,0.7206703910614525,0.8835616438356164,0.7938461538461539,0.8343558282208589,0.9645390070921985,0.8947368421052632,"{'model': 'transformer', 'hyperparams': {'class_weights': [0.793749988079071, 1.351063847541809], 'use_class_weights': 1, 'learning_rate': 2.073435510601928e-05, 'per_device_train_batch_size': 5, 'per_device_eval_batch_size': 12, 'num_train_epochs': 7, 'weight_decay': 0.2533040468563629, 'model_name': 'climatebert/distilroberta-base-climate-f', 'optim': 'adamw_torch'}}",9
0.3333333333333333,0.5,0.4,0.7878787878787878,1.0,0.8813559322033898,1250,139,26,1224,2,137,0.5,Renal system,health,LGBM,health|9,4243,0.6363636363636364,0.7,0.6666666666666666,0.8181818181818182,1.0,0.9,"{'vectoriser': {'ngram_range': [1, 4], 'max_features': 10000, 'min_df': 3}, 'model': 'lightgbm', 'hyperparams': {'objective': 'binary', 'learning_rate': 0.06252039037188174, 'n_estimators': 126, 'num_leaves': 23, 'random_state': None, 'verbose': -1, 'max_depth': 18, 'min_child_samples': 5, 'subsample': 0.911308677124672, 'colsample_bytree': 0.6852217177332, 'reg_alpha': 0.024035128517576287, 'reg_lambda': 0.2093374420033411}}",0
0.75,1.0,0.8571428571428571,0.7352941176470589,1.0,0.847457627118644,1250,139,25,1225,3,136,0.5,Renal system,health,LGBM,health|9,4243,0.6363636363636364,0.7,0.6666666666666666,0.8181818181818182,1.0,0.9,"{'vectoriser': {'ngram_range': [1, 4], 'max_features': 10000, 'min_df': 3}, 'model': 'lightgbm', 'hyperparams': {'objective': 'binary', 'learning_rate': 0.06252039037188174, 'n_estimators': 126, 'num_leaves': 23, 'random_state': None, 'verbose': -1, 'max_depth': 18, 'min_child_samples': 5, 'subsample': 0.911308677124672, 'colsample_bytree': 0.6852217177332, 'reg_alpha': 0.024035128517576287, 'reg_lambda': 0.2093374420033411}}",1
0.5,0.6666666666666666,0.5714285714285714,0.8064516129032258,1.0,0.8928571428571429,1250,139,25,1225,3,136,0.5,Renal system,health,LGBM,health|9,4243,0.6363636363636364,0.7,0.6666666666666666,0.8181818181818182,1.0,0.9,"{'vectoriser': {'ngram_range': [1, 4], 'max_features': 10000, 'min_df': 3}, 'model': 'lightgbm', 'hyperparams': {'objective': 'binary', 'learning_rate': 0.06252039037188174, 'n_estimators': 126, 'num_leaves': 23, 'random_state': None, 'verbose': -1, 'max_depth': 18, 'min_child_samples': 5, 'subsample': 0.911308677124672, 'colsample_bytree': 0.6852217177332, 'reg_alpha': 0.024035128517576287, 'reg_lambda': 0.2093374420033411}}",2
0.6666666666666666,0.6666666666666666,0.6666666666666666,0.78125,1.0,0.8771929824561403,1250,139,25,1225,3,136,0.5,Renal system,health,LGBM,health|9,4243,0.6363636363636364,0.7,0.6666666666666666,0.8181818181818182,1.0,0.9,"{'vectoriser': {'ngram_range': [1, 4], 'max_features': 10000, 'min_df': 3}, 'model': 'lightgbm', 'hyperparams': {'objective': 'binary', 'learning_rate': 0.06252039037188174, 'n_estimators': 126, 'num_leaves': 23, 'random_state': None, 'verbose': -1, 'max_depth': 18, 'min_child_samples': 5, 'subsample': 0.911308677124672, 'colsample_bytree': 0.6852217177332, 'reg_alpha': 0.024035128517576287, 'reg_lambda': 0.2093374420033411}}",3
1.0,0.3333333333333333,0.5,0.78125,1.0,0.8771929824561403,1250,139,25,1225,3,136,0.5,Renal system,health,LGBM,health|9,4243,0.6363636363636364,0.7,0.6666666666666666,0.8181818181818182,1.0,0.9,"{'vectoriser': {'ngram_range': [1, 4], 'max_features': 10000, 'min_df': 3}, 'model': 'lightgbm', 'hyperparams': {'objective': 'binary', 'learning_rate': 0.06252039037188174, 'n_estimators': 126, 'num_leaves': 23, 'random_state': None, 'verbose': -1, 'max_depth': 18, 'min_child_samples': 5, 'subsample': 0.911308677124672, 'colsample_bytree': 0.6852217177332, 'reg_alpha': 0.024035128517576287, 'reg_lambda': 0.2093374420033411}}",4
0.6666666666666666,0.6666666666666666,0.6666666666666666,0.78125,1.0,0.8771929824561403,1250,139,25,1225,3,136,0.5,Renal system,health,LGBM,health|9,4243,0.6363636363636364,0.7,0.6666666666666666,0.8181818181818182,1.0,0.9,"{'vectoriser': {'ngram_range': [1, 4], 'max_features': 10000, 'min_df': 3}, 'model': 'lightgbm', 'hyperparams': {'objective': 'binary', 'learning_rate': 0.06252039037188174, 'n_estimators': 126, 'num_leaves': 23, 'random_state': None, 'verbose': -1, 'max_depth': 18, 'min_child_samples': 5, 'subsample': 0.911308677124672, 'colsample_bytree': 0.6852217177332, 'reg_alpha': 0.024035128517576287, 'reg_lambda': 0.2093374420033411}}",5
0.0,0.0,0.0,0.8064516129032258,1.0,0.8928571428571429,1250,139,25,1225,3,136,0.5,Renal system,health,LGBM,health|9,4243,0.6363636363636364,0.7,0.6666666666666666,0.8181818181818182,1.0,0.9,"{'vectoriser': {'ngram_range': [1, 4], 'max_features': 10000, 'min_df': 3}, 'model': 'lightgbm', 'hyperparams': {'objective': 'binary', 'learning_rate': 0.06252039037188174, 'n_estimators': 126, 'num_leaves': 23, 'random_state': None, 'verbose': -1, 'max_depth': 18, 'min_child_samples': 5, 'subsample': 0.911308677124672, 'colsample_bytree': 0.6852217177332, 'reg_alpha': 0.024035128517576287, 'reg_lambda': 0.2093374420033411}}",6
1.0,0.6666666666666666,0.8,0.7352941176470589,1.0,0.847457627118644,1250,139,25,1225,3,136,0.5,Renal system,health,LGBM,health|9,4243,0.6363636363636364,0.7,0.6666666666666666,0.8181818181818182,1.0,0.9,"{'vectoriser': {'ngram_range': [1, 4], 'max_features': 10000, 'min_df': 3}, 'model': 'lightgbm', 'hyperparams': {'objective': 'binary', 'learning_rate': 0.06252039037188174, 'n_estimators': 126, 'num_leaves': 23, 'random_state': None, 'verbose': -1, 'max_depth': 18, 'min_child_samples': 5, 'subsample': 0.911308677124672, 'colsample_bytree': 0.6852217177332, 'reg_alpha': 0.024035128517576287, 'reg_lambda': 0.2093374420033411}}",7
1.0,1.0,1.0,0.7352941176470589,1.0,0.847457627118644,1250,139,25,1225,3,136,0.5,Renal system,health,LGBM,health|9,4243,0.6363636363636364,0.7,0.6666666666666666,0.8181818181818182,1.0,0.9,"{'vectoriser': {'ngram_range': [1, 4], 'max_features': 10000, 'min_df': 3}, 'model': 'lightgbm', 'hyperparams': {'objective': 'binary', 'learning_rate': 0.06252039037188174, 'n_estimators': 126, 'num_leaves': 23, 'random_state': None, 'verbose': -1, 'max_depth': 18, 'min_child_samples': 5, 'subsample': 0.911308677124672, 'colsample_bytree': 0.6852217177332, 'reg_alpha': 0.024035128517576287, 'reg_lambda': 0.2093374420033411}}",8
1.0,0.5,0.6666666666666666,0.7647058823529411,1.0,0.8666666666666667,1251,138,26,1225,2,136,0.5,Renal system,health,LGBM,health|9,4243,0.6363636363636364,0.7,0.6666666666666666,0.8181818181818182,1.0,0.9,"{'vectoriser': {'ngram_range': [1, 4], 'max_features': 10000, 'min_df': 3}, 'model': 'lightgbm', 'hyperparams': {'objective': 'binary', 'learning_rate': 0.06252039037188174, 'n_estimators': 126, 'num_leaves': 23, 'random_state': None, 'verbose': -1, 'max_depth': 18, 'min_child_samples': 5, 'subsample': 0.911308677124672, 'colsample_bytree': 0.6852217177332, 'reg_alpha': 0.024035128517576287, 'reg_lambda': 0.2093374420033411}}",9
0.7894736842105263,0.9375,0.8571428571428571,0.9084967320261438,0.9652777777777778,0.936026936026936,1250,139,144,1106,16,123,0.5,Mental health and sentiment,health,SCIBERT,health|1,4243,0.875,0.9074074074074074,0.8909090909090909,0.9357798165137615,0.9622641509433962,0.9488372093023256,"{'model': 'transformer', 'hyperparams': {'class_weights': [0.5652709603309631, 4.330188751220703], 'use_class_weights': 1, 'learning_rate': 5.505404232071417e-06, 'per_device_train_batch_size': 6, 'per_device_eval_batch_size': 12, 'num_train_epochs': 6, 'weight_decay': 0.26161516612995467, 'model_name': 'allenai/scibert_scivocab_uncased', 'optim': 'adamw_torch'}}",0
0.8888888888888888,1.0,0.9411764705882353,0.9144736842105263,0.9652777777777778,0.9391891891891891,1250,139,144,1106,16,123,0.5,Mental health and sentiment,health,SCIBERT,health|1,4243,0.875,0.9074074074074074,0.8909090909090909,0.9357798165137615,0.9622641509433962,0.9488372093023256,"{'model': 'transformer', 'hyperparams': {'class_weights': [0.5652709603309631, 4.330188751220703], 'use_class_weights': 1, 'learning_rate': 5.505404232071417e-06, 'per_device_train_batch_size': 6, 'per_device_eval_batch_size': 12, 'num_train_epochs': 6, 'weight_decay': 0.26161516612995467, 'model_name': 'allenai/scibert_scivocab_uncased', 'optim': 'adamw_torch'}}",1
1.0,0.875,0.9333333333333333,0.8924050632911392,0.9791666666666666,0.9337748344370861,1250,139,144,1106,16,123,0.5,Mental health and sentiment,health,SCIBERT,health|1,4243,0.875,0.9074074074074074,0.8909090909090909,0.9357798165137615,0.9622641509433962,0.9488372093023256,"{'model': 'transformer', 'hyperparams': {'class_weights': [0.5652709603309631, 4.330188751220703], 'use_class_weights': 1, 'learning_rate': 5.505404232071417e-06, 'per_device_train_batch_size': 6, 'per_device_eval_batch_size': 12, 'num_train_epochs': 6, 'weight_decay': 0.26161516612995467, 'model_name': 'allenai/scibert_scivocab_uncased', 'optim': 'adamw_torch'}}",2
0.8823529411764706,0.9375,0.9090909090909091,0.88125,0.9791666666666666,0.9276315789473685,1250,139,144,1106,16,123,0.5,Mental health and sentiment,health,SCIBERT,health|1,4243,0.875,0.9074074074074074,0.8909090909090909,0.9357798165137615,0.9622641509433962,0.9488372093023256,"{'model': 'transformer', 'hyperparams': {'class_weights': [0.5652709603309631, 4.330188751220703], 'use_class_weights': 1, 'learning_rate': 5.505404232071417e-06, 'per_device_train_batch_size': 6, 'per_device_eval_batch_size': 12, 'num_train_epochs': 6, 'weight_decay': 0.26161516612995467, 'model_name': 'allenai/scibert_scivocab_uncased', 'optim': 'adamw_torch'}}",3
0.8125,0.8125,0.8125,0.9271523178807947,0.9722222222222222,0.9491525423728814,1250,139,144,1106,16,123,0.5,Mental health and sentiment,health,SCIBERT,health|1,4243,0.875,0.9074074074074074,0.8909090909090909,0.9357798165137615,0.9622641509433962,0.9488372093023256,"{'model': 'transformer', 'hyperparams': {'class_weights': [0.5652709603309631, 4.330188751220703], 'use_class_weights': 1, 'learning_rate': 5.505404232071417e-06, 'per_device_train_batch_size': 6, 'per_device_eval_batch_size': 12, 'num_train_epochs': 6, 'weight_decay': 0.26161516612995467, 'model_name': 'allenai/scibert_scivocab_uncased', 'optim': 'adamw_torch'}}",4
0.9411764705882353,1.0,0.9696969696969697,0.9266666666666666,0.9652777777777778,0.9455782312925171,1250,139,144,1106,16,123,0.5,Mental health and sentiment,health,SCIBERT,health|1,4243,0.875,0.9074074074074074,0.8909090909090909,0.9357798165137615,0.9622641509433962,0.9488372093023256,"{'model': 'transformer', 'hyperparams': {'class_weights': [0.5652709603309631, 4.330188751220703], 'use_class_weights': 1, 'learning_rate': 5.505404232071417e-06, 'per_device_train_batch_size': 6, 'per_device_eval_batch_size': 12, 'num_train_epochs': 6, 'weight_decay': 0.26161516612995467, 'model_name': 'allenai/scibert_scivocab_uncased', 'optim': 'adamw_torch'}}",5
0.6363636363636364,0.875,0.7368421052631579,0.9038461538461539,0.9791666666666666,0.94,1250,139,144,1106,16,123,0.5,Mental health and sentiment,health,SCIBERT,health|1,4243,0.875,0.9074074074074074,0.8909090909090909,0.9357798165137615,0.9622641509433962,0.9488372093023256,"{'model': 'transformer', 'hyperparams': {'class_weights': [0.5652709603309631, 4.330188751220703], 'use_class_weights': 1, 'learning_rate': 5.505404232071417e-06, 'per_device_train_batch_size': 6, 'per_device_eval_batch_size': 12, 'num_train_epochs': 6, 'weight_decay': 0.26161516612995467, 'model_name': 'allenai/scibert_scivocab_uncased', 'optim': 'adamw_torch'}}",6
0.875,0.875,0.875,0.9215686274509803,0.9791666666666666,0.9494949494949495,1250,139,144,1106,16,123,0.5,Mental health and sentiment,health,SCIBERT,health|1,4243,0.875,0.9074074074074074,0.8909090909090909,0.9357798165137615,0.9622641509433962,0.9488372093023256,"{'model': 'transformer', 'hyperparams': {'class_weights': [0.5652709603309631, 4.330188751220703], 'use_class_weights': 1, 'learning_rate': 5.505404232071417e-06, 'per_device_train_batch_size': 6, 'per_device_eval_batch_size': 12, 'num_train_epochs': 6, 'weight_decay': 0.26161516612995467, 'model_name': 'allenai/scibert_scivocab_uncased', 'optim': 'adamw_torch'}}",7
0.8421052631578947,1.0,0.9142857142857143,0.9025974025974026,0.9652777777777778,0.9328859060402684,1250,139,144,1106,16,123,0.5,Mental health and sentiment,health,SCIBERT,health|1,4243,0.875,0.9074074074074074,0.8909090909090909,0.9357798165137615,0.9622641509433962,0.9488372093023256,"{'model': 'transformer', 'hyperparams': {'class_weights': [0.5652709603309631, 4.330188751220703], 'use_class_weights': 1, 'learning_rate': 5.505404232071417e-06, 'per_device_train_batch_size': 6, 'per_device_eval_batch_size': 12, 'num_train_epochs': 6, 'weight_decay': 0.26161516612995467, 'model_name': 'allenai/scibert_scivocab_uncased', 'optim': 'adamw_torch'}}",8
0.875,0.875,0.875,0.9271523178807947,0.9722222222222222,0.9491525423728814,1251,138,144,1107,16,122,0.5,Mental health and sentiment,health,SCIBERT,health|1,4243,0.875,0.9074074074074074,0.8909090909090909,0.9357798165137615,0.9622641509433962,0.9488372093023256,"{'model': 'transformer', 'hyperparams': {'class_weights': [0.5652709603309631, 4.330188751220703], 'use_class_weights': 1, 'learning_rate': 5.505404232071417e-06, 'per_device_train_batch_size': 6, 'per_device_eval_batch_size': 12, 'num_train_epochs': 6, 'weight_decay': 0.26161516612995467, 'model_name': 'allenai/scibert_scivocab_uncased', 'optim': 'adamw_torch'}}",9
0.15384615384615385,0.8,0.25806451612903225,0.16597510373443983,0.975609756097561,0.28368794326241137,489,55,41,448,5,50,0.5,Other extreme events,event,NB,event|6,4243,0.171875,0.6875,0.275,0.22388059701492538,1.0,0.36585365853658536,"{'vectoriser': {'ngram_range': [1, 4], 'max_features': 10000, 'min_df': 3}, 'model': 'naivebayes', 'hyperparams': {'force_alpha': True, 'alpha': 0.3471421299294224, 'fit_prior': False}}",0
0.16,0.8,0.26666666666666666,0.17857142857142858,0.975609756097561,0.3018867924528302,489,55,41,448,5,50,0.5,Other extreme events,event,NB,event|6,4243,0.171875,0.6875,0.275,0.22388059701492538,1.0,0.36585365853658536,"{'vectoriser': {'ngram_range': [1, 4], 'max_features': 10000, 'min_df': 3}, 'model': 'naivebayes', 'hyperparams': {'force_alpha': True, 'alpha': 0.3471421299294224, 'fit_prior': False}}",1
0.15625,1.0,0.2702702702702703,0.16597510373443983,0.975609756097561,0.28368794326241137,489,55,41,448,5,50,0.5,Other extreme events,event,NB,event|6,4243,0.171875,0.6875,0.275,0.22388059701492538,1.0,0.36585365853658536,"{'vectoriser': {'ngram_range': [1, 4], 'max_features': 10000, 'min_df': 3}, 'model': 'naivebayes', 'hyperparams': {'force_alpha': True, 'alpha': 0.3471421299294224, 'fit_prior': False}}",2
0.19047619047619047,0.8,0.3076923076923077,0.18518518518518517,0.975609756097561,0.311284046692607,489,55,41,448,5,50,0.5,Other extreme events,event,NB,event|6,4243,0.171875,0.6875,0.275,0.22388059701492538,1.0,0.36585365853658536,"{'vectoriser': {'ngram_range': [1, 4], 'max_features': 10000, 'min_df': 3}, 'model': 'naivebayes', 'hyperparams': {'force_alpha': True, 'alpha': 0.3471421299294224, 'fit_prior': False}}",3
0.125,0.75,0.21428571428571427,0.1659919028340081,0.9761904761904762,0.2837370242214533,490,54,42,448,4,50,0.5,Other extreme events,event,NB,event|6,4243,0.171875,0.6875,0.275,0.22388059701492538,1.0,0.36585365853658536,"{'vectoriser': {'ngram_range': [1, 4], 'max_features': 10000, 'min_df': 3}, 'model': 'naivebayes', 'hyperparams': {'force_alpha': True, 'alpha': 0.3471421299294224, 'fit_prior': False}}",4
0.07407407407407407,0.5,0.12903225806451613,0.18691588785046728,0.9523809523809523,0.3125,490,54,42,448,4,50,0.5,Other extreme events,event,NB,event|6,4243,0.171875,0.6875,0.275,0.22388059701492538,1.0,0.36585365853658536,"{'vectoriser': {'ngram_range': [1, 4], 'max_features': 10000, 'min_df': 3}, 'model': 'naivebayes', 'hyperparams': {'force_alpha': True, 'alpha': 0.3471421299294224, 'fit_prior': False}}",5
0.08695652173913043,0.5,0.14814814814814814,0.20618556701030927,0.9523809523809523,0.3389830508474576,490,54,42,448,4,50,0.5,Other extreme events,event,NB,event|6,4243,0.171875,0.6875,0.275,0.22388059701492538,1.0,0.36585365853658536,"{'vectoriser': {'ngram_range': [1, 4], 'max_features': 10000, 'min_df': 3}, 'model': 'naivebayes', 'hyperparams': {'force_alpha': True, 'alpha': 0.3471421299294224, 'fit_prior': False}}",6
0.12,0.75,0.20689655172413793,0.19339622641509435,0.9761904761904762,0.3228346456692913,490,54,42,448,4,50,0.5,Other extreme events,event,NB,event|6,4243,0.171875,0.6875,0.275,0.22388059701492538,1.0,0.36585365853658536,"{'vectoriser': {'ngram_range': [1, 4], 'max_features': 10000, 'min_df': 3}, 'model': 'naivebayes', 'hyperparams': {'force_alpha': True, 'alpha': 0.3471421299294224, 'fit_prior': False}}",7
0.23076923076923078,0.6,0.3333333333333333,0.19339622641509435,1.0,0.3241106719367589,490,54,41,449,5,49,0.5,Other extreme events,event,NB,event|6,4243,0.171875,0.6875,0.275,0.22388059701492538,1.0,0.36585365853658536,"{'vectoriser': {'ngram_range': [1, 4], 'max_features': 10000, 'min_df': 3}, 'model': 'naivebayes', 'hyperparams': {'force_alpha': True, 'alpha': 0.3471421299294224, 'fit_prior': False}}",8
0.11538461538461539,0.6,0.1935483870967742,0.17372881355932204,1.0,0.296028880866426,490,54,41,449,5,49,0.5,Other extreme events,event,NB,event|6,4243,0.171875,0.6875,0.275,0.22388059701492538,1.0,0.36585365853658536,"{'vectoriser': {'ngram_range': [1, 4], 'max_features': 10000, 'min_df': 3}, 'model': 'naivebayes', 'hyperparams': {'force_alpha': True, 'alpha': 0.3471421299294224, 'fit_prior': False}}",9
0.5,0.4782608695652174,0.4888888888888889,0.7288732394366197,0.9672897196261683,0.8313253012048193,1250,139,214,1036,23,116,0.5,Other / unspecified health impacts,health,SCIBERT,health|11,4243,0.5039370078740157,0.7901234567901234,0.6153846153846154,0.6547085201793722,0.9358974358974359,0.7704485488126649,"{'model': 'transformer', 'hyperparams': {'class_weights': [0.6023622155189514, 2.942307710647583], 'use_class_weights': 1, 'learning_rate': 1.4309108275402697e-05, 'per_device_train_batch_size': 8, 'per_device_eval_batch_size': 12, 'num_train_epochs': 8, 'weight_decay': 0.10750390561613202, 'model_name': 'allenai/scibert_scivocab_uncased', 'optim': 'adamw_torch'}}",0
0.4827586206896552,0.6086956521739131,0.5384615384615384,0.7342657342657343,0.9813084112149533,0.84,1250,139,214,1036,23,116,0.5,Other / unspecified health impacts,health,SCIBERT,health|11,4243,0.5039370078740157,0.7901234567901234,0.6153846153846154,0.6547085201793722,0.9358974358974359,0.7704485488126649,"{'model': 'transformer', 'hyperparams': {'class_weights': [0.6023622155189514, 2.942307710647583], 'use_class_weights': 1, 'learning_rate': 1.4309108275402697e-05, 'per_device_train_batch_size': 8, 'per_device_eval_batch_size': 12, 'num_train_epochs': 8, 'weight_decay': 0.10750390561613202, 'model_name': 'allenai/scibert_scivocab_uncased', 'optim': 'adamw_torch'}}",1
0.5,0.5833333333333334,0.5384615384615384,0.7455830388692579,0.9906103286384976,0.8508064516129032,1250,139,213,1037,24,115,0.5,Other / unspecified health impacts,health,SCIBERT,health|11,4243,0.5039370078740157,0.7901234567901234,0.6153846153846154,0.6547085201793722,0.9358974358974359,0.7704485488126649,"{'model': 'transformer', 'hyperparams': {'class_weights': [0.6023622155189514, 2.942307710647583], 'use_class_weights': 1, 'learning_rate': 1.4309108275402697e-05, 'per_device_train_batch_size': 8, 'per_device_eval_batch_size': 12, 'num_train_epochs': 8, 'weight_decay': 0.10750390561613202, 'model_name': 'allenai/scibert_scivocab_uncased', 'optim': 'adamw_torch'}}",2
0.5625,0.75,0.6428571428571429,0.7359154929577465,0.9812206572769953,0.8410462776659959,1250,139,213,1037,24,115,0.5,Other / unspecified health impacts,health,SCIBERT,health|11,4243,0.5039370078740157,0.7901234567901234,0.6153846153846154,0.6547085201793722,0.9358974358974359,0.7704485488126649,"{'model': 'transformer', 'hyperparams': {'class_weights': [0.6023622155189514, 2.942307710647583], 'use_class_weights': 1, 'learning_rate': 1.4309108275402697e-05, 'per_device_train_batch_size': 8, 'per_device_eval_batch_size': 12, 'num_train_epochs': 8, 'weight_decay': 0.10750390561613202, 'model_name': 'allenai/scibert_scivocab_uncased', 'optim': 'adamw_torch'}}",3
0.6363636363636364,0.5833333333333334,0.6086956521739131,0.7046979865771812,0.9859154929577465,0.821917808219178,1250,139,213,1037,24,115,0.5,Other / unspecified health impacts,health,SCIBERT,health|11,4243,0.5039370078740157,0.7901234567901234,0.6153846153846154,0.6547085201793722,0.9358974358974359,0.7704485488126649,"{'model': 'transformer', 'hyperparams': {'class_weights': [0.6023622155189514, 2.942307710647583], 'use_class_weights': 1, 'learning_rate': 1.4309108275402697e-05, 'per_device_train_batch_size': 8, 'per_device_eval_batch_size': 12, 'num_train_epochs': 8, 'weight_decay': 0.10750390561613202, 'model_name': 'allenai/scibert_scivocab_uncased', 'optim': 'adamw_torch'}}",4
0.6538461538461539,0.7083333333333334,0.68,0.717687074829932,0.9906103286384976,0.8323471400394478,1250,139,213,1037,24,115,0.5,Other / unspecified health impacts,health,SCIBERT,health|11,4243,0.5039370078740157,0.7901234567901234,0.6153846153846154,0.6547085201793722,0.9358974358974359,0.7704485488126649,"{'model': 'transformer', 'hyperparams': {'class_weights': [0.6023622155189514, 2.942307710647583], 'use_class_weights': 1, 'learning_rate': 1.4309108275402697e-05, 'per_device_train_batch_size': 8, 'per_device_eval_batch_size': 12, 'num_train_epochs': 8, 'weight_decay': 0.10750390561613202, 'model_name': 'allenai/scibert_scivocab_uncased', 'optim': 'adamw_torch'}}",5
0.5,0.6666666666666666,0.5714285714285714,0.7509025270758123,0.9765258215962441,0.8489795918367347,1250,139,213,1037,24,115,0.5,Other / unspecified health impacts,health,SCIBERT,health|11,4243,0.5039370078740157,0.7901234567901234,0.6153846153846154,0.6547085201793722,0.9358974358974359,0.7704485488126649,"{'model': 'transformer', 'hyperparams': {'class_weights': [0.6023622155189514, 2.942307710647583], 'use_class_weights': 1, 'learning_rate': 1.4309108275402697e-05, 'per_device_train_batch_size': 8, 'per_device_eval_batch_size': 12, 'num_train_epochs': 8, 'weight_decay': 0.10750390561613202, 'model_name': 'allenai/scibert_scivocab_uncased', 'optim': 'adamw_torch'}}",6
0.5806451612903226,0.75,0.6545454545454545,0.7340425531914894,0.971830985915493,0.8363636363636363,1250,139,213,1037,24,115,0.5,Other / unspecified health impacts,health,SCIBERT,health|11,4243,0.5039370078740157,0.7901234567901234,0.6153846153846154,0.6547085201793722,0.9358974358974359,0.7704485488126649,"{'model': 'transformer', 'hyperparams': {'class_weights': [0.6023622155189514, 2.942307710647583], 'use_class_weights': 1, 'learning_rate': 1.4309108275402697e-05, 'per_device_train_batch_size': 8, 'per_device_eval_batch_size': 12, 'num_train_epochs': 8, 'weight_decay': 0.10750390561613202, 'model_name': 'allenai/scibert_scivocab_uncased', 'optim': 'adamw_torch'}}",7
0.5333333333333333,0.6666666666666666,0.5925925925925926,0.7526881720430108,0.9859154929577465,0.8536585365853658,1250,139,213,1037,24,115,0.5,Other / unspecified health impacts,health,SCIBERT,health|11,4243,0.5039370078740157,0.7901234567901234,0.6153846153846154,0.6547085201793722,0.9358974358974359,0.7704485488126649,"{'model': 'transformer', 'hyperparams': {'class_weights': [0.6023622155189514, 2.942307710647583], 'use_class_weights': 1, 'learning_rate': 1.4309108275402697e-05, 'per_device_train_batch_size': 8, 'per_device_eval_batch_size': 12, 'num_train_epochs': 8, 'weight_decay': 0.10750390561613202, 'model_name': 'allenai/scibert_scivocab_uncased', 'optim': 'adamw_torch'}}",8
0.6666666666666666,0.782608695652174,0.72,0.6806451612903226,0.985981308411215,0.8053435114503816,1251,138,214,1037,23,115,0.5,Other / unspecified health impacts,health,SCIBERT,health|11,4243,0.5039370078740157,0.7901234567901234,0.6153846153846154,0.6547085201793722,0.9358974358974359,0.7704485488126649,"{'model': 'transformer', 'hyperparams': {'class_weights': [0.6023622155189514, 2.942307710647583], 'use_class_weights': 1, 'learning_rate': 1.4309108275402697e-05, 'per_device_train_batch_size': 8, 'per_device_eval_batch_size': 12, 'num_train_epochs': 8, 'weight_decay': 0.10750390561613202, 'model_name': 'allenai/scibert_scivocab_uncased', 'optim': 'adamw_torch'}}",9
0.872093023255814,0.6302521008403361,0.7317073170731707,0.9905100830367735,0.7833020637898687,0.8748035620743845,2108,235,1066,1042,119,116,0.5,Not relevant (major category),rel_major,SCIBERT,rel_major|0,4243,0.89171974522293,0.691358024691358,0.7788595271210014,0.9835820895522388,0.8384223918575063,0.9052197802197802,"{'model': 'transformer', 'hyperparams': {'class_weights': [1.0143978595733643, 0.9860050678253174], 'use_class_weights': 1, 'learning_rate': 6.018295065873482e-06, 'per_device_train_batch_size': 8, 'per_device_eval_batch_size': 12, 'num_train_epochs': 9, 'weight_decay': 0.23390707196380275, 'model_name': 'allenai/scibert_scivocab_uncased', 'optim': 'adamw_torch'}}",0
0.8953488372093024,0.6470588235294118,0.751219512195122,0.9828571428571429,0.8067542213883677,0.8861411643482741,2108,235,1066,1042,119,116,0.5,Not relevant (major category),rel_major,SCIBERT,rel_major|0,4243,0.89171974522293,0.691358024691358,0.7788595271210014,0.9835820895522388,0.8384223918575063,0.9052197802197802,"{'model': 'transformer', 'hyperparams': {'class_weights': [1.0143978595733643, 0.9860050678253174], 'use_class_weights': 1, 'learning_rate': 6.018295065873482e-06, 'per_device_train_batch_size': 8, 'per_device_eval_batch_size': 12, 'num_train_epochs': 9, 'weight_decay': 0.23390707196380275, 'model_name': 'allenai/scibert_scivocab_uncased', 'optim': 'adamw_torch'}}",1
0.9113924050632911,0.6050420168067226,0.7272727272727273,0.9886104783599089,0.8142589118198874,0.8930041152263375,2108,235,1066,1042,119,116,0.5,Not relevant (major category),rel_major,SCIBERT,rel_major|0,4243,0.89171974522293,0.691358024691358,0.7788595271210014,0.9835820895522388,0.8384223918575063,0.9052197802197802,"{'model': 'transformer', 'hyperparams': {'class_weights': [1.0143978595733643, 0.9860050678253174], 'use_class_weights': 1, 'learning_rate': 6.018295065873482e-06, 'per_device_train_batch_size': 8, 'per_device_eval_batch_size': 12, 'num_train_epochs': 9, 'weight_decay': 0.23390707196380275, 'model_name': 'allenai/scibert_scivocab_uncased', 'optim': 'adamw_torch'}}",2
0.9204545454545454,0.680672268907563,0.782608695652174,0.9875,0.8151969981238274,0.8931140801644398,2109,234,1066,1043,119,115,0.5,Not relevant (major category),rel_major,SCIBERT,rel_major|0,4243,0.89171974522293,0.691358024691358,0.7788595271210014,0.9835820895522388,0.8384223918575063,0.9052197802197802,"{'model': 'transformer', 'hyperparams': {'class_weights': [1.0143978595733643, 0.9860050678253174], 'use_class_weights': 1, 'learning_rate': 6.018295065873482e-06, 'per_device_train_batch_size': 8, 'per_device_eval_batch_size': 12, 'num_train_epochs': 9, 'weight_decay': 0.23390707196380275, 'model_name': 'allenai/scibert_scivocab_uncased', 'optim': 'adamw_torch'}}",3
0.868421052631579,0.5546218487394958,0.676923076923077,0.9853603603603603,0.8208255159474672,0.8955987717502559,2109,234,1066,1043,119,115,0.5,Not relevant (major category),rel_major,SCIBERT,rel_major|0,4243,0.89171974522293,0.691358024691358,0.7788595271210014,0.9835820895522388,0.8384223918575063,0.9052197802197802,"{'model': 'transformer', 'hyperparams': {'class_weights': [1.0143978595733643, 0.9860050678253174], 'use_class_weights': 1, 'learning_rate': 6.018295065873482e-06, 'per_device_train_batch_size': 8, 'per_device_eval_batch_size': 12, 'num_train_epochs': 9, 'weight_decay': 0.23390707196380275, 'model_name': 'allenai/scibert_scivocab_uncased', 'optim': 'adamw_torch'}}",4
0.8526315789473684,0.6864406779661016,0.7605633802816901,0.9864406779661017,0.8181818181818182,0.8944672131147541,2109,234,1067,1042,118,116,0.5,Not relevant (major category),rel_major,SCIBERT,rel_major|0,4243,0.89171974522293,0.691358024691358,0.7788595271210014,0.9835820895522388,0.8384223918575063,0.9052197802197802,"{'model': 'transformer', 'hyperparams': {'class_weights': [1.0143978595733643, 0.9860050678253174], 'use_class_weights': 1, 'learning_rate': 6.018295065873482e-06, 'per_device_train_batch_size': 8, 'per_device_eval_batch_size': 12, 'num_train_epochs': 9, 'weight_decay': 0.23390707196380275, 'model_name': 'allenai/scibert_scivocab_uncased', 'optim': 'adamw_torch'}}",5
0.9431818181818182,0.7033898305084746,0.8058252427184466,0.9886234357224118,0.8144329896907216,0.8931140801644398,2109,234,1067,1042,118,116,0.5,Not relevant (major category),rel_major,SCIBERT,rel_major|0,4243,0.89171974522293,0.691358024691358,0.7788595271210014,0.9835820895522388,0.8384223918575063,0.9052197802197802,"{'model': 'transformer', 'hyperparams': {'class_weights': [1.0143978595733643, 0.9860050678253174], 'use_class_weights': 1, 'learning_rate': 6.018295065873482e-06, 'per_device_train_batch_size': 8, 'per_device_eval_batch_size': 12, 'num_train_epochs': 9, 'weight_decay': 0.23390707196380275, 'model_name': 'allenai/scibert_scivocab_uncased', 'optim': 'adamw_torch'}}",6
0.9493670886075949,0.635593220338983,0.7614213197969543,0.9848130841121495,0.7900656044985942,0.8767550702028081,2109,234,1067,1042,118,116,0.5,Not relevant (major category),rel_major,SCIBERT,rel_major|0,4243,0.89171974522293,0.691358024691358,0.7788595271210014,0.9835820895522388,0.8384223918575063,0.9052197802197802,"{'model': 'transformer', 'hyperparams': {'class_weights': [1.0143978595733643, 0.9860050678253174], 'use_class_weights': 1, 'learning_rate': 6.018295065873482e-06, 'per_device_train_batch_size': 8, 'per_device_eval_batch_size': 12, 'num_train_epochs': 9, 'weight_decay': 0.23390707196380275, 'model_name': 'allenai/scibert_scivocab_uncased', 'optim': 'adamw_torch'}}",7
0.8941176470588236,0.6440677966101694,0.7487684729064039,0.9811946902654868,0.831302717900656,0.900050735667174,2109,234,1067,1042,118,116,0.5,Not relevant (major category),rel_major,SCIBERT,rel_major|0,4243,0.89171974522293,0.691358024691358,0.7788595271210014,0.9835820895522388,0.8384223918575063,0.9052197802197802,"{'model': 'transformer', 'hyperparams': {'class_weights': [1.0143978595733643, 0.9860050678253174], 'use_class_weights': 1, 'learning_rate': 6.018295065873482e-06, 'per_device_train_batch_size': 8, 'per_device_eval_batch_size': 12, 'num_train_epochs': 9, 'weight_decay': 0.23390707196380275, 'model_name': 'allenai/scibert_scivocab_uncased', 'optim': 'adamw_torch'}}",8
0.9176470588235294,0.6610169491525424,0.7684729064039408,0.9862385321100917,0.8059981255857545,0.887055183084064,2109,234,1067,1042,118,116,0.5,Not relevant (major category),rel_major,SCIBERT,rel_major|0,4243,0.89171974522293,0.691358024691358,0.7788595271210014,0.9835820895522388,0.8384223918575063,0.9052197802197802,"{'model': 'transformer', 'hyperparams': {'class_weights': [1.0143978595733643, 0.9860050678253174], 'use_class_weights': 1, 'learning_rate': 6.018295065873482e-06, 'per_device_train_batch_size': 8, 'per_device_eval_batch_size': 12, 'num_train_epochs': 9, 'weight_decay': 0.23390707196380275, 'model_name': 'allenai/scibert_scivocab_uncased', 'optim': 'adamw_torch'}}",9
0.5833333333333334,0.7,0.6363636363636364,0.6771653543307087,0.9555555555555556,0.7926267281105991,1250,139,90,1160,10,129,0.5,Direct injury and death,health,CLIMATEBERT,health|3,4243,0.7027027027027027,0.7647058823529411,0.7323943661971831,0.6987951807228916,0.8656716417910447,0.7733333333333333,"{'model': 'transformer', 'hyperparams': {'class_weights': [0.5393654704093933, 6.850746154785156], 'use_class_weights': 1, 'learning_rate': 1.440579188959912e-05, 'per_device_train_batch_size': 4, 'per_device_eval_batch_size': 12, 'num_train_epochs': 10, 'weight_decay': 0.11800300455690439, 'model_name': 'climatebert/distilroberta-base-climate-f', 'optim': 'adamw_torch'}}",0
0.6363636363636364,0.7,0.6666666666666666,0.7884615384615384,0.9111111111111111,0.845360824742268,1250,139,90,1160,10,129,0.5,Direct injury and death,health,CLIMATEBERT,health|3,4243,0.7027027027027027,0.7647058823529411,0.7323943661971831,0.6987951807228916,0.8656716417910447,0.7733333333333333,"{'model': 'transformer', 'hyperparams': {'class_weights': [0.5393654704093933, 6.850746154785156], 'use_class_weights': 1, 'learning_rate': 1.440579188959912e-05, 'per_device_train_batch_size': 4, 'per_device_eval_batch_size': 12, 'num_train_epochs': 10, 'weight_decay': 0.11800300455690439, 'model_name': 'climatebert/distilroberta-base-climate-f', 'optim': 'adamw_torch'}}",1
0.5555555555555556,1.0,0.7142857142857143,0.6439393939393939,0.9444444444444444,0.7657657657657657,1250,139,90,1160,10,129,0.5,Direct injury and death,health,CLIMATEBERT,health|3,4243,0.7027027027027027,0.7647058823529411,0.7323943661971831,0.6987951807228916,0.8656716417910447,0.7733333333333333,"{'model': 'transformer', 'hyperparams': {'class_weights': [0.5393654704093933, 6.850746154785156], 'use_class_weights': 1, 'learning_rate': 1.440579188959912e-05, 'per_device_train_batch_size': 4, 'per_device_eval_batch_size': 12, 'num_train_epochs': 10, 'weight_decay': 0.11800300455690439, 'model_name': 'climatebert/distilroberta-base-climate-f', 'optim': 'adamw_torch'}}",2
0.5333333333333333,0.8,0.64,0.6356589147286822,0.9111111111111111,0.7488584474885844,1250,139,90,1160,10,129,0.5,Direct injury and death,health,CLIMATEBERT,health|3,4243,0.7027027027027027,0.7647058823529411,0.7323943661971831,0.6987951807228916,0.8656716417910447,0.7733333333333333,"{'model': 'transformer', 'hyperparams': {'class_weights': [0.5393654704093933, 6.850746154785156], 'use_class_weights': 1, 'learning_rate': 1.440579188959912e-05, 'per_device_train_batch_size': 4, 'per_device_eval_batch_size': 12, 'num_train_epochs': 10, 'weight_decay': 0.11800300455690439, 'model_name': 'climatebert/distilroberta-base-climate-f', 'optim': 'adamw_torch'}}",3
0.46153846153846156,0.6,0.5217391304347826,0.8095238095238095,0.9444444444444444,0.8717948717948718,1250,139,90,1160,10,129,0.5,Direct injury and death,health,CLIMATEBERT,health|3,4243,0.7027027027027027,0.7647058823529411,0.7323943661971831,0.6987951807228916,0.8656716417910447,0.7733333333333333,"{'model': 'transformer', 'hyperparams': {'class_weights': [0.5393654704093933, 6.850746154785156], 'use_class_weights': 1, 'learning_rate': 1.440579188959912e-05, 'per_device_train_batch_size': 4, 'per_device_eval_batch_size': 12, 'num_train_epochs': 10, 'weight_decay': 0.11800300455690439, 'model_name': 'climatebert/distilroberta-base-climate-f', 'optim': 'adamw_torch'}}",4
0.5,0.8,0.6153846153846154,0.6567164179104478,0.9777777777777777,0.7857142857142857,1250,139,90,1160,10,129,0.5,Direct injury and death,health,CLIMATEBERT,health|3,4243,0.7027027027027027,0.7647058823529411,0.7323943661971831,0.6987951807228916,0.8656716417910447,0.7733333333333333,"{'model': 'transformer', 'hyperparams': {'class_weights': [0.5393654704093933, 6.850746154785156], 'use_class_weights': 1, 'learning_rate': 1.440579188959912e-05, 'per_device_train_batch_size': 4, 'per_device_eval_batch_size': 12, 'num_train_epochs': 10, 'weight_decay': 0.11800300455690439, 'model_name': 'climatebert/distilroberta-base-climate-f', 'optim': 'adamw_torch'}}",5
0.45454545454545453,0.5,0.47619047619047616,0.7477477477477478,0.9222222222222223,0.8258706467661692,1250,139,90,1160,10,129,0.5,Direct injury and death,health,CLIMATEBERT,health|3,4243,0.7027027027027027,0.7647058823529411,0.7323943661971831,0.6987951807228916,0.8656716417910447,0.7733333333333333,"{'model': 'transformer', 'hyperparams': {'class_weights': [0.5393654704093933, 6.850746154785156], 'use_class_weights': 1, 'learning_rate': 1.440579188959912e-05, 'per_device_train_batch_size': 4, 'per_device_eval_batch_size': 12, 'num_train_epochs': 10, 'weight_decay': 0.11800300455690439, 'model_name': 'climatebert/distilroberta-base-climate-f', 'optim': 'adamw_torch'}}",6
0.6428571428571429,0.9,0.75,0.7016129032258065,0.9666666666666667,0.8130841121495327,1250,139,90,1160,10,129,0.5,Direct injury and death,health,CLIMATEBERT,health|3,4243,0.7027027027027027,0.7647058823529411,0.7323943661971831,0.6987951807228916,0.8656716417910447,0.7733333333333333,"{'model': 'transformer', 'hyperparams': {'class_weights': [0.5393654704093933, 6.850746154785156], 'use_class_weights': 1, 'learning_rate': 1.440579188959912e-05, 'per_device_train_batch_size': 4, 'per_device_eval_batch_size': 12, 'num_train_epochs': 10, 'weight_decay': 0.11800300455690439, 'model_name': 'climatebert/distilroberta-base-climate-f', 'optim': 'adamw_torch'}}",7
0.5333333333333333,0.8,0.64,0.7073170731707317,0.9666666666666667,0.8169014084507042,1250,139,90,1160,10,129,0.5,Direct injury and death,health,CLIMATEBERT,health|3,4243,0.7027027027027027,0.7647058823529411,0.7323943661971831,0.6987951807228916,0.8656716417910447,0.7733333333333333,"{'model': 'transformer', 'hyperparams': {'class_weights': [0.5393654704093933, 6.850746154785156], 'use_class_weights': 1, 'learning_rate': 1.440579188959912e-05, 'per_device_train_batch_size': 4, 'per_device_eval_batch_size': 12, 'num_train_epochs': 10, 'weight_decay': 0.11800300455690439, 'model_name': 'climatebert/distilroberta-base-climate-f', 'optim': 'adamw_torch'}}",8
0.6428571428571429,0.9,0.75,0.6641221374045801,0.9666666666666667,0.7873303167420814,1251,138,90,1161,10,128,0.5,Direct injury and death,health,CLIMATEBERT,health|3,4243,0.7027027027027027,0.7647058823529411,0.7323943661971831,0.6987951807228916,0.8656716417910447,0.7733333333333333,"{'model': 'transformer', 'hyperparams': {'class_weights': [0.5393654704093933, 6.850746154785156], 'use_class_weights': 1, 'learning_rate': 1.440579188959912e-05, 'per_device_train_batch_size': 4, 'per_device_eval_batch_size': 12, 'num_train_epochs': 10, 'weight_decay': 0.11800300455690439, 'model_name': 'climatebert/distilroberta-base-climate-f', 'optim': 'adamw_torch'}}",9
0.9333333333333333,0.865979381443299,0.8983957219251337,0.9563106796116505,0.906789413118527,0.9308919078558772,1039,116,869,170,97,19,0.5,Impacts,cat,SCIBERT,cat|2,4243,0.9283582089552239,0.9452887537993921,0.9367469879518072,0.9655172413793104,0.967032967032967,0.9662745098039216,"{'model': 'transformer', 'hyperparams': {'class_weights': [3.0480000972747803, 0.5981161594390869], 'use_class_weights': 1, 'learning_rate': 1.8805757525503958e-05, 'per_device_train_batch_size': 8, 'per_device_eval_batch_size': 12, 'num_train_epochs': 2, 'weight_decay': 0.12335429783317928, 'model_name': 'allenai/scibert_scivocab_uncased', 'optim': 'adamw_torch'}}",0
0.9767441860465116,0.865979381443299,0.9180327868852459,0.9821656050955414,0.8872266973532796,0.932285368802902,1039,116,869,170,97,19,0.5,Impacts,cat,SCIBERT,cat|2,4243,0.9283582089552239,0.9452887537993921,0.9367469879518072,0.9655172413793104,0.967032967032967,0.9662745098039216,"{'model': 'transformer', 'hyperparams': {'class_weights': [3.0480000972747803, 0.5981161594390869], 'use_class_weights': 1, 'learning_rate': 1.8805757525503958e-05, 'per_device_train_batch_size': 8, 'per_device_eval_batch_size': 12, 'num_train_epochs': 2, 'weight_decay': 0.12335429783317928, 'model_name': 'allenai/scibert_scivocab_uncased', 'optim': 'adamw_torch'}}",1
0.9166666666666666,0.9072164948453608,0.9119170984455959,0.9775678866587958,0.952819332566168,0.965034965034965,1039,116,869,170,97,19,0.5,Impacts,cat,SCIBERT,cat|2,4243,0.9283582089552239,0.9452887537993921,0.9367469879518072,0.9655172413793104,0.967032967032967,0.9662745098039216,"{'model': 'transformer', 'hyperparams': {'class_weights': [3.0480000972747803, 0.5981161594390869], 'use_class_weights': 1, 'learning_rate': 1.8805757525503958e-05, 'per_device_train_batch_size': 8, 'per_device_eval_batch_size': 12, 'num_train_epochs': 2, 'weight_decay': 0.12335429783317928, 'model_name': 'allenai/scibert_scivocab_uncased', 'optim': 'adamw_torch'}}",2
0.9157894736842105,0.8969072164948454,0.90625,0.9786223277909739,0.9482163406214039,0.9631794272355347,1039,116,869,170,97,19,0.5,Impacts,cat,SCIBERT,cat|2,4243,0.9283582089552239,0.9452887537993921,0.9367469879518072,0.9655172413793104,0.967032967032967,0.9662745098039216,"{'model': 'transformer', 'hyperparams': {'class_weights': [3.0480000972747803, 0.5981161594390869], 'use_class_weights': 1, 'learning_rate': 1.8805757525503958e-05, 'per_device_train_batch_size': 8, 'per_device_eval_batch_size': 12, 'num_train_epochs': 2, 'weight_decay': 0.12335429783317928, 'model_name': 'allenai/scibert_scivocab_uncased', 'optim': 'adamw_torch'}}",3
0.9361702127659575,0.9072164948453608,0.9214659685863874,0.9864864864864865,0.9240506329113924,0.954248366013072,1039,116,869,170,97,19,0.5,Impacts,cat,SCIBERT,cat|2,4243,0.9283582089552239,0.9452887537993921,0.9367469879518072,0.9655172413793104,0.967032967032967,0.9662745098039216,"{'model': 'transformer', 'hyperparams': {'class_weights': [3.0480000972747803, 0.5981161594390869], 'use_class_weights': 1, 'learning_rate': 1.8805757525503958e-05, 'per_device_train_batch_size': 8, 'per_device_eval_batch_size': 12, 'num_train_epochs': 2, 'weight_decay': 0.12335429783317928, 'model_name': 'allenai/scibert_scivocab_uncased', 'optim': 'adamw_torch'}}",4
0.9659090909090909,0.8762886597938144,0.918918918918919,0.9771863117870723,0.8872266973532796,0.9300361881785284,1040,115,869,171,97,18,0.5,Impacts,cat,SCIBERT,cat|2,4243,0.9283582089552239,0.9452887537993921,0.9367469879518072,0.9655172413793104,0.967032967032967,0.9662745098039216,"{'model': 'transformer', 'hyperparams': {'class_weights': [3.0480000972747803, 0.5981161594390869], 'use_class_weights': 1, 'learning_rate': 1.8805757525503958e-05, 'per_device_train_batch_size': 8, 'per_device_eval_batch_size': 12, 'num_train_epochs': 2, 'weight_decay': 0.12335429783317928, 'model_name': 'allenai/scibert_scivocab_uncased', 'optim': 'adamw_torch'}}",5
0.9767441860465116,0.875,0.9230769230769231,0.9877149877149877,0.9241379310344827,0.9548693586698337,1040,115,870,170,96,19,0.5,Impacts,cat,SCIBERT,cat|2,4243,0.9283582089552239,0.9452887537993921,0.9367469879518072,0.9655172413793104,0.967032967032967,0.9662745098039216,"{'model': 'transformer', 'hyperparams': {'class_weights': [3.0480000972747803, 0.5981161594390869], 'use_class_weights': 1, 'learning_rate': 1.8805757525503958e-05, 'per_device_train_batch_size': 8, 'per_device_eval_batch_size': 12, 'num_train_epochs': 2, 'weight_decay': 0.12335429783317928, 'model_name': 'allenai/scibert_scivocab_uncased', 'optim': 'adamw_torch'}}",6
0.9777777777777777,0.9166666666666666,0.946236559139785,0.9719745222929936,0.8770114942528736,0.9220543806646526,1040,115,870,170,96,19,0.5,Impacts,cat,SCIBERT,cat|2,4243,0.9283582089552239,0.9452887537993921,0.9367469879518072,0.9655172413793104,0.967032967032967,0.9662745098039216,"{'model': 'transformer', 'hyperparams': {'class_weights': [3.0480000972747803, 0.5981161594390869], 'use_class_weights': 1, 'learning_rate': 1.8805757525503958e-05, 'per_device_train_batch_size': 8, 'per_device_eval_batch_size': 12, 'num_train_epochs': 2, 'weight_decay': 0.12335429783317928, 'model_name': 'allenai/scibert_scivocab_uncased', 'optim': 'adamw_torch'}}",7
0.9642857142857143,0.84375,0.9,0.9825,0.903448275862069,0.9413173652694611,1040,115,870,170,96,19,0.5,Impacts,cat,SCIBERT,cat|2,4243,0.9283582089552239,0.9452887537993921,0.9367469879518072,0.9655172413793104,0.967032967032967,0.9662745098039216,"{'model': 'transformer', 'hyperparams': {'class_weights': [3.0480000972747803, 0.5981161594390869], 'use_class_weights': 1, 'learning_rate': 1.8805757525503958e-05, 'per_device_train_batch_size': 8, 'per_device_eval_batch_size': 12, 'num_train_epochs': 2, 'weight_decay': 0.12335429783317928, 'model_name': 'allenai/scibert_scivocab_uncased', 'optim': 'adamw_torch'}}",8
0.9333333333333333,0.875,0.9032258064516129,0.9814126394052045,0.9103448275862069,0.9445438282647585,1040,115,870,170,96,19,0.5,Impacts,cat,SCIBERT,cat|2,4243,0.9283582089552239,0.9452887537993921,0.9367469879518072,0.9655172413793104,0.967032967032967,0.9662745098039216,"{'model': 'transformer', 'hyperparams': {'class_weights': [3.0480000972747803, 0.5981161594390869], 'use_class_weights': 1, 'learning_rate': 1.8805757525503958e-05, 'per_device_train_batch_size': 8, 'per_device_eval_batch_size': 12, 'num_train_epochs': 2, 'weight_decay': 0.12335429783317928, 'model_name': 'allenai/scibert_scivocab_uncased', 'optim': 'adamw_torch'}}",9
0.9473684210526315,0.9,0.9230769230769231,0.988950276243094,0.9944444444444445,0.9916897506925207,269,30,180,89,20,10,0.5,Air pollution and allergens,expose,TINYBERT,expose|3,4243,0.9571428571428572,0.9852941176470589,0.9710144927536232,1.0,0.9318181818181818,0.9647058823529412,"{'model': 'transformer', 'hyperparams': {'class_weights': [1.5153846740722656, 0.7462121248245239], 'use_class_weights': 1, 'learning_rate': 0.0012989436309918288, 'per_device_train_batch_size': 16, 'per_device_eval_batch_size': 12, 'num_train_epochs': 4, 'weight_decay': 0.17071176603054805, 'model_name': 'prajjwal1/bert-tiny', 'optim': 'adamw_torch'}}",0
1.0,0.9,0.9473684210526315,0.9830508474576272,0.9666666666666667,0.9747899159663865,269,30,180,89,20,10,0.5,Air pollution and allergens,expose,TINYBERT,expose|3,4243,0.9571428571428572,0.9852941176470589,0.9710144927536232,1.0,0.9318181818181818,0.9647058823529412,"{'model': 'transformer', 'hyperparams': {'class_weights': [1.5153846740722656, 0.7462121248245239], 'use_class_weights': 1, 'learning_rate': 0.0012989436309918288, 'per_device_train_batch_size': 16, 'per_device_eval_batch_size': 12, 'num_train_epochs': 4, 'weight_decay': 0.17071176603054805, 'model_name': 'prajjwal1/bert-tiny', 'optim': 'adamw_torch'}}",1
1.0,1.0,1.0,0.9833333333333333,0.9833333333333333,0.9833333333333333,269,30,180,89,20,10,0.5,Air pollution and allergens,expose,TINYBERT,expose|3,4243,0.9571428571428572,0.9852941176470589,0.9710144927536232,1.0,0.9318181818181818,0.9647058823529412,"{'model': 'transformer', 'hyperparams': {'class_weights': [1.5153846740722656, 0.7462121248245239], 'use_class_weights': 1, 'learning_rate': 0.0012989436309918288, 'per_device_train_batch_size': 16, 'per_device_eval_batch_size': 12, 'num_train_epochs': 4, 'weight_decay': 0.17071176603054805, 'model_name': 'prajjwal1/bert-tiny', 'optim': 'adamw_torch'}}",2
1.0,0.95,0.9743589743589743,0.9888888888888889,0.9888888888888889,0.9888888888888889,269,30,180,89,20,10,0.5,Air pollution and allergens,expose,TINYBERT,expose|3,4243,0.9571428571428572,0.9852941176470589,0.9710144927536232,1.0,0.9318181818181818,0.9647058823529412,"{'model': 'transformer', 'hyperparams': {'class_weights': [1.5153846740722656, 0.7462121248245239], 'use_class_weights': 1, 'learning_rate': 0.0012989436309918288, 'per_device_train_batch_size': 16, 'per_device_eval_batch_size': 12, 'num_train_epochs': 4, 'weight_decay': 0.17071176603054805, 'model_name': 'prajjwal1/bert-tiny', 'optim': 'adamw_torch'}}",3
0.9523809523809523,1.0,0.975609756097561,0.9835164835164835,0.9944444444444445,0.988950276243094,269,30,180,89,20,10,0.5,Air pollution and allergens,expose,TINYBERT,expose|3,4243,0.9571428571428572,0.9852941176470589,0.9710144927536232,1.0,0.9318181818181818,0.9647058823529412,"{'model': 'transformer', 'hyperparams': {'class_weights': [1.5153846740722656, 0.7462121248245239], 'use_class_weights': 1, 'learning_rate': 0.0012989436309918288, 'per_device_train_batch_size': 16, 'per_device_eval_batch_size': 12, 'num_train_epochs': 4, 'weight_decay': 0.17071176603054805, 'model_name': 'prajjwal1/bert-tiny', 'optim': 'adamw_torch'}}",4
0.9523809523809523,1.0,0.975609756097561,0.9943820224719101,0.9833333333333333,0.9888268156424581,269,30,180,89,20,10,0.5,Air pollution and allergens,expose,TINYBERT,expose|3,4243,0.9571428571428572,0.9852941176470589,0.9710144927536232,1.0,0.9318181818181818,0.9647058823529412,"{'model': 'transformer', 'hyperparams': {'class_weights': [1.5153846740722656, 0.7462121248245239], 'use_class_weights': 1, 'learning_rate': 0.0012989436309918288, 'per_device_train_batch_size': 16, 'per_device_eval_batch_size': 12, 'num_train_epochs': 4, 'weight_decay': 0.17071176603054805, 'model_name': 'prajjwal1/bert-tiny', 'optim': 'adamw_torch'}}",5
0.9523809523809523,1.0,0.975609756097561,0.9943502824858758,0.9777777777777777,0.9859943977591037,269,30,180,89,20,10,0.5,Air pollution and allergens,expose,TINYBERT,expose|3,4243,0.9571428571428572,0.9852941176470589,0.9710144927536232,1.0,0.9318181818181818,0.9647058823529412,"{'model': 'transformer', 'hyperparams': {'class_weights': [1.5153846740722656, 0.7462121248245239], 'use_class_weights': 1, 'learning_rate': 0.0012989436309918288, 'per_device_train_batch_size': 16, 'per_device_eval_batch_size': 12, 'num_train_epochs': 4, 'weight_decay': 0.17071176603054805, 'model_name': 'prajjwal1/bert-tiny', 'optim': 'adamw_torch'}}",6
0.9047619047619048,0.95,0.926829268292683,0.9770114942528736,0.9444444444444444,0.96045197740113,269,30,180,89,20,10,0.5,Air pollution and allergens,expose,TINYBERT,expose|3,4243,0.9571428571428572,0.9852941176470589,0.9710144927536232,1.0,0.9318181818181818,0.9647058823529412,"{'model': 'transformer', 'hyperparams': {'class_weights': [1.5153846740722656, 0.7462121248245239], 'use_class_weights': 1, 'learning_rate': 0.0012989436309918288, 'per_device_train_batch_size': 16, 'per_device_eval_batch_size': 12, 'num_train_epochs': 4, 'weight_decay': 0.17071176603054805, 'model_name': 'prajjwal1/bert-tiny', 'optim': 'adamw_torch'}}",7
0.9090909090909091,1.0,0.9523809523809523,0.9777777777777777,0.9777777777777777,0.9777777777777777,269,30,180,89,20,10,0.5,Air pollution and allergens,expose,TINYBERT,expose|3,4243,0.9571428571428572,0.9852941176470589,0.9710144927536232,1.0,0.9318181818181818,0.9647058823529412,"{'model': 'transformer', 'hyperparams': {'class_weights': [1.5153846740722656, 0.7462121248245239], 'use_class_weights': 1, 'learning_rate': 0.0012989436309918288, 'per_device_train_batch_size': 16, 'per_device_eval_batch_size': 12, 'num_train_epochs': 4, 'weight_decay': 0.17071176603054805, 'model_name': 'prajjwal1/bert-tiny', 'optim': 'adamw_torch'}}",8
1.0,0.95,0.9743589743589743,0.9834254143646409,0.9888888888888889,0.9861495844875346,270,29,180,90,20,9,0.5,Air pollution and allergens,expose,TINYBERT,expose|3,4243,0.9571428571428572,0.9852941176470589,0.9710144927536232,1.0,0.9318181818181818,0.9647058823529412,"{'model': 'transformer', 'hyperparams': {'class_weights': [1.5153846740722656, 0.7462121248245239], 'use_class_weights': 1, 'learning_rate': 0.0012989436309918288, 'per_device_train_batch_size': 16, 'per_device_eval_batch_size': 12, 'num_train_epochs': 4, 'weight_decay': 0.17071176603054805, 'model_name': 'prajjwal1/bert-tiny', 'optim': 'adamw_torch'}}",9
0.875,0.875,0.875,0.9788732394366197,0.9652777777777778,0.972027972027972,489,55,144,345,16,39,0.5,Storms,event,CLIMATEBERT,event|4,4243,0.9464285714285714,0.9636363636363636,0.954954954954955,0.9807692307692307,0.9714285714285714,0.9760765550239234,"{'model': 'transformer', 'hyperparams': {'class_weights': [0.7058823704719543, 1.7142857313156128], 'use_class_weights': 1, 'learning_rate': 5.456642732318494e-05, 'per_device_train_batch_size': 9, 'per_device_eval_batch_size': 12, 'num_train_epochs': 7, 'weight_decay': 0.0914993653894697, 'model_name': 'climatebert/distilroberta-base-climate-f', 'optim': 'adamw_torch'}}",0
1.0,1.0,1.0,0.972027972027972,0.9652777777777778,0.9686411149825784,489,55,144,345,16,39,0.5,Storms,event,CLIMATEBERT,event|4,4243,0.9464285714285714,0.9636363636363636,0.954954954954955,0.9807692307692307,0.9714285714285714,0.9760765550239234,"{'model': 'transformer', 'hyperparams': {'class_weights': [0.7058823704719543, 1.7142857313156128], 'use_class_weights': 1, 'learning_rate': 5.456642732318494e-05, 'per_device_train_batch_size': 9, 'per_device_eval_batch_size': 12, 'num_train_epochs': 7, 'weight_decay': 0.0914993653894697, 'model_name': 'climatebert/distilroberta-base-climate-f', 'optim': 'adamw_torch'}}",1
0.8888888888888888,1.0,0.9411764705882353,0.9788732394366197,0.9652777777777778,0.972027972027972,489,55,144,345,16,39,0.5,Storms,event,CLIMATEBERT,event|4,4243,0.9464285714285714,0.9636363636363636,0.954954954954955,0.9807692307692307,0.9714285714285714,0.9760765550239234,"{'model': 'transformer', 'hyperparams': {'class_weights': [0.7058823704719543, 1.7142857313156128], 'use_class_weights': 1, 'learning_rate': 5.456642732318494e-05, 'per_device_train_batch_size': 9, 'per_device_eval_batch_size': 12, 'num_train_epochs': 7, 'weight_decay': 0.0914993653894697, 'model_name': 'climatebert/distilroberta-base-climate-f', 'optim': 'adamw_torch'}}",2
1.0,0.875,0.9333333333333333,0.9929078014184397,0.9722222222222222,0.9824561403508771,489,55,144,345,16,39,0.5,Storms,event,CLIMATEBERT,event|4,4243,0.9464285714285714,0.9636363636363636,0.954954954954955,0.9807692307692307,0.9714285714285714,0.9760765550239234,"{'model': 'transformer', 'hyperparams': {'class_weights': [0.7058823704719543, 1.7142857313156128], 'use_class_weights': 1, 'learning_rate': 5.456642732318494e-05, 'per_device_train_batch_size': 9, 'per_device_eval_batch_size': 12, 'num_train_epochs': 7, 'weight_decay': 0.0914993653894697, 'model_name': 'climatebert/distilroberta-base-climate-f', 'optim': 'adamw_torch'}}",3
0.8421052631578947,1.0,0.9142857142857143,0.9337748344370861,0.9791666666666666,0.9559322033898305,490,54,144,346,16,38,0.5,Storms,event,CLIMATEBERT,event|4,4243,0.9464285714285714,0.9636363636363636,0.954954954954955,0.9807692307692307,0.9714285714285714,0.9760765550239234,"{'model': 'transformer', 'hyperparams': {'class_weights': [0.7058823704719543, 1.7142857313156128], 'use_class_weights': 1, 'learning_rate': 5.456642732318494e-05, 'per_device_train_batch_size': 9, 'per_device_eval_batch_size': 12, 'num_train_epochs': 7, 'weight_decay': 0.0914993653894697, 'model_name': 'climatebert/distilroberta-base-climate-f', 'optim': 'adamw_torch'}}",4
0.8888888888888888,1.0,0.9411764705882353,0.9328859060402684,0.9652777777777778,0.9488054607508533,490,54,144,346,16,38,0.5,Storms,event,CLIMATEBERT,event|4,4243,0.9464285714285714,0.9636363636363636,0.954954954954955,0.9807692307692307,0.9714285714285714,0.9760765550239234,"{'model': 'transformer', 'hyperparams': {'class_weights': [0.7058823704719543, 1.7142857313156128], 'use_class_weights': 1, 'learning_rate': 5.456642732318494e-05, 'per_device_train_batch_size': 9, 'per_device_eval_batch_size': 12, 'num_train_epochs': 7, 'weight_decay': 0.0914993653894697, 'model_name': 'climatebert/distilroberta-base-climate-f', 'optim': 'adamw_torch'}}",5
0.8333333333333334,0.9375,0.8823529411764706,0.9523809523809523,0.9722222222222222,0.9621993127147767,490,54,144,346,16,38,0.5,Storms,event,CLIMATEBERT,event|4,4243,0.9464285714285714,0.9636363636363636,0.954954954954955,0.9807692307692307,0.9714285714285714,0.9760765550239234,"{'model': 'transformer', 'hyperparams': {'class_weights': [0.7058823704719543, 1.7142857313156128], 'use_class_weights': 1, 'learning_rate': 5.456642732318494e-05, 'per_device_train_batch_size': 9, 'per_device_eval_batch_size': 12, 'num_train_epochs': 7, 'weight_decay': 0.0914993653894697, 'model_name': 'climatebert/distilroberta-base-climate-f', 'optim': 'adamw_torch'}}",6
1.0,1.0,1.0,0.94,0.9791666666666666,0.9591836734693877,490,54,144,346,16,38,0.5,Storms,event,CLIMATEBERT,event|4,4243,0.9464285714285714,0.9636363636363636,0.954954954954955,0.9807692307692307,0.9714285714285714,0.9760765550239234,"{'model': 'transformer', 'hyperparams': {'class_weights': [0.7058823704719543, 1.7142857313156128], 'use_class_weights': 1, 'learning_rate': 5.456642732318494e-05, 'per_device_train_batch_size': 9, 'per_device_eval_batch_size': 12, 'num_train_epochs': 7, 'weight_decay': 0.0914993653894697, 'model_name': 'climatebert/distilroberta-base-climate-f', 'optim': 'adamw_torch'}}",7
0.9375,0.9375,0.9375,0.958904109589041,0.9722222222222222,0.9655172413793104,490,54,144,346,16,38,0.5,Storms,event,CLIMATEBERT,event|4,4243,0.9464285714285714,0.9636363636363636,0.954954954954955,0.9807692307692307,0.9714285714285714,0.9760765550239234,"{'model': 'transformer', 'hyperparams': {'class_weights': [0.7058823704719543, 1.7142857313156128], 'use_class_weights': 1, 'learning_rate': 5.456642732318494e-05, 'per_device_train_batch_size': 9, 'per_device_eval_batch_size': 12, 'num_train_epochs': 7, 'weight_decay': 0.0914993653894697, 'model_name': 'climatebert/distilroberta-base-climate-f', 'optim': 'adamw_torch'}}",8
1.0,0.9375,0.967741935483871,0.9459459459459459,0.9722222222222222,0.958904109589041,490,54,144,346,16,38,0.5,Storms,event,CLIMATEBERT,event|4,4243,0.9464285714285714,0.9636363636363636,0.954954954954955,0.9807692307692307,0.9714285714285714,0.9760765550239234,"{'model': 'transformer', 'hyperparams': {'class_weights': [0.7058823704719543, 1.7142857313156128], 'use_class_weights': 1, 'learning_rate': 5.456642732318494e-05, 'per_device_train_batch_size': 9, 'per_device_eval_batch_size': 12, 'num_train_epochs': 7, 'weight_decay': 0.0914993653894697, 'model_name': 'climatebert/distilroberta-base-climate-f', 'optim': 'adamw_torch'}}",9
0.5,0.5,0.5,0.5652173913043478,1.0,0.7222222222222222,1250,139,39,1211,4,135,0.5,Metabolic Disorders,health,SCIBERT,health|10,4243,0.25806451612903225,0.5333333333333333,0.34782608695652173,0.48,0.8571428571428571,0.6153846153846154,"{'model': 'transformer', 'hyperparams': {'class_weights': [0.5157303214073181, 16.39285659790039], 'use_class_weights': 1, 'learning_rate': 1.6030699123657093e-05, 'per_device_train_batch_size': 3, 'per_device_eval_batch_size': 12, 'num_train_epochs': 9, 'weight_decay': 0.18175041756797142, 'model_name': 'allenai/scibert_scivocab_uncased', 'optim': 'adamw_torch'}}",0
0.3,0.75,0.42857142857142855,0.5,0.9743589743589743,0.6608695652173913,1250,139,39,1211,4,135,0.5,Metabolic Disorders,health,SCIBERT,health|10,4243,0.25806451612903225,0.5333333333333333,0.34782608695652173,0.48,0.8571428571428571,0.6153846153846154,"{'model': 'transformer', 'hyperparams': {'class_weights': [0.5157303214073181, 16.39285659790039], 'use_class_weights': 1, 'learning_rate': 1.6030699123657093e-05, 'per_device_train_batch_size': 3, 'per_device_eval_batch_size': 12, 'num_train_epochs': 9, 'weight_decay': 0.18175041756797142, 'model_name': 'allenai/scibert_scivocab_uncased', 'optim': 'adamw_torch'}}",1
0.26666666666666666,1.0,0.42105263157894735,0.42857142857142855,0.9230769230769231,0.5853658536585366,1250,139,39,1211,4,135,0.5,Metabolic Disorders,health,SCIBERT,health|10,4243,0.25806451612903225,0.5333333333333333,0.34782608695652173,0.48,0.8571428571428571,0.6153846153846154,"{'model': 'transformer', 'hyperparams': {'class_weights': [0.5157303214073181, 16.39285659790039], 'use_class_weights': 1, 'learning_rate': 1.6030699123657093e-05, 'per_device_train_batch_size': 3, 'per_device_eval_batch_size': 12, 'num_train_epochs': 9, 'weight_decay': 0.18175041756797142, 'model_name': 'allenai/scibert_scivocab_uncased', 'optim': 'adamw_torch'}}",2
0.3333333333333333,0.5,0.4,0.5625,0.9230769230769231,0.6990291262135923,1250,139,39,1211,4,135,0.5,Metabolic Disorders,health,SCIBERT,health|10,4243,0.25806451612903225,0.5333333333333333,0.34782608695652173,0.48,0.8571428571428571,0.6153846153846154,"{'model': 'transformer', 'hyperparams': {'class_weights': [0.5157303214073181, 16.39285659790039], 'use_class_weights': 1, 'learning_rate': 1.6030699123657093e-05, 'per_device_train_batch_size': 3, 'per_device_eval_batch_size': 12, 'num_train_epochs': 9, 'weight_decay': 0.18175041756797142, 'model_name': 'allenai/scibert_scivocab_uncased', 'optim': 'adamw_torch'}}",3
0.0,0.0,0.0,0.5211267605633803,0.9487179487179487,0.6727272727272727,1250,139,39,1211,4,135,0.5,Metabolic Disorders,health,SCIBERT,health|10,4243,0.25806451612903225,0.5333333333333333,0.34782608695652173,0.48,0.8571428571428571,0.6153846153846154,"{'model': 'transformer', 'hyperparams': {'class_weights': [0.5157303214073181, 16.39285659790039], 'use_class_weights': 1, 'learning_rate': 1.6030699123657093e-05, 'per_device_train_batch_size': 3, 'per_device_eval_batch_size': 12, 'num_train_epochs': 9, 'weight_decay': 0.18175041756797142, 'model_name': 'allenai/scibert_scivocab_uncased', 'optim': 'adamw_torch'}}",4
0.21428571428571427,0.75,0.3333333333333333,0.5066666666666667,0.9743589743589743,0.6666666666666666,1250,139,39,1211,4,135,0.5,Metabolic Disorders,health,SCIBERT,health|10,4243,0.25806451612903225,0.5333333333333333,0.34782608695652173,0.48,0.8571428571428571,0.6153846153846154,"{'model': 'transformer', 'hyperparams': {'class_weights': [0.5157303214073181, 16.39285659790039], 'use_class_weights': 1, 'learning_rate': 1.6030699123657093e-05, 'per_device_train_batch_size': 3, 'per_device_eval_batch_size': 12, 'num_train_epochs': 9, 'weight_decay': 0.18175041756797142, 'model_name': 'allenai/scibert_scivocab_uncased', 'optim': 'adamw_torch'}}",5
0.4444444444444444,0.8,0.5714285714285714,0.4691358024691358,1.0,0.6386554621848739,1250,139,38,1212,5,134,0.5,Metabolic Disorders,health,SCIBERT,health|10,4243,0.25806451612903225,0.5333333333333333,0.34782608695652173,0.48,0.8571428571428571,0.6153846153846154,"{'model': 'transformer', 'hyperparams': {'class_weights': [0.5157303214073181, 16.39285659790039], 'use_class_weights': 1, 'learning_rate': 1.6030699123657093e-05, 'per_device_train_batch_size': 3, 'per_device_eval_batch_size': 12, 'num_train_epochs': 9, 'weight_decay': 0.18175041756797142, 'model_name': 'allenai/scibert_scivocab_uncased', 'optim': 'adamw_torch'}}",6
0.2,0.4,0.26666666666666666,0.37254901960784315,1.0,0.5428571428571428,1250,139,38,1212,5,134,0.5,Metabolic Disorders,health,SCIBERT,health|10,4243,0.25806451612903225,0.5333333333333333,0.34782608695652173,0.48,0.8571428571428571,0.6153846153846154,"{'model': 'transformer', 'hyperparams': {'class_weights': [0.5157303214073181, 16.39285659790039], 'use_class_weights': 1, 'learning_rate': 1.6030699123657093e-05, 'per_device_train_batch_size': 3, 'per_device_eval_batch_size': 12, 'num_train_epochs': 9, 'weight_decay': 0.18175041756797142, 'model_name': 'allenai/scibert_scivocab_uncased', 'optim': 'adamw_torch'}}",7
0.0,0.0,0.0,0.0,0.0,0.0,1250,139,38,1212,5,134,0.5,Metabolic Disorders,health,SCIBERT,health|10,4243,0.25806451612903225,0.5333333333333333,0.34782608695652173,0.48,0.8571428571428571,0.6153846153846154,"{'model': 'transformer', 'hyperparams': {'class_weights': [0.5157303214073181, 16.39285659790039], 'use_class_weights': 1, 'learning_rate': 1.6030699123657093e-05, 'per_device_train_batch_size': 3, 'per_device_eval_batch_size': 12, 'num_train_epochs': 9, 'weight_decay': 0.18175041756797142, 'model_name': 'allenai/scibert_scivocab_uncased', 'optim': 'adamw_torch'}}",8
0.5,0.5,0.5,0.6129032258064516,0.9743589743589743,0.7524752475247525,1251,138,39,1212,4,134,0.5,Metabolic Disorders,health,SCIBERT,health|10,4243,0.25806451612903225,0.5333333333333333,0.34782608695652173,0.48,0.8571428571428571,0.6153846153846154,"{'model': 'transformer', 'hyperparams': {'class_weights': [0.5157303214073181, 16.39285659790039], 'use_class_weights': 1, 'learning_rate': 1.6030699123657093e-05, 'per_device_train_batch_size': 3, 'per_device_eval_batch_size': 12, 'num_train_epochs': 9, 'weight_decay': 0.18175041756797142, 'model_name': 'allenai/scibert_scivocab_uncased', 'optim': 'adamw_torch'}}",9
0.7142857142857143,1.0,0.8333333333333334,0.7457627118644068,1.0,0.8543689320388349,489,55,44,445,5,50,0.5,Wildfires,event,SCIBERT,event|2,4243,1.0,0.8823529411764706,0.9375,0.9696969696969697,1.0,0.9846153846153847,"{'model': 'transformer', 'hyperparams': {'class_weights': [0.5487805008888245, 5.625], 'use_class_weights': 1, 'learning_rate': 1.304051721045869e-05, 'per_device_train_batch_size': 11, 'per_device_eval_batch_size': 12, 'num_train_epochs': 7, 'weight_decay': 0.2729886655487032, 'model_name': 'allenai/scibert_scivocab_uncased', 'optim': 'adamw_torch'}}",0
0.7142857142857143,1.0,0.8333333333333334,0.7719298245614035,1.0,0.8712871287128713,489,55,44,445,5,50,0.5,Wildfires,event,SCIBERT,event|2,4243,1.0,0.8823529411764706,0.9375,0.9696969696969697,1.0,0.9846153846153847,"{'model': 'transformer', 'hyperparams': {'class_weights': [0.5487805008888245, 5.625], 'use_class_weights': 1, 'learning_rate': 1.304051721045869e-05, 'per_device_train_batch_size': 11, 'per_device_eval_batch_size': 12, 'num_train_epochs': 7, 'weight_decay': 0.2729886655487032, 'model_name': 'allenai/scibert_scivocab_uncased', 'optim': 'adamw_torch'}}",1
0.5714285714285714,0.8,0.6666666666666666,0.9166666666666666,1.0,0.9565217391304348,489,55,44,445,5,50,0.5,Wildfires,event,SCIBERT,event|2,4243,1.0,0.8823529411764706,0.9375,0.9696969696969697,1.0,0.9846153846153847,"{'model': 'transformer', 'hyperparams': {'class_weights': [0.5487805008888245, 5.625], 'use_class_weights': 1, 'learning_rate': 1.304051721045869e-05, 'per_device_train_batch_size': 11, 'per_device_eval_batch_size': 12, 'num_train_epochs': 7, 'weight_decay': 0.2729886655487032, 'model_name': 'allenai/scibert_scivocab_uncased', 'optim': 'adamw_torch'}}",2
0.8333333333333334,1.0,0.9090909090909091,0.7719298245614035,1.0,0.8712871287128713,489,55,44,445,5,50,0.5,Wildfires,event,SCIBERT,event|2,4243,1.0,0.8823529411764706,0.9375,0.9696969696969697,1.0,0.9846153846153847,"{'model': 'transformer', 'hyperparams': {'class_weights': [0.5487805008888245, 5.625], 'use_class_weights': 1, 'learning_rate': 1.304051721045869e-05, 'per_device_train_batch_size': 11, 'per_device_eval_batch_size': 12, 'num_train_epochs': 7, 'weight_decay': 0.2729886655487032, 'model_name': 'allenai/scibert_scivocab_uncased', 'optim': 'adamw_torch'}}",3
0.75,0.75,0.75,0.8035714285714286,1.0,0.8910891089108911,490,54,45,445,4,50,0.5,Wildfires,event,SCIBERT,event|2,4243,1.0,0.8823529411764706,0.9375,0.9696969696969697,1.0,0.9846153846153847,"{'model': 'transformer', 'hyperparams': {'class_weights': [0.5487805008888245, 5.625], 'use_class_weights': 1, 'learning_rate': 1.304051721045869e-05, 'per_device_train_batch_size': 11, 'per_device_eval_batch_size': 12, 'num_train_epochs': 7, 'weight_decay': 0.2729886655487032, 'model_name': 'allenai/scibert_scivocab_uncased', 'optim': 'adamw_torch'}}",4
0.5,0.4,0.4444444444444444,0.8979591836734694,1.0,0.946236559139785,490,54,44,446,5,49,0.5,Wildfires,event,SCIBERT,event|2,4243,1.0,0.8823529411764706,0.9375,0.9696969696969697,1.0,0.9846153846153847,"{'model': 'transformer', 'hyperparams': {'class_weights': [0.5487805008888245, 5.625], 'use_class_weights': 1, 'learning_rate': 1.304051721045869e-05, 'per_device_train_batch_size': 11, 'per_device_eval_batch_size': 12, 'num_train_epochs': 7, 'weight_decay': 0.2729886655487032, 'model_name': 'allenai/scibert_scivocab_uncased', 'optim': 'adamw_torch'}}",5
0.7142857142857143,1.0,0.8333333333333334,0.8775510204081632,0.9772727272727273,0.9247311827956989,490,54,44,446,5,49,0.5,Wildfires,event,SCIBERT,event|2,4243,1.0,0.8823529411764706,0.9375,0.9696969696969697,1.0,0.9846153846153847,"{'model': 'transformer', 'hyperparams': {'class_weights': [0.5487805008888245, 5.625], 'use_class_weights': 1, 'learning_rate': 1.304051721045869e-05, 'per_device_train_batch_size': 11, 'per_device_eval_batch_size': 12, 'num_train_epochs': 7, 'weight_decay': 0.2729886655487032, 'model_name': 'allenai/scibert_scivocab_uncased', 'optim': 'adamw_torch'}}",6
0.5714285714285714,0.8,0.6666666666666666,0.7413793103448276,0.9772727272727273,0.8431372549019608,490,54,44,446,5,49,0.5,Wildfires,event,SCIBERT,event|2,4243,1.0,0.8823529411764706,0.9375,0.9696969696969697,1.0,0.9846153846153847,"{'model': 'transformer', 'hyperparams': {'class_weights': [0.5487805008888245, 5.625], 'use_class_weights': 1, 'learning_rate': 1.304051721045869e-05, 'per_device_train_batch_size': 11, 'per_device_eval_batch_size': 12, 'num_train_epochs': 7, 'weight_decay': 0.2729886655487032, 'model_name': 'allenai/scibert_scivocab_uncased', 'optim': 'adamw_torch'}}",7
0.6666666666666666,0.8,0.7272727272727273,0.7213114754098361,1.0,0.8380952380952381,490,54,44,446,5,49,0.5,Wildfires,event,SCIBERT,event|2,4243,1.0,0.8823529411764706,0.9375,0.9696969696969697,1.0,0.9846153846153847,"{'model': 'transformer', 'hyperparams': {'class_weights': [0.5487805008888245, 5.625], 'use_class_weights': 1, 'learning_rate': 1.304051721045869e-05, 'per_device_train_batch_size': 11, 'per_device_eval_batch_size': 12, 'num_train_epochs': 7, 'weight_decay': 0.2729886655487032, 'model_name': 'allenai/scibert_scivocab_uncased', 'optim': 'adamw_torch'}}",8
0.6,0.6,0.6,0.8,1.0,0.8888888888888888,490,54,44,446,5,49,0.5,Wildfires,event,SCIBERT,event|2,4243,1.0,0.8823529411764706,0.9375,0.9696969696969697,1.0,0.9846153846153847,"{'model': 'transformer', 'hyperparams': {'class_weights': [0.5487805008888245, 5.625], 'use_class_weights': 1, 'learning_rate': 1.304051721045869e-05, 'per_device_train_batch_size': 11, 'per_device_eval_batch_size': 12, 'num_train_epochs': 7, 'weight_decay': 0.2729886655487032, 'model_name': 'allenai/scibert_scivocab_uncased', 'optim': 'adamw_torch'}}",9
0.8392857142857143,0.9215686274509803,0.8785046728971962,0.8467289719626169,0.9956043956043956,0.9151515151515152,1278,143,455,823,51,92,0.5,Extreme event attribution,attr,CLIMATEBERT,attr|3,4243,0.8383838383838383,0.9595375722543352,0.894878706199461,0.8582474226804123,0.9940298507462687,0.921161825726141,"{'model': 'transformer', 'hyperparams': {'class_weights': [0.7773178815841675, 1.4014925956726074], 'use_class_weights': 1, 'learning_rate': 7.793658893065005e-06, 'per_device_train_batch_size': 8, 'per_device_eval_batch_size': 12, 'num_train_epochs': 8, 'weight_decay': 0.1271856985058339, 'model_name': 'climatebert/distilroberta-base-climate-f', 'optim': 'adamw_torch'}}",0
0.819672131147541,1.0,0.9009009009009009,0.8248175182481752,0.9912280701754386,0.900398406374502,1279,142,456,823,50,92,0.5,Extreme event attribution,attr,CLIMATEBERT,attr|3,4243,0.8383838383838383,0.9595375722543352,0.894878706199461,0.8582474226804123,0.9940298507462687,0.921161825726141,"{'model': 'transformer', 'hyperparams': {'class_weights': [0.7773178815841675, 1.4014925956726074], 'use_class_weights': 1, 'learning_rate': 7.793658893065005e-06, 'per_device_train_batch_size': 8, 'per_device_eval_batch_size': 12, 'num_train_epochs': 8, 'weight_decay': 0.1271856985058339, 'model_name': 'climatebert/distilroberta-base-climate-f', 'optim': 'adamw_torch'}}",1
0.7272727272727273,0.96,0.8275862068965517,0.8525519848771267,0.9890350877192983,0.915736040609137,1279,142,456,823,50,92,0.5,Extreme event attribution,attr,CLIMATEBERT,attr|3,4243,0.8383838383838383,0.9595375722543352,0.894878706199461,0.8582474226804123,0.9940298507462687,0.921161825726141,"{'model': 'transformer', 'hyperparams': {'class_weights': [0.7773178815841675, 1.4014925956726074], 'use_class_weights': 1, 'learning_rate': 7.793658893065005e-06, 'per_device_train_batch_size': 8, 'per_device_eval_batch_size': 12, 'num_train_epochs': 8, 'weight_decay': 0.1271856985058339, 'model_name': 'climatebert/distilroberta-base-climate-f', 'optim': 'adamw_torch'}}",2
0.8448275862068966,0.98,0.9074074074074074,0.8493408662900188,0.9890350877192983,0.9138804457953394,1279,142,456,823,50,92,0.5,Extreme event attribution,attr,CLIMATEBERT,attr|3,4243,0.8383838383838383,0.9595375722543352,0.894878706199461,0.8582474226804123,0.9940298507462687,0.921161825726141,"{'model': 'transformer', 'hyperparams': {'class_weights': [0.7773178815841675, 1.4014925956726074], 'use_class_weights': 1, 'learning_rate': 7.793658893065005e-06, 'per_device_train_batch_size': 8, 'per_device_eval_batch_size': 12, 'num_train_epochs': 8, 'weight_decay': 0.1271856985058339, 'model_name': 'climatebert/distilroberta-base-climate-f', 'optim': 'adamw_torch'}}",3
0.7,0.98,0.8166666666666667,0.8525519848771267,0.9890350877192983,0.915736040609137,1279,142,456,823,50,92,0.5,Extreme event attribution,attr,CLIMATEBERT,attr|3,4243,0.8383838383838383,0.9595375722543352,0.894878706199461,0.8582474226804123,0.9940298507462687,0.921161825726141,"{'model': 'transformer', 'hyperparams': {'class_weights': [0.7773178815841675, 1.4014925956726074], 'use_class_weights': 1, 'learning_rate': 7.793658893065005e-06, 'per_device_train_batch_size': 8, 'per_device_eval_batch_size': 12, 'num_train_epochs': 8, 'weight_decay': 0.1271856985058339, 'model_name': 'climatebert/distilroberta-base-climate-f', 'optim': 'adamw_torch'}}",4
0.9245283018867925,0.9607843137254902,0.9423076923076923,0.8552380952380952,0.9868131868131869,0.9163265306122449,1279,142,455,824,51,91,0.5,Extreme event attribution,attr,CLIMATEBERT,attr|3,4243,0.8383838383838383,0.9595375722543352,0.894878706199461,0.8582474226804123,0.9940298507462687,0.921161825726141,"{'model': 'transformer', 'hyperparams': {'class_weights': [0.7773178815841675, 1.4014925956726074], 'use_class_weights': 1, 'learning_rate': 7.793658893065005e-06, 'per_device_train_batch_size': 8, 'per_device_eval_batch_size': 12, 'num_train_epochs': 8, 'weight_decay': 0.1271856985058339, 'model_name': 'climatebert/distilroberta-base-climate-f', 'optim': 'adamw_torch'}}",5
0.8392857142857143,0.9215686274509803,0.8785046728971962,0.8420074349442379,0.9956043956043956,0.9123867069486404,1279,142,455,824,51,91,0.5,Extreme event attribution,attr,CLIMATEBERT,attr|3,4243,0.8383838383838383,0.9595375722543352,0.894878706199461,0.8582474226804123,0.9940298507462687,0.921161825726141,"{'model': 'transformer', 'hyperparams': {'class_weights': [0.7773178815841675, 1.4014925956726074], 'use_class_weights': 1, 'learning_rate': 7.793658893065005e-06, 'per_device_train_batch_size': 8, 'per_device_eval_batch_size': 12, 'num_train_epochs': 8, 'weight_decay': 0.1271856985058339, 'model_name': 'climatebert/distilroberta-base-climate-f', 'optim': 'adamw_torch'}}",6
0.75,1.0,0.8571428571428571,0.8604206500956023,0.989010989010989,0.9202453987730062,1279,142,455,824,51,91,0.5,Extreme event attribution,attr,CLIMATEBERT,attr|3,4243,0.8383838383838383,0.9595375722543352,0.894878706199461,0.8582474226804123,0.9940298507462687,0.921161825726141,"{'model': 'transformer', 'hyperparams': {'class_weights': [0.7773178815841675, 1.4014925956726074], 'use_class_weights': 1, 'learning_rate': 7.793658893065005e-06, 'per_device_train_batch_size': 8, 'per_device_eval_batch_size': 12, 'num_train_epochs': 8, 'weight_decay': 0.1271856985058339, 'model_name': 'climatebert/distilroberta-base-climate-f', 'optim': 'adamw_torch'}}",7
0.8064516129032258,0.9803921568627451,0.8849557522123894,0.8519924098671727,0.9868131868131869,0.9144602851323829,1279,142,455,824,51,91,0.5,Extreme event attribution,attr,CLIMATEBERT,attr|3,4243,0.8383838383838383,0.9595375722543352,0.894878706199461,0.8582474226804123,0.9940298507462687,0.921161825726141,"{'model': 'transformer', 'hyperparams': {'class_weights': [0.7773178815841675, 1.4014925956726074], 'use_class_weights': 1, 'learning_rate': 7.793658893065005e-06, 'per_device_train_batch_size': 8, 'per_device_eval_batch_size': 12, 'num_train_epochs': 8, 'weight_decay': 0.1271856985058339, 'model_name': 'climatebert/distilroberta-base-climate-f', 'optim': 'adamw_torch'}}",8
0.8448275862068966,0.9607843137254902,0.8990825688073395,0.8408239700374532,0.9868131868131869,0.9079878665318504,1279,142,455,824,51,91,0.5,Extreme event attribution,attr,CLIMATEBERT,attr|3,4243,0.8383838383838383,0.9595375722543352,0.894878706199461,0.8582474226804123,0.9940298507462687,0.921161825726141,"{'model': 'transformer', 'hyperparams': {'class_weights': [0.7773178815841675, 1.4014925956726074], 'use_class_weights': 1, 'learning_rate': 7.793658893065005e-06, 'per_device_train_batch_size': 8, 'per_device_eval_batch_size': 12, 'num_train_epochs': 8, 'weight_decay': 0.1271856985058339, 'model_name': 'climatebert/distilroberta-base-climate-f', 'optim': 'adamw_torch'}}",9
0.5294117647058824,0.75,0.6206896551724138,0.8308823529411765,0.9912280701754386,0.904,1250,139,114,1136,12,127,0.5,Food safety and security,health,SCIBERT,health|0,4243,0.7454545454545455,0.9534883720930233,0.8367346938775511,0.7941176470588235,0.9759036144578314,0.8756756756756757,"{'model': 'transformer', 'hyperparams': {'class_weights': [0.5497006177902222, 5.530120372772217], 'use_class_weights': 1, 'learning_rate': 9.151555453886548e-06, 'per_device_train_batch_size': 9, 'per_device_eval_batch_size': 12, 'num_train_epochs': 9, 'weight_decay': 0.2555368038562642, 'model_name': 'allenai/scibert_scivocab_uncased', 'optim': 'adamw_torch'}}",0
0.6111111111111112,0.9166666666666666,0.7333333333333333,0.8308823529411765,0.9912280701754386,0.904,1250,139,114,1136,12,127,0.5,Food safety and security,health,SCIBERT,health|0,4243,0.7454545454545455,0.9534883720930233,0.8367346938775511,0.7941176470588235,0.9759036144578314,0.8756756756756757,"{'model': 'transformer', 'hyperparams': {'class_weights': [0.5497006177902222, 5.530120372772217], 'use_class_weights': 1, 'learning_rate': 9.151555453886548e-06, 'per_device_train_batch_size': 9, 'per_device_eval_batch_size': 12, 'num_train_epochs': 9, 'weight_decay': 0.2555368038562642, 'model_name': 'allenai/scibert_scivocab_uncased', 'optim': 'adamw_torch'}}",1
0.7857142857142857,0.9166666666666666,0.8461538461538461,0.8142857142857143,1.0,0.8976377952755905,1250,139,114,1136,12,127,0.5,Food safety and security,health,SCIBERT,health|0,4243,0.7454545454545455,0.9534883720930233,0.8367346938775511,0.7941176470588235,0.9759036144578314,0.8756756756756757,"{'model': 'transformer', 'hyperparams': {'class_weights': [0.5497006177902222, 5.530120372772217], 'use_class_weights': 1, 'learning_rate': 9.151555453886548e-06, 'per_device_train_batch_size': 9, 'per_device_eval_batch_size': 12, 'num_train_epochs': 9, 'weight_decay': 0.2555368038562642, 'model_name': 'allenai/scibert_scivocab_uncased', 'optim': 'adamw_torch'}}",2
0.6875,0.8461538461538461,0.7586206896551724,0.7847222222222222,1.0,0.8793774319066148,1250,139,113,1137,13,126,0.5,Food safety and security,health,SCIBERT,health|0,4243,0.7454545454545455,0.9534883720930233,0.8367346938775511,0.7941176470588235,0.9759036144578314,0.8756756756756757,"{'model': 'transformer', 'hyperparams': {'class_weights': [0.5497006177902222, 5.530120372772217], 'use_class_weights': 1, 'learning_rate': 9.151555453886548e-06, 'per_device_train_batch_size': 9, 'per_device_eval_batch_size': 12, 'num_train_epochs': 9, 'weight_decay': 0.2555368038562642, 'model_name': 'allenai/scibert_scivocab_uncased', 'optim': 'adamw_torch'}}",3
0.7857142857142857,0.8461538461538461,0.8148148148148148,0.8248175182481752,1.0,0.904,1250,139,113,1137,13,126,0.5,Food safety and security,health,SCIBERT,health|0,4243,0.7454545454545455,0.9534883720930233,0.8367346938775511,0.7941176470588235,0.9759036144578314,0.8756756756756757,"{'model': 'transformer', 'hyperparams': {'class_weights': [0.5497006177902222, 5.530120372772217], 'use_class_weights': 1, 'learning_rate': 9.151555453886548e-06, 'per_device_train_batch_size': 9, 'per_device_eval_batch_size': 12, 'num_train_epochs': 9, 'weight_decay': 0.2555368038562642, 'model_name': 'allenai/scibert_scivocab_uncased', 'optim': 'adamw_torch'}}",4
0.8333333333333334,0.7692307692307693,0.8,0.837037037037037,1.0,0.9112903225806451,1250,139,113,1137,13,126,0.5,Food safety and security,health,SCIBERT,health|0,4243,0.7454545454545455,0.9534883720930233,0.8367346938775511,0.7941176470588235,0.9759036144578314,0.8756756756756757,"{'model': 'transformer', 'hyperparams': {'class_weights': [0.5497006177902222, 5.530120372772217], 'use_class_weights': 1, 'learning_rate': 9.151555453886548e-06, 'per_device_train_batch_size': 9, 'per_device_eval_batch_size': 12, 'num_train_epochs': 9, 'weight_decay': 0.2555368038562642, 'model_name': 'allenai/scibert_scivocab_uncased', 'optim': 'adamw_torch'}}",5
0.5263157894736842,0.7692307692307693,0.625,0.8296296296296296,0.9911504424778761,0.9032258064516129,1250,139,113,1137,13,126,0.5,Food safety and security,health,SCIBERT,health|0,4243,0.7454545454545455,0.9534883720930233,0.8367346938775511,0.7941176470588235,0.9759036144578314,0.8756756756756757,"{'model': 'transformer', 'hyperparams': {'class_weights': [0.5497006177902222, 5.530120372772217], 'use_class_weights': 1, 'learning_rate': 9.151555453886548e-06, 'per_device_train_batch_size': 9, 'per_device_eval_batch_size': 12, 'num_train_epochs': 9, 'weight_decay': 0.2555368038562642, 'model_name': 'allenai/scibert_scivocab_uncased', 'optim': 'adamw_torch'}}",6
0.6111111111111112,0.8461538461538461,0.7096774193548387,0.8682170542635659,0.9911504424778761,0.9256198347107438,1250,139,113,1137,13,126,0.5,Food safety and security,health,SCIBERT,health|0,4243,0.7454545454545455,0.9534883720930233,0.8367346938775511,0.7941176470588235,0.9759036144578314,0.8756756756756757,"{'model': 'transformer', 'hyperparams': {'class_weights': [0.5497006177902222, 5.530120372772217], 'use_class_weights': 1, 'learning_rate': 9.151555453886548e-06, 'per_device_train_batch_size': 9, 'per_device_eval_batch_size': 12, 'num_train_epochs': 9, 'weight_decay': 0.2555368038562642, 'model_name': 'allenai/scibert_scivocab_uncased', 'optim': 'adamw_torch'}}",7
0.6470588235294118,0.8461538461538461,0.7333333333333333,0.7887323943661971,0.9911504424778761,0.8784313725490196,1250,139,113,1137,13,126,0.5,Food safety and security,health,SCIBERT,health|0,4243,0.7454545454545455,0.9534883720930233,0.8367346938775511,0.7941176470588235,0.9759036144578314,0.8756756756756757,"{'model': 'transformer', 'hyperparams': {'class_weights': [0.5497006177902222, 5.530120372772217], 'use_class_weights': 1, 'learning_rate': 9.151555453886548e-06, 'per_device_train_batch_size': 9, 'per_device_eval_batch_size': 12, 'num_train_epochs': 9, 'weight_decay': 0.2555368038562642, 'model_name': 'allenai/scibert_scivocab_uncased', 'optim': 'adamw_torch'}}",8
0.6875,0.9166666666666666,0.7857142857142857,0.8260869565217391,1.0,0.9047619047619048,1251,138,114,1137,12,126,0.5,Food safety and security,health,SCIBERT,health|0,4243,0.7454545454545455,0.9534883720930233,0.8367346938775511,0.7941176470588235,0.9759036144578314,0.8756756756756757,"{'model': 'transformer', 'hyperparams': {'class_weights': [0.5497006177902222, 5.530120372772217], 'use_class_weights': 1, 'learning_rate': 9.151555453886548e-06, 'per_device_train_batch_size': 9, 'per_device_eval_batch_size': 12, 'num_train_epochs': 9, 'weight_decay': 0.2555368038562642, 'model_name': 'allenai/scibert_scivocab_uncased', 'optim': 'adamw_torch'}}",9
0.7575757575757576,0.8547008547008547,0.8032128514056225,0.8836395450568679,0.9528301886792453,0.9169314571039492,2357,262,1060,1297,117,145,0.5,Not relevant (impacts),rel_impacts,CLIMATEBERT,rel_impacts|0,4243,0.7980295566502463,0.81,0.8039702233250621,0.9241466498103666,0.9407979407979408,0.9323979591836735,"{'model': 'transformer', 'hyperparams': {'class_weights': [0.9076600074768066, 1.1132560968399048], 'use_class_weights': 1, 'learning_rate': 9.754028064979018e-06, 'per_device_train_batch_size': 9, 'per_device_eval_batch_size': 12, 'num_train_epochs': 8, 'weight_decay': 0.15197235788004068, 'model_name': 'climatebert/distilroberta-base-climate-f', 'optim': 'adamw_torch'}}",0
0.717391304347826,0.8461538461538461,0.7764705882352941,0.8914185639229422,0.960377358490566,0.924613987284287,2357,262,1060,1297,117,145,0.5,Not relevant (impacts),rel_impacts,CLIMATEBERT,rel_impacts|0,4243,0.7980295566502463,0.81,0.8039702233250621,0.9241466498103666,0.9407979407979408,0.9323979591836735,"{'model': 'transformer', 'hyperparams': {'class_weights': [0.9076600074768066, 1.1132560968399048], 'use_class_weights': 1, 'learning_rate': 9.754028064979018e-06, 'per_device_train_batch_size': 9, 'per_device_eval_batch_size': 12, 'num_train_epochs': 8, 'weight_decay': 0.15197235788004068, 'model_name': 'climatebert/distilroberta-base-climate-f', 'optim': 'adamw_torch'}}",1
0.8346456692913385,0.8983050847457628,0.8653061224489796,0.8875219683655536,0.9537299338999056,0.919435593991807,2357,262,1059,1298,118,144,0.5,Not relevant (impacts),rel_impacts,CLIMATEBERT,rel_impacts|0,4243,0.7980295566502463,0.81,0.8039702233250621,0.9241466498103666,0.9407979407979408,0.9323979591836735,"{'model': 'transformer', 'hyperparams': {'class_weights': [0.9076600074768066, 1.1132560968399048], 'use_class_weights': 1, 'learning_rate': 9.754028064979018e-06, 'per_device_train_batch_size': 9, 'per_device_eval_batch_size': 12, 'num_train_epochs': 8, 'weight_decay': 0.15197235788004068, 'model_name': 'climatebert/distilroberta-base-climate-f', 'optim': 'adamw_torch'}}",2
0.7741935483870968,0.8135593220338984,0.7933884297520661,0.8904719501335708,0.9442870632672332,0.916590284142988,2357,262,1059,1298,118,144,0.5,Not relevant (impacts),rel_impacts,CLIMATEBERT,rel_impacts|0,4243,0.7980295566502463,0.81,0.8039702233250621,0.9241466498103666,0.9407979407979408,0.9323979591836735,"{'model': 'transformer', 'hyperparams': {'class_weights': [0.9076600074768066, 1.1132560968399048], 'use_class_weights': 1, 'learning_rate': 9.754028064979018e-06, 'per_device_train_batch_size': 9, 'per_device_eval_batch_size': 12, 'num_train_epochs': 8, 'weight_decay': 0.15197235788004068, 'model_name': 'climatebert/distilroberta-base-climate-f', 'optim': 'adamw_torch'}}",3
0.8333333333333334,0.8898305084745762,0.860655737704918,0.8907637655417406,0.947119924457035,0.9180778032036613,2357,262,1059,1298,118,144,0.5,Not relevant (impacts),rel_impacts,CLIMATEBERT,rel_impacts|0,4243,0.7980295566502463,0.81,0.8039702233250621,0.9241466498103666,0.9407979407979408,0.9323979591836735,"{'model': 'transformer', 'hyperparams': {'class_weights': [0.9076600074768066, 1.1132560968399048], 'use_class_weights': 1, 'learning_rate': 9.754028064979018e-06, 'per_device_train_batch_size': 9, 'per_device_eval_batch_size': 12, 'num_train_epochs': 8, 'weight_decay': 0.15197235788004068, 'model_name': 'climatebert/distilroberta-base-climate-f', 'optim': 'adamw_torch'}}",4
0.792,0.8389830508474576,0.8148148148148148,0.9063336306868867,0.959395656279509,0.9321100917431193,2357,262,1059,1298,118,144,0.5,Not relevant (impacts),rel_impacts,CLIMATEBERT,rel_impacts|0,4243,0.7980295566502463,0.81,0.8039702233250621,0.9241466498103666,0.9407979407979408,0.9323979591836735,"{'model': 'transformer', 'hyperparams': {'class_weights': [0.9076600074768066, 1.1132560968399048], 'use_class_weights': 1, 'learning_rate': 9.754028064979018e-06, 'per_device_train_batch_size': 9, 'per_device_eval_batch_size': 12, 'num_train_epochs': 8, 'weight_decay': 0.15197235788004068, 'model_name': 'climatebert/distilroberta-base-climate-f', 'optim': 'adamw_torch'}}",5
0.7686567164179104,0.8728813559322034,0.8174603174603174,0.8867595818815331,0.9612842304060434,0.9225192569098324,2357,262,1059,1298,118,144,0.5,Not relevant (impacts),rel_impacts,CLIMATEBERT,rel_impacts|0,4243,0.7980295566502463,0.81,0.8039702233250621,0.9241466498103666,0.9407979407979408,0.9323979591836735,"{'model': 'transformer', 'hyperparams': {'class_weights': [0.9076600074768066, 1.1132560968399048], 'use_class_weights': 1, 'learning_rate': 9.754028064979018e-06, 'per_device_train_batch_size': 9, 'per_device_eval_batch_size': 12, 'num_train_epochs': 8, 'weight_decay': 0.15197235788004068, 'model_name': 'climatebert/distilroberta-base-climate-f', 'optim': 'adamw_torch'}}",6
0.7769230769230769,0.8559322033898306,0.8145161290322581,0.8641765704584041,0.9612842304060434,0.9101475189986589,2357,262,1059,1298,118,144,0.5,Not relevant (impacts),rel_impacts,CLIMATEBERT,rel_impacts|0,4243,0.7980295566502463,0.81,0.8039702233250621,0.9241466498103666,0.9407979407979408,0.9323979591836735,"{'model': 'transformer', 'hyperparams': {'class_weights': [0.9076600074768066, 1.1132560968399048], 'use_class_weights': 1, 'learning_rate': 9.754028064979018e-06, 'per_device_train_batch_size': 9, 'per_device_eval_batch_size': 12, 'num_train_epochs': 8, 'weight_decay': 0.15197235788004068, 'model_name': 'climatebert/distilroberta-base-climate-f', 'optim': 'adamw_torch'}}",7
0.8035714285714286,0.7627118644067796,0.782608695652174,0.8928571428571429,0.9442870632672332,0.9178522257916475,2357,262,1059,1298,118,144,0.5,Not relevant (impacts),rel_impacts,CLIMATEBERT,rel_impacts|0,4243,0.7980295566502463,0.81,0.8039702233250621,0.9241466498103666,0.9407979407979408,0.9323979591836735,"{'model': 'transformer', 'hyperparams': {'class_weights': [0.9076600074768066, 1.1132560968399048], 'use_class_weights': 1, 'learning_rate': 9.754028064979018e-06, 'per_device_train_batch_size': 9, 'per_device_eval_batch_size': 12, 'num_train_epochs': 8, 'weight_decay': 0.15197235788004068, 'model_name': 'climatebert/distilroberta-base-climate-f', 'optim': 'adamw_torch'}}",8
0.8290598290598291,0.8290598290598291,0.8290598290598291,0.8847161572052402,0.9556603773584905,0.9188208616780046,2358,261,1060,1298,117,144,0.5,Not relevant (impacts),rel_impacts,CLIMATEBERT,rel_impacts|0,4243,0.7980295566502463,0.81,0.8039702233250621,0.9241466498103666,0.9407979407979408,0.9323979591836735,"{'model': 'transformer', 'hyperparams': {'class_weights': [0.9076600074768066, 1.1132560968399048], 'use_class_weights': 1, 'learning_rate': 9.754028064979018e-06, 'per_device_train_batch_size': 9, 'per_device_eval_batch_size': 12, 'num_train_epochs': 8, 'weight_decay': 0.15197235788004068, 'model_name': 'climatebert/distilroberta-base-climate-f', 'optim': 'adamw_torch'}}",9
0.9012345679012346,0.9012345679012346,0.9012345679012346,0.9635811836115327,0.8734525447042641,0.9163059163059163,1278,143,727,551,81,62,0.5,Climate sensitivity,attr,CLIMATEBERT,attr|2,4243,0.9558232931726908,0.8623188405797102,0.9066666666666666,0.9670781893004116,0.8801498127340824,0.9215686274509803,"{'model': 'transformer', 'hyperparams': {'class_weights': [1.1592592000961304, 0.8792135119438171], 'use_class_weights': 1, 'learning_rate': 3.033532386878313e-05, 'per_device_train_batch_size': 7, 'per_device_eval_batch_size': 12, 'num_train_epochs': 3, 'weight_decay': 0.09735168305748126, 'model_name': 'climatebert/distilroberta-base-climate-f', 'optim': 'adamw_torch'}}",0
0.9558823529411765,0.8024691358024691,0.87248322147651,0.9777070063694268,0.844566712517194,0.9062730627306274,1279,142,727,552,81,61,0.5,Climate sensitivity,attr,CLIMATEBERT,attr|2,4243,0.9558232931726908,0.8623188405797102,0.9066666666666666,0.9670781893004116,0.8801498127340824,0.9215686274509803,"{'model': 'transformer', 'hyperparams': {'class_weights': [1.1592592000961304, 0.8792135119438171], 'use_class_weights': 1, 'learning_rate': 3.033532386878313e-05, 'per_device_train_batch_size': 7, 'per_device_eval_batch_size': 12, 'num_train_epochs': 3, 'weight_decay': 0.09735168305748126, 'model_name': 'climatebert/distilroberta-base-climate-f', 'optim': 'adamw_torch'}}",1
0.9365079365079365,0.7283950617283951,0.8194444444444444,0.9726247987117552,0.8308115543328748,0.8961424332344213,1279,142,727,552,81,61,0.5,Climate sensitivity,attr,CLIMATEBERT,attr|2,4243,0.9558232931726908,0.8623188405797102,0.9066666666666666,0.9670781893004116,0.8801498127340824,0.9215686274509803,"{'model': 'transformer', 'hyperparams': {'class_weights': [1.1592592000961304, 0.8792135119438171], 'use_class_weights': 1, 'learning_rate': 3.033532386878313e-05, 'per_device_train_batch_size': 7, 'per_device_eval_batch_size': 12, 'num_train_epochs': 3, 'weight_decay': 0.09735168305748126, 'model_name': 'climatebert/distilroberta-base-climate-f', 'optim': 'adamw_torch'}}",2
0.918918918918919,0.8395061728395061,0.8774193548387097,0.9668674698795181,0.8830811554332875,0.9230769230769231,1279,142,727,552,81,61,0.5,Climate sensitivity,attr,CLIMATEBERT,attr|2,4243,0.9558232931726908,0.8623188405797102,0.9066666666666666,0.9670781893004116,0.8801498127340824,0.9215686274509803,"{'model': 'transformer', 'hyperparams': {'class_weights': [1.1592592000961304, 0.8792135119438171], 'use_class_weights': 1, 'learning_rate': 3.033532386878313e-05, 'per_device_train_batch_size': 7, 'per_device_eval_batch_size': 12, 'num_train_epochs': 3, 'weight_decay': 0.09735168305748126, 'model_name': 'climatebert/distilroberta-base-climate-f', 'optim': 'adamw_torch'}}",3
0.935064935064935,0.8888888888888888,0.9113924050632911,0.9720496894409938,0.8610729023383769,0.913202042304887,1279,142,727,552,81,61,0.5,Climate sensitivity,attr,CLIMATEBERT,attr|2,4243,0.9558232931726908,0.8623188405797102,0.9066666666666666,0.9670781893004116,0.8801498127340824,0.9215686274509803,"{'model': 'transformer', 'hyperparams': {'class_weights': [1.1592592000961304, 0.8792135119438171], 'use_class_weights': 1, 'learning_rate': 3.033532386878313e-05, 'per_device_train_batch_size': 7, 'per_device_eval_batch_size': 12, 'num_train_epochs': 3, 'weight_decay': 0.09735168305748126, 'model_name': 'climatebert/distilroberta-base-climate-f', 'optim': 'adamw_torch'}}",4
0.9452054794520548,0.8518518518518519,0.8961038961038961,0.9755301794453507,0.8225584594222833,0.8925373134328358,1279,142,727,552,81,61,0.5,Climate sensitivity,attr,CLIMATEBERT,attr|2,4243,0.9558232931726908,0.8623188405797102,0.9066666666666666,0.9670781893004116,0.8801498127340824,0.9215686274509803,"{'model': 'transformer', 'hyperparams': {'class_weights': [1.1592592000961304, 0.8792135119438171], 'use_class_weights': 1, 'learning_rate': 3.033532386878313e-05, 'per_device_train_batch_size': 7, 'per_device_eval_batch_size': 12, 'num_train_epochs': 3, 'weight_decay': 0.09735168305748126, 'model_name': 'climatebert/distilroberta-base-climate-f', 'optim': 'adamw_torch'}}",5
0.9710144927536232,0.8271604938271605,0.8933333333333333,0.9694189602446484,0.8720770288858322,0.9181752353367125,1279,142,727,552,81,61,0.5,Climate sensitivity,attr,CLIMATEBERT,attr|2,4243,0.9558232931726908,0.8623188405797102,0.9066666666666666,0.9670781893004116,0.8801498127340824,0.9215686274509803,"{'model': 'transformer', 'hyperparams': {'class_weights': [1.1592592000961304, 0.8792135119438171], 'use_class_weights': 1, 'learning_rate': 3.033532386878313e-05, 'per_device_train_batch_size': 7, 'per_device_eval_batch_size': 12, 'num_train_epochs': 3, 'weight_decay': 0.09735168305748126, 'model_name': 'climatebert/distilroberta-base-climate-f', 'optim': 'adamw_torch'}}",6
0.9206349206349206,0.7160493827160493,0.8055555555555556,0.972768532526475,0.8844566712517193,0.9265129682997119,1279,142,727,552,81,61,0.5,Climate sensitivity,attr,CLIMATEBERT,attr|2,4243,0.9558232931726908,0.8623188405797102,0.9066666666666666,0.9670781893004116,0.8801498127340824,0.9215686274509803,"{'model': 'transformer', 'hyperparams': {'class_weights': [1.1592592000961304, 0.8792135119438171], 'use_class_weights': 1, 'learning_rate': 3.033532386878313e-05, 'per_device_train_batch_size': 7, 'per_device_eval_batch_size': 12, 'num_train_epochs': 3, 'weight_decay': 0.09735168305748126, 'model_name': 'climatebert/distilroberta-base-climate-f', 'optim': 'adamw_torch'}}",7
0.8902439024390244,0.9125,0.9012345679012346,0.9607250755287009,0.8736263736263736,0.9151079136690647,1279,142,728,551,80,62,0.5,Climate sensitivity,attr,CLIMATEBERT,attr|2,4243,0.9558232931726908,0.8623188405797102,0.9066666666666666,0.9670781893004116,0.8801498127340824,0.9215686274509803,"{'model': 'transformer', 'hyperparams': {'class_weights': [1.1592592000961304, 0.8792135119438171], 'use_class_weights': 1, 'learning_rate': 3.033532386878313e-05, 'per_device_train_batch_size': 7, 'per_device_eval_batch_size': 12, 'num_train_epochs': 3, 'weight_decay': 0.09735168305748126, 'model_name': 'climatebert/distilroberta-base-climate-f', 'optim': 'adamw_torch'}}",8
0.96875,0.775,0.8611111111111112,0.975,0.8571428571428571,0.9122807017543859,1279,142,728,551,80,62,0.5,Climate sensitivity,attr,CLIMATEBERT,attr|2,4243,0.9558232931726908,0.8623188405797102,0.9066666666666666,0.9670781893004116,0.8801498127340824,0.9215686274509803,"{'model': 'transformer', 'hyperparams': {'class_weights': [1.1592592000961304, 0.8792135119438171], 'use_class_weights': 1, 'learning_rate': 3.033532386878313e-05, 'per_device_train_batch_size': 7, 'per_device_eval_batch_size': 12, 'num_train_epochs': 3, 'weight_decay': 0.09735168305748126, 'model_name': 'climatebert/distilroberta-base-climate-f', 'optim': 'adamw_torch'}}",9
0.041666666666666664,0.3333333333333333,0.07407407407407407,0.17159763313609466,1.0,0.29292929292929293,1010,113,29,981,3,110,0.5,Seasonal Change,driver,LGBM,driver|2,4243,0.09090909090909091,0.45454545454545453,0.15151515151515152,0.15,1.0,0.2608695652173913,"{'vectoriser': {'ngram_range': [1, 4], 'max_features': 10000, 'min_df': 3}, 'model': 'lightgbm', 'hyperparams': {'objective': 'binary', 'learning_rate': 0.05408570917914422, 'n_estimators': 200, 'num_leaves': 37, 'random_state': None, 'verbose': -1, 'max_depth': 5, 'min_child_samples': 6, 'subsample': 0.5327954636574028, 'colsample_bytree': 0.7829565015220364, 'reg_alpha': 0.2860421219161566, 'reg_lambda': 0.048799362873686525}}",0
0.09090909090909091,0.25,0.13333333333333333,0.1686746987951807,1.0,0.28865979381443296,1010,113,28,982,4,109,0.5,Seasonal Change,driver,LGBM,driver|2,4243,0.09090909090909091,0.45454545454545453,0.15151515151515152,0.15,1.0,0.2608695652173913,"{'vectoriser': {'ngram_range': [1, 4], 'max_features': 10000, 'min_df': 3}, 'model': 'lightgbm', 'hyperparams': {'objective': 'binary', 'learning_rate': 0.05408570917914422, 'n_estimators': 200, 'num_leaves': 37, 'random_state': None, 'verbose': -1, 'max_depth': 5, 'min_child_samples': 6, 'subsample': 0.5327954636574028, 'colsample_bytree': 0.7829565015220364, 'reg_alpha': 0.2860421219161566, 'reg_lambda': 0.048799362873686525}}",1
0.14814814814814814,1.0,0.25806451612903225,0.1339712918660287,1.0,0.23628691983122363,1010,113,28,982,4,109,0.5,Seasonal Change,driver,LGBM,driver|2,4243,0.09090909090909091,0.45454545454545453,0.15151515151515152,0.15,1.0,0.2608695652173913,"{'vectoriser': {'ngram_range': [1, 4], 'max_features': 10000, 'min_df': 3}, 'model': 'lightgbm', 'hyperparams': {'objective': 'binary', 'learning_rate': 0.05408570917914422, 'n_estimators': 200, 'num_leaves': 37, 'random_state': None, 'verbose': -1, 'max_depth': 5, 'min_child_samples': 6, 'subsample': 0.5327954636574028, 'colsample_bytree': 0.7829565015220364, 'reg_alpha': 0.2860421219161566, 'reg_lambda': 0.048799362873686525}}",2
0.06666666666666667,0.3333333333333333,0.1111111111111111,0.17791411042944785,1.0,0.3020833333333333,1011,112,29,982,3,109,0.5,Seasonal Change,driver,LGBM,driver|2,4243,0.09090909090909091,0.45454545454545453,0.15151515151515152,0.15,1.0,0.2608695652173913,"{'vectoriser': {'ngram_range': [1, 4], 'max_features': 10000, 'min_df': 3}, 'model': 'lightgbm', 'hyperparams': {'objective': 'binary', 'learning_rate': 0.05408570917914422, 'n_estimators': 200, 'num_leaves': 37, 'random_state': None, 'verbose': -1, 'max_depth': 5, 'min_child_samples': 6, 'subsample': 0.5327954636574028, 'colsample_bytree': 0.7829565015220364, 'reg_alpha': 0.2860421219161566, 'reg_lambda': 0.048799362873686525}}",3
0.125,0.6666666666666666,0.21052631578947367,0.1870967741935484,1.0,0.31521739130434784,1011,112,29,982,3,109,0.5,Seasonal Change,driver,LGBM,driver|2,4243,0.09090909090909091,0.45454545454545453,0.15151515151515152,0.15,1.0,0.2608695652173913,"{'vectoriser': {'ngram_range': [1, 4], 'max_features': 10000, 'min_df': 3}, 'model': 'lightgbm', 'hyperparams': {'objective': 'binary', 'learning_rate': 0.05408570917914422, 'n_estimators': 200, 'num_leaves': 37, 'random_state': None, 'verbose': -1, 'max_depth': 5, 'min_child_samples': 6, 'subsample': 0.5327954636574028, 'colsample_bytree': 0.7829565015220364, 'reg_alpha': 0.2860421219161566, 'reg_lambda': 0.048799362873686525}}",4
0.05555555555555555,0.3333333333333333,0.09523809523809523,0.17575757575757575,1.0,0.29896907216494845,1011,112,29,982,3,109,0.5,Seasonal Change,driver,LGBM,driver|2,4243,0.09090909090909091,0.45454545454545453,0.15151515151515152,0.15,1.0,0.2608695652173913,"{'vectoriser': {'ngram_range': [1, 4], 'max_features': 10000, 'min_df': 3}, 'model': 'lightgbm', 'hyperparams': {'objective': 'binary', 'learning_rate': 0.05408570917914422, 'n_estimators': 200, 'num_leaves': 37, 'random_state': None, 'verbose': -1, 'max_depth': 5, 'min_child_samples': 6, 'subsample': 0.5327954636574028, 'colsample_bytree': 0.7829565015220364, 'reg_alpha': 0.2860421219161566, 'reg_lambda': 0.048799362873686525}}",5
0.07142857142857142,0.3333333333333333,0.11764705882352941,0.1858974358974359,1.0,0.31351351351351353,1011,112,29,982,3,109,0.5,Seasonal Change,driver,LGBM,driver|2,4243,0.09090909090909091,0.45454545454545453,0.15151515151515152,0.15,1.0,0.2608695652173913,"{'vectoriser': {'ngram_range': [1, 4], 'max_features': 10000, 'min_df': 3}, 'model': 'lightgbm', 'hyperparams': {'objective': 'binary', 'learning_rate': 0.05408570917914422, 'n_estimators': 200, 'num_leaves': 37, 'random_state': None, 'verbose': -1, 'max_depth': 5, 'min_child_samples': 6, 'subsample': 0.5327954636574028, 'colsample_bytree': 0.7829565015220364, 'reg_alpha': 0.2860421219161566, 'reg_lambda': 0.048799362873686525}}",6
0.05,0.3333333333333333,0.08695652173913043,0.14427860696517414,1.0,0.25217391304347825,1011,112,29,982,3,109,0.5,Seasonal Change,driver,LGBM,driver|2,4243,0.09090909090909091,0.45454545454545453,0.15151515151515152,0.15,1.0,0.2608695652173913,"{'vectoriser': {'ngram_range': [1, 4], 'max_features': 10000, 'min_df': 3}, 'model': 'lightgbm', 'hyperparams': {'objective': 'binary', 'learning_rate': 0.05408570917914422, 'n_estimators': 200, 'num_leaves': 37, 'random_state': None, 'verbose': -1, 'max_depth': 5, 'min_child_samples': 6, 'subsample': 0.5327954636574028, 'colsample_bytree': 0.7829565015220364, 'reg_alpha': 0.2860421219161566, 'reg_lambda': 0.048799362873686525}}",7
0.047619047619047616,0.3333333333333333,0.08333333333333333,0.20863309352517986,1.0,0.34523809523809523,1011,112,29,982,3,109,0.5,Seasonal Change,driver,LGBM,driver|2,4243,0.09090909090909091,0.45454545454545453,0.15151515151515152,0.15,1.0,0.2608695652173913,"{'vectoriser': {'ngram_range': [1, 4], 'max_features': 10000, 'min_df': 3}, 'model': 'lightgbm', 'hyperparams': {'objective': 'binary', 'learning_rate': 0.05408570917914422, 'n_estimators': 200, 'num_leaves': 37, 'random_state': None, 'verbose': -1, 'max_depth': 5, 'min_child_samples': 6, 'subsample': 0.5327954636574028, 'colsample_bytree': 0.7829565015220364, 'reg_alpha': 0.2860421219161566, 'reg_lambda': 0.048799362873686525}}",8
0.10714285714285714,1.0,0.1935483870967742,0.13004484304932734,1.0,0.23015873015873015,1011,112,29,982,3,109,0.5,Seasonal Change,driver,LGBM,driver|2,4243,0.09090909090909091,0.45454545454545453,0.15151515151515152,0.15,1.0,0.2608695652173913,"{'vectoriser': {'ngram_range': [1, 4], 'max_features': 10000, 'min_df': 3}, 'model': 'lightgbm', 'hyperparams': {'objective': 'binary', 'learning_rate': 0.05408570917914422, 'n_estimators': 200, 'num_leaves': 37, 'random_state': None, 'verbose': -1, 'max_depth': 5, 'min_child_samples': 6, 'subsample': 0.5327954636574028, 'colsample_bytree': 0.7829565015220364, 'reg_alpha': 0.2860421219161566, 'reg_lambda': 0.048799362873686525}}",9
0.8636363636363636,1.0,0.926829268292683,0.9818181818181818,0.9700598802395209,0.9759036144578314,489,55,167,322,19,36,0.5,Floods,event,CLIMATEBERT,event|0,4243,0.9692307692307692,0.984375,0.9767441860465116,0.975609756097561,0.975609756097561,0.975609756097561,"{'model': 'transformer', 'hyperparams': {'class_weights': [0.7594936490058899, 1.4634146690368652], 'use_class_weights': 1, 'learning_rate': 0.00030476458406762533, 'per_device_train_batch_size': 2, 'per_device_eval_batch_size': 12, 'num_train_epochs': 3, 'weight_decay': 0.29539550684640514, 'model_name': 'climatebert/distilroberta-base-climate-f', 'optim': 'adamw_torch'}}",0
1.0,0.8421052631578947,0.9142857142857143,0.9819277108433735,0.9760479041916168,0.978978978978979,489,55,167,322,19,36,0.5,Floods,event,CLIMATEBERT,event|0,4243,0.9692307692307692,0.984375,0.9767441860465116,0.975609756097561,0.975609756097561,0.975609756097561,"{'model': 'transformer', 'hyperparams': {'class_weights': [0.7594936490058899, 1.4634146690368652], 'use_class_weights': 1, 'learning_rate': 0.00030476458406762533, 'per_device_train_batch_size': 2, 'per_device_eval_batch_size': 12, 'num_train_epochs': 3, 'weight_decay': 0.29539550684640514, 'model_name': 'climatebert/distilroberta-base-climate-f', 'optim': 'adamw_torch'}}",1
0.34545454545454546,1.0,0.5135135135135135,0.34151329243353784,1.0,0.5091463414634146,489,55,167,322,19,36,0.5,Floods,event,CLIMATEBERT,event|0,4243,0.9692307692307692,0.984375,0.9767441860465116,0.975609756097561,0.975609756097561,0.975609756097561,"{'model': 'transformer', 'hyperparams': {'class_weights': [0.7594936490058899, 1.4634146690368652], 'use_class_weights': 1, 'learning_rate': 0.00030476458406762533, 'per_device_train_batch_size': 2, 'per_device_eval_batch_size': 12, 'num_train_epochs': 3, 'weight_decay': 0.29539550684640514, 'model_name': 'climatebert/distilroberta-base-climate-f', 'optim': 'adamw_torch'}}",2
0.34545454545454546,1.0,0.5135135135135135,0.34151329243353784,1.0,0.5091463414634146,489,55,167,322,19,36,0.5,Floods,event,CLIMATEBERT,event|0,4243,0.9692307692307692,0.984375,0.9767441860465116,0.975609756097561,0.975609756097561,0.975609756097561,"{'model': 'transformer', 'hyperparams': {'class_weights': [0.7594936490058899, 1.4634146690368652], 'use_class_weights': 1, 'learning_rate': 0.00030476458406762533, 'per_device_train_batch_size': 2, 'per_device_eval_batch_size': 12, 'num_train_epochs': 3, 'weight_decay': 0.29539550684640514, 'model_name': 'climatebert/distilroberta-base-climate-f', 'optim': 'adamw_torch'}}",3
0.3333333333333333,1.0,0.5,0.34285714285714286,1.0,0.5106382978723404,490,54,168,322,18,36,0.5,Floods,event,CLIMATEBERT,event|0,4243,0.9692307692307692,0.984375,0.9767441860465116,0.975609756097561,0.975609756097561,0.975609756097561,"{'model': 'transformer', 'hyperparams': {'class_weights': [0.7594936490058899, 1.4634146690368652], 'use_class_weights': 1, 'learning_rate': 0.00030476458406762533, 'per_device_train_batch_size': 2, 'per_device_eval_batch_size': 12, 'num_train_epochs': 3, 'weight_decay': 0.29539550684640514, 'model_name': 'climatebert/distilroberta-base-climate-f', 'optim': 'adamw_torch'}}",4
0.9,1.0,0.9473684210526315,0.9261363636363636,0.9702380952380952,0.9476744186046512,490,54,168,322,18,36,0.5,Floods,event,CLIMATEBERT,event|0,4243,0.9692307692307692,0.984375,0.9767441860465116,0.975609756097561,0.975609756097561,0.975609756097561,"{'model': 'transformer', 'hyperparams': {'class_weights': [0.7594936490058899, 1.4634146690368652], 'use_class_weights': 1, 'learning_rate': 0.00030476458406762533, 'per_device_train_batch_size': 2, 'per_device_eval_batch_size': 12, 'num_train_epochs': 3, 'weight_decay': 0.29539550684640514, 'model_name': 'climatebert/distilroberta-base-climate-f', 'optim': 'adamw_torch'}}",5
0.3333333333333333,1.0,0.5,0.34285714285714286,1.0,0.5106382978723404,490,54,168,322,18,36,0.5,Floods,event,CLIMATEBERT,event|0,4243,0.9692307692307692,0.984375,0.9767441860465116,0.975609756097561,0.975609756097561,0.975609756097561,"{'model': 'transformer', 'hyperparams': {'class_weights': [0.7594936490058899, 1.4634146690368652], 'use_class_weights': 1, 'learning_rate': 0.00030476458406762533, 'per_device_train_batch_size': 2, 'per_device_eval_batch_size': 12, 'num_train_epochs': 3, 'weight_decay': 0.29539550684640514, 'model_name': 'climatebert/distilroberta-base-climate-f', 'optim': 'adamw_torch'}}",6
0.3333333333333333,1.0,0.5,0.34285714285714286,1.0,0.5106382978723404,490,54,168,322,18,36,0.5,Floods,event,CLIMATEBERT,event|0,4243,0.9692307692307692,0.984375,0.9767441860465116,0.975609756097561,0.975609756097561,0.975609756097561,"{'model': 'transformer', 'hyperparams': {'class_weights': [0.7594936490058899, 1.4634146690368652], 'use_class_weights': 1, 'learning_rate': 0.00030476458406762533, 'per_device_train_batch_size': 2, 'per_device_eval_batch_size': 12, 'num_train_epochs': 3, 'weight_decay': 0.29539550684640514, 'model_name': 'climatebert/distilroberta-base-climate-f', 'optim': 'adamw_torch'}}",7
0.35185185185185186,1.0,0.5205479452054794,0.3408163265306122,1.0,0.5083713850837138,490,54,167,323,19,35,0.5,Floods,event,CLIMATEBERT,event|0,4243,0.9692307692307692,0.984375,0.9767441860465116,0.975609756097561,0.975609756097561,0.975609756097561,"{'model': 'transformer', 'hyperparams': {'class_weights': [0.7594936490058899, 1.4634146690368652], 'use_class_weights': 1, 'learning_rate': 0.00030476458406762533, 'per_device_train_batch_size': 2, 'per_device_eval_batch_size': 12, 'num_train_epochs': 3, 'weight_decay': 0.29539550684640514, 'model_name': 'climatebert/distilroberta-base-climate-f', 'optim': 'adamw_torch'}}",8
0.35185185185185186,1.0,0.5205479452054794,0.3408163265306122,1.0,0.5083713850837138,490,54,167,323,19,35,0.5,Floods,event,CLIMATEBERT,event|0,4243,0.9692307692307692,0.984375,0.9767441860465116,0.975609756097561,0.975609756097561,0.975609756097561,"{'model': 'transformer', 'hyperparams': {'class_weights': [0.7594936490058899, 1.4634146690368652], 'use_class_weights': 1, 'learning_rate': 0.00030476458406762533, 'per_device_train_batch_size': 2, 'per_device_eval_batch_size': 12, 'num_train_epochs': 3, 'weight_decay': 0.29539550684640514, 'model_name': 'climatebert/distilroberta-base-climate-f', 'optim': 'adamw_torch'}}",9
0.23076923076923078,0.6,0.3333333333333333,0.33884297520661155,0.9318181818181818,0.49696969696969695,1250,139,44,1206,5,134,0.5,Health system capacity,health,CLIMATEBERT,health|7,4243,0.5454545454545454,0.7058823529411765,0.6153846153846154,0.49056603773584906,0.8125,0.611764705882353,"{'model': 'transformer', 'hyperparams': {'class_weights': [0.518058717250824, 14.34375], 'use_class_weights': 1, 'learning_rate': 1.5268430261662253e-05, 'per_device_train_batch_size': 12, 'per_device_eval_batch_size': 12, 'num_train_epochs': 6, 'weight_decay': 0.046110661855097816, 'model_name': 'climatebert/distilroberta-base-climate-f', 'optim': 'adamw_torch'}}",0
0.17647058823529413,0.6,0.2727272727272727,0.312,0.8863636363636364,0.46153846153846156,1250,139,44,1206,5,134,0.5,Health system capacity,health,CLIMATEBERT,health|7,4243,0.5454545454545454,0.7058823529411765,0.6153846153846154,0.49056603773584906,0.8125,0.611764705882353,"{'model': 'transformer', 'hyperparams': {'class_weights': [0.518058717250824, 14.34375], 'use_class_weights': 1, 'learning_rate': 1.5268430261662253e-05, 'per_device_train_batch_size': 12, 'per_device_eval_batch_size': 12, 'num_train_epochs': 6, 'weight_decay': 0.046110661855097816, 'model_name': 'climatebert/distilroberta-base-climate-f', 'optim': 'adamw_torch'}}",1
0.38461538461538464,1.0,0.5555555555555556,0.3958333333333333,0.8636363636363636,0.5428571428571428,1250,139,44,1206,5,134,0.5,Health system capacity,health,CLIMATEBERT,health|7,4243,0.5454545454545454,0.7058823529411765,0.6153846153846154,0.49056603773584906,0.8125,0.611764705882353,"{'model': 'transformer', 'hyperparams': {'class_weights': [0.518058717250824, 14.34375], 'use_class_weights': 1, 'learning_rate': 1.5268430261662253e-05, 'per_device_train_batch_size': 12, 'per_device_eval_batch_size': 12, 'num_train_epochs': 6, 'weight_decay': 0.046110661855097816, 'model_name': 'climatebert/distilroberta-base-climate-f', 'optim': 'adamw_torch'}}",2
0.26666666666666666,0.8,0.4,0.3333333333333333,0.8636363636363636,0.4810126582278481,1250,139,44,1206,5,134,0.5,Health system capacity,health,CLIMATEBERT,health|7,4243,0.5454545454545454,0.7058823529411765,0.6153846153846154,0.49056603773584906,0.8125,0.611764705882353,"{'model': 'transformer', 'hyperparams': {'class_weights': [0.518058717250824, 14.34375], 'use_class_weights': 1, 'learning_rate': 1.5268430261662253e-05, 'per_device_train_batch_size': 12, 'per_device_eval_batch_size': 12, 'num_train_epochs': 6, 'weight_decay': 0.046110661855097816, 'model_name': 'climatebert/distilroberta-base-climate-f', 'optim': 'adamw_torch'}}",3
0.3,0.6,0.4,0.33064516129032256,0.9318181818181818,0.4880952380952381,1250,139,44,1206,5,134,0.5,Health system capacity,health,CLIMATEBERT,health|7,4243,0.5454545454545454,0.7058823529411765,0.6153846153846154,0.49056603773584906,0.8125,0.611764705882353,"{'model': 'transformer', 'hyperparams': {'class_weights': [0.518058717250824, 14.34375], 'use_class_weights': 1, 'learning_rate': 1.5268430261662253e-05, 'per_device_train_batch_size': 12, 'per_device_eval_batch_size': 12, 'num_train_epochs': 6, 'weight_decay': 0.046110661855097816, 'model_name': 'climatebert/distilroberta-base-climate-f', 'optim': 'adamw_torch'}}",4
0.3076923076923077,0.8,0.4444444444444444,0.31007751937984496,0.9090909090909091,0.4624277456647399,1250,139,44,1206,5,134,0.5,Health system capacity,health,CLIMATEBERT,health|7,4243,0.5454545454545454,0.7058823529411765,0.6153846153846154,0.49056603773584906,0.8125,0.611764705882353,"{'model': 'transformer', 'hyperparams': {'class_weights': [0.518058717250824, 14.34375], 'use_class_weights': 1, 'learning_rate': 1.5268430261662253e-05, 'per_device_train_batch_size': 12, 'per_device_eval_batch_size': 12, 'num_train_epochs': 6, 'weight_decay': 0.046110661855097816, 'model_name': 'climatebert/distilroberta-base-climate-f', 'optim': 'adamw_torch'}}",5
0.3076923076923077,0.8,0.4444444444444444,0.319672131147541,0.8863636363636364,0.46987951807228917,1250,139,44,1206,5,134,0.5,Health system capacity,health,CLIMATEBERT,health|7,4243,0.5454545454545454,0.7058823529411765,0.6153846153846154,0.49056603773584906,0.8125,0.611764705882353,"{'model': 'transformer', 'hyperparams': {'class_weights': [0.518058717250824, 14.34375], 'use_class_weights': 1, 'learning_rate': 1.5268430261662253e-05, 'per_device_train_batch_size': 12, 'per_device_eval_batch_size': 12, 'num_train_epochs': 6, 'weight_decay': 0.046110661855097816, 'model_name': 'climatebert/distilroberta-base-climate-f', 'optim': 'adamw_torch'}}",6
0.25,0.4,0.3076923076923077,0.3939393939393939,0.8863636363636364,0.5454545454545454,1250,139,44,1206,5,134,0.5,Health system capacity,health,CLIMATEBERT,health|7,4243,0.5454545454545454,0.7058823529411765,0.6153846153846154,0.49056603773584906,0.8125,0.611764705882353,"{'model': 'transformer', 'hyperparams': {'class_weights': [0.518058717250824, 14.34375], 'use_class_weights': 1, 'learning_rate': 1.5268430261662253e-05, 'per_device_train_batch_size': 12, 'per_device_eval_batch_size': 12, 'num_train_epochs': 6, 'weight_decay': 0.046110661855097816, 'model_name': 'climatebert/distilroberta-base-climate-f', 'optim': 'adamw_torch'}}",7
0.3333333333333333,0.8,0.47058823529411764,0.3577981651376147,0.8863636363636364,0.5098039215686274,1250,139,44,1206,5,134,0.5,Health system capacity,health,CLIMATEBERT,health|7,4243,0.5454545454545454,0.7058823529411765,0.6153846153846154,0.49056603773584906,0.8125,0.611764705882353,"{'model': 'transformer', 'hyperparams': {'class_weights': [0.518058717250824, 14.34375], 'use_class_weights': 1, 'learning_rate': 1.5268430261662253e-05, 'per_device_train_batch_size': 12, 'per_device_eval_batch_size': 12, 'num_train_epochs': 6, 'weight_decay': 0.046110661855097816, 'model_name': 'climatebert/distilroberta-base-climate-f', 'optim': 'adamw_torch'}}",8
0.21428571428571427,0.75,0.3333333333333333,0.29770992366412213,0.8666666666666667,0.4431818181818182,1251,138,45,1206,4,134,0.5,Health system capacity,health,CLIMATEBERT,health|7,4243,0.5454545454545454,0.7058823529411765,0.6153846153846154,0.49056603773584906,0.8125,0.611764705882353,"{'model': 'transformer', 'hyperparams': {'class_weights': [0.518058717250824, 14.34375], 'use_class_weights': 1, 'learning_rate': 1.5268430261662253e-05, 'per_device_train_batch_size': 12, 'per_device_eval_batch_size': 12, 'num_train_epochs': 6, 'weight_decay': 0.046110661855097816, 'model_name': 'climatebert/distilroberta-base-climate-f', 'optim': 'adamw_torch'}}",9
0.8,0.8,0.8,0.9622641509433962,1.0,0.9807692307692307,269,30,51,218,5,25,0.5,Reduced agricultural & aquaculture productivity,expose,CLIMATEBERT,expose|0,4243,1.0,0.8947368421052632,0.9444444444444444,0.9736842105263158,1.0,0.9866666666666667,"{'model': 'transformer', 'hyperparams': {'class_weights': [0.6156250238418579, 2.6621620655059814], 'use_class_weights': 1, 'learning_rate': 3.213907251823729e-05, 'per_device_train_batch_size': 12, 'per_device_eval_batch_size': 12, 'num_train_epochs': 8, 'weight_decay': 0.23536404888554846, 'model_name': 'climatebert/distilroberta-base-climate-f', 'optim': 'adamw_torch'}}",0
1.0,0.8,0.8888888888888888,0.9272727272727272,1.0,0.9622641509433962,269,30,51,218,5,25,0.5,Reduced agricultural & aquaculture productivity,expose,CLIMATEBERT,expose|0,4243,1.0,0.8947368421052632,0.9444444444444444,0.9736842105263158,1.0,0.9866666666666667,"{'model': 'transformer', 'hyperparams': {'class_weights': [0.6156250238418579, 2.6621620655059814], 'use_class_weights': 1, 'learning_rate': 3.213907251823729e-05, 'per_device_train_batch_size': 12, 'per_device_eval_batch_size': 12, 'num_train_epochs': 8, 'weight_decay': 0.23536404888554846, 'model_name': 'climatebert/distilroberta-base-climate-f', 'optim': 'adamw_torch'}}",1
0.8333333333333334,1.0,0.9090909090909091,0.8947368421052632,1.0,0.9444444444444444,269,30,51,218,5,25,0.5,Reduced agricultural & aquaculture productivity,expose,CLIMATEBERT,expose|0,4243,1.0,0.8947368421052632,0.9444444444444444,0.9736842105263158,1.0,0.9866666666666667,"{'model': 'transformer', 'hyperparams': {'class_weights': [0.6156250238418579, 2.6621620655059814], 'use_class_weights': 1, 'learning_rate': 3.213907251823729e-05, 'per_device_train_batch_size': 12, 'per_device_eval_batch_size': 12, 'num_train_epochs': 8, 'weight_decay': 0.23536404888554846, 'model_name': 'climatebert/distilroberta-base-climate-f', 'optim': 'adamw_torch'}}",2
1.0,1.0,1.0,0.98,0.98,0.98,269,30,50,219,6,24,0.5,Reduced agricultural & aquaculture productivity,expose,CLIMATEBERT,expose|0,4243,1.0,0.8947368421052632,0.9444444444444444,0.9736842105263158,1.0,0.9866666666666667,"{'model': 'transformer', 'hyperparams': {'class_weights': [0.6156250238418579, 2.6621620655059814], 'use_class_weights': 1, 'learning_rate': 3.213907251823729e-05, 'per_device_train_batch_size': 12, 'per_device_eval_batch_size': 12, 'num_train_epochs': 8, 'weight_decay': 0.23536404888554846, 'model_name': 'climatebert/distilroberta-base-climate-f', 'optim': 'adamw_torch'}}",3
0.8,0.6666666666666666,0.7272727272727273,0.9245283018867925,0.98,0.9514563106796117,269,30,50,219,6,24,0.5,Reduced agricultural & aquaculture productivity,expose,CLIMATEBERT,expose|0,4243,1.0,0.8947368421052632,0.9444444444444444,0.9736842105263158,1.0,0.9866666666666667,"{'model': 'transformer', 'hyperparams': {'class_weights': [0.6156250238418579, 2.6621620655059814], 'use_class_weights': 1, 'learning_rate': 3.213907251823729e-05, 'per_device_train_batch_size': 12, 'per_device_eval_batch_size': 12, 'num_train_epochs': 8, 'weight_decay': 0.23536404888554846, 'model_name': 'climatebert/distilroberta-base-climate-f', 'optim': 'adamw_torch'}}",4
1.0,1.0,1.0,0.8928571428571429,1.0,0.9433962264150944,269,30,50,219,6,24,0.5,Reduced agricultural & aquaculture productivity,expose,CLIMATEBERT,expose|0,4243,1.0,0.8947368421052632,0.9444444444444444,0.9736842105263158,1.0,0.9866666666666667,"{'model': 'transformer', 'hyperparams': {'class_weights': [0.6156250238418579, 2.6621620655059814], 'use_class_weights': 1, 'learning_rate': 3.213907251823729e-05, 'per_device_train_batch_size': 12, 'per_device_eval_batch_size': 12, 'num_train_epochs': 8, 'weight_decay': 0.23536404888554846, 'model_name': 'climatebert/distilroberta-base-climate-f', 'optim': 'adamw_torch'}}",5
0.8571428571428571,1.0,0.9230769230769231,0.9090909090909091,1.0,0.9523809523809523,269,30,50,219,6,24,0.5,Reduced agricultural & aquaculture productivity,expose,CLIMATEBERT,expose|0,4243,1.0,0.8947368421052632,0.9444444444444444,0.9736842105263158,1.0,0.9866666666666667,"{'model': 'transformer', 'hyperparams': {'class_weights': [0.6156250238418579, 2.6621620655059814], 'use_class_weights': 1, 'learning_rate': 3.213907251823729e-05, 'per_device_train_batch_size': 12, 'per_device_eval_batch_size': 12, 'num_train_epochs': 8, 'weight_decay': 0.23536404888554846, 'model_name': 'climatebert/distilroberta-base-climate-f', 'optim': 'adamw_torch'}}",6
0.8571428571428571,1.0,0.9230769230769231,0.9259259259259259,1.0,0.9615384615384616,269,30,50,219,6,24,0.5,Reduced agricultural & aquaculture productivity,expose,CLIMATEBERT,expose|0,4243,1.0,0.8947368421052632,0.9444444444444444,0.9736842105263158,1.0,0.9866666666666667,"{'model': 'transformer', 'hyperparams': {'class_weights': [0.6156250238418579, 2.6621620655059814], 'use_class_weights': 1, 'learning_rate': 3.213907251823729e-05, 'per_device_train_batch_size': 12, 'per_device_eval_batch_size': 12, 'num_train_epochs': 8, 'weight_decay': 0.23536404888554846, 'model_name': 'climatebert/distilroberta-base-climate-f', 'optim': 'adamw_torch'}}",7
0.8571428571428571,1.0,0.9230769230769231,0.847457627118644,1.0,0.9174311926605505,269,30,50,219,6,24,0.5,Reduced agricultural & aquaculture productivity,expose,CLIMATEBERT,expose|0,4243,1.0,0.8947368421052632,0.9444444444444444,0.9736842105263158,1.0,0.9866666666666667,"{'model': 'transformer', 'hyperparams': {'class_weights': [0.6156250238418579, 2.6621620655059814], 'use_class_weights': 1, 'learning_rate': 3.213907251823729e-05, 'per_device_train_batch_size': 12, 'per_device_eval_batch_size': 12, 'num_train_epochs': 8, 'weight_decay': 0.23536404888554846, 'model_name': 'climatebert/distilroberta-base-climate-f', 'optim': 'adamw_torch'}}",8
0.625,1.0,0.7692307692307693,0.9107142857142857,1.0,0.9532710280373832,270,29,51,219,5,24,0.5,Reduced agricultural & aquaculture productivity,expose,CLIMATEBERT,expose|0,4243,1.0,0.8947368421052632,0.9444444444444444,0.9736842105263158,1.0,0.9866666666666667,"{'model': 'transformer', 'hyperparams': {'class_weights': [0.6156250238418579, 2.6621620655059814], 'use_class_weights': 1, 'learning_rate': 3.213907251823729e-05, 'per_device_train_batch_size': 12, 'per_device_eval_batch_size': 12, 'num_train_epochs': 8, 'weight_decay': 0.23536404888554846, 'model_name': 'climatebert/distilroberta-base-climate-f', 'optim': 'adamw_torch'}}",9
0.45,0.8181818181818182,0.5806451612903226,0.5714285714285714,0.9166666666666666,0.704,1278,143,96,1182,11,132,0.5,Scenarios,attr,CLIMATEBERT,attr|4,4243,0.423728813559322,0.6944444444444444,0.5263157894736842,0.5922330097087378,0.8591549295774648,0.7011494252873564,"{'model': 'transformer', 'hyperparams': {'class_weights': [0.5408986210823059, 6.61267614364624], 'use_class_weights': 1, 'learning_rate': 1.0025435938943174e-05, 'per_device_train_batch_size': 8, 'per_device_eval_batch_size': 12, 'num_train_epochs': 8, 'weight_decay': 0.1054713348807672, 'model_name': 'climatebert/distilroberta-base-climate-f', 'optim': 'adamw_torch'}}",0
0.45454545454545453,0.9090909090909091,0.6060606060606061,0.49444444444444446,0.9270833333333334,0.644927536231884,1279,142,96,1183,11,131,0.5,Scenarios,attr,CLIMATEBERT,attr|4,4243,0.423728813559322,0.6944444444444444,0.5263157894736842,0.5922330097087378,0.8591549295774648,0.7011494252873564,"{'model': 'transformer', 'hyperparams': {'class_weights': [0.5408986210823059, 6.61267614364624], 'use_class_weights': 1, 'learning_rate': 1.0025435938943174e-05, 'per_device_train_batch_size': 8, 'per_device_eval_batch_size': 12, 'num_train_epochs': 8, 'weight_decay': 0.1054713348807672, 'model_name': 'climatebert/distilroberta-base-climate-f', 'optim': 'adamw_torch'}}",1
0.45,0.8181818181818182,0.5806451612903226,0.554140127388535,0.90625,0.6877470355731226,1279,142,96,1183,11,131,0.5,Scenarios,attr,CLIMATEBERT,attr|4,4243,0.423728813559322,0.6944444444444444,0.5263157894736842,0.5922330097087378,0.8591549295774648,0.7011494252873564,"{'model': 'transformer', 'hyperparams': {'class_weights': [0.5408986210823059, 6.61267614364624], 'use_class_weights': 1, 'learning_rate': 1.0025435938943174e-05, 'per_device_train_batch_size': 8, 'per_device_eval_batch_size': 12, 'num_train_epochs': 8, 'weight_decay': 0.1054713348807672, 'model_name': 'climatebert/distilroberta-base-climate-f', 'optim': 'adamw_torch'}}",2
0.5,0.7272727272727273,0.5925925925925926,0.5714285714285714,0.9166666666666666,0.704,1279,142,96,1183,11,131,0.5,Scenarios,attr,CLIMATEBERT,attr|4,4243,0.423728813559322,0.6944444444444444,0.5263157894736842,0.5922330097087378,0.8591549295774648,0.7011494252873564,"{'model': 'transformer', 'hyperparams': {'class_weights': [0.5408986210823059, 6.61267614364624], 'use_class_weights': 1, 'learning_rate': 1.0025435938943174e-05, 'per_device_train_batch_size': 8, 'per_device_eval_batch_size': 12, 'num_train_epochs': 8, 'weight_decay': 0.1054713348807672, 'model_name': 'climatebert/distilroberta-base-climate-f', 'optim': 'adamw_torch'}}",3
0.36,0.8181818181818182,0.5,0.5357142857142857,0.9375,0.6818181818181818,1279,142,96,1183,11,131,0.5,Scenarios,attr,CLIMATEBERT,attr|4,4243,0.423728813559322,0.6944444444444444,0.5263157894736842,0.5922330097087378,0.8591549295774648,0.7011494252873564,"{'model': 'transformer', 'hyperparams': {'class_weights': [0.5408986210823059, 6.61267614364624], 'use_class_weights': 1, 'learning_rate': 1.0025435938943174e-05, 'per_device_train_batch_size': 8, 'per_device_eval_batch_size': 12, 'num_train_epochs': 8, 'weight_decay': 0.1054713348807672, 'model_name': 'climatebert/distilroberta-base-climate-f', 'optim': 'adamw_torch'}}",4
0.5384615384615384,0.6363636363636364,0.5833333333333334,0.5612903225806452,0.90625,0.6932270916334662,1279,142,96,1183,11,131,0.5,Scenarios,attr,CLIMATEBERT,attr|4,4243,0.423728813559322,0.6944444444444444,0.5263157894736842,0.5922330097087378,0.8591549295774648,0.7011494252873564,"{'model': 'transformer', 'hyperparams': {'class_weights': [0.5408986210823059, 6.61267614364624], 'use_class_weights': 1, 'learning_rate': 1.0025435938943174e-05, 'per_device_train_batch_size': 8, 'per_device_eval_batch_size': 12, 'num_train_epochs': 8, 'weight_decay': 0.1054713348807672, 'model_name': 'climatebert/distilroberta-base-climate-f', 'optim': 'adamw_torch'}}",5
0.3181818181818182,0.6363636363636364,0.42424242424242425,0.567741935483871,0.9166666666666666,0.701195219123506,1279,142,96,1183,11,131,0.5,Scenarios,attr,CLIMATEBERT,attr|4,4243,0.423728813559322,0.6944444444444444,0.5263157894736842,0.5922330097087378,0.8591549295774648,0.7011494252873564,"{'model': 'transformer', 'hyperparams': {'class_weights': [0.5408986210823059, 6.61267614364624], 'use_class_weights': 1, 'learning_rate': 1.0025435938943174e-05, 'per_device_train_batch_size': 8, 'per_device_eval_batch_size': 12, 'num_train_epochs': 8, 'weight_decay': 0.1054713348807672, 'model_name': 'climatebert/distilroberta-base-climate-f', 'optim': 'adamw_torch'}}",6
0.47368421052631576,0.9,0.6206896551724138,0.5789473684210527,0.9072164948453608,0.7068273092369478,1279,142,97,1182,10,132,0.5,Scenarios,attr,CLIMATEBERT,attr|4,4243,0.423728813559322,0.6944444444444444,0.5263157894736842,0.5922330097087378,0.8591549295774648,0.7011494252873564,"{'model': 'transformer', 'hyperparams': {'class_weights': [0.5408986210823059, 6.61267614364624], 'use_class_weights': 1, 'learning_rate': 1.0025435938943174e-05, 'per_device_train_batch_size': 8, 'per_device_eval_batch_size': 12, 'num_train_epochs': 8, 'weight_decay': 0.1054713348807672, 'model_name': 'climatebert/distilroberta-base-climate-f', 'optim': 'adamw_torch'}}",7
0.3888888888888889,0.7,0.5,0.5732484076433121,0.9278350515463918,0.7086614173228346,1279,142,97,1182,10,132,0.5,Scenarios,attr,CLIMATEBERT,attr|4,4243,0.423728813559322,0.6944444444444444,0.5263157894736842,0.5922330097087378,0.8591549295774648,0.7011494252873564,"{'model': 'transformer', 'hyperparams': {'class_weights': [0.5408986210823059, 6.61267614364624], 'use_class_weights': 1, 'learning_rate': 1.0025435938943174e-05, 'per_device_train_batch_size': 8, 'per_device_eval_batch_size': 12, 'num_train_epochs': 8, 'weight_decay': 0.1054713348807672, 'model_name': 'climatebert/distilroberta-base-climate-f', 'optim': 'adamw_torch'}}",8
0.5714285714285714,0.8,0.6666666666666666,0.5723270440251572,0.9381443298969072,0.7109375,1279,142,97,1182,10,132,0.5,Scenarios,attr,CLIMATEBERT,attr|4,4243,0.423728813559322,0.6944444444444444,0.5263157894736842,0.5922330097087378,0.8591549295774648,0.7011494252873564,"{'model': 'transformer', 'hyperparams': {'class_weights': [0.5408986210823059, 6.61267614364624], 'use_class_weights': 1, 'learning_rate': 1.0025435938943174e-05, 'per_device_train_batch_size': 8, 'per_device_eval_batch_size': 12, 'num_train_epochs': 8, 'weight_decay': 0.1054713348807672, 'model_name': 'climatebert/distilroberta-base-climate-f', 'optim': 'adamw_torch'}}",9
0.1,1.0,0.18181818181818182,0.09665427509293681,1.0,0.17627118644067796,269,30,26,243,3,27,0.5,Reduced labour and physical capacity,expose,CLIMATEBERT,expose|1,4243,0.6666666666666666,0.8,0.7272727272727273,0.5862068965517241,0.8947368421052632,0.7083333333333334,"{'model': 'transformer', 'hyperparams': {'class_weights': [0.5533707737922668, 5.184210300445557], 'use_class_weights': 1, 'learning_rate': 6.030111698401911e-05, 'per_device_train_batch_size': 10, 'per_device_eval_batch_size': 12, 'num_train_epochs': 3, 'weight_decay': 0.07789775904085613, 'model_name': 'climatebert/distilroberta-base-climate-f', 'optim': 'adamw_torch'}}",0
0.1,1.0,0.18181818181818182,0.09665427509293681,1.0,0.17627118644067796,269,30,26,243,3,27,0.5,Reduced labour and physical capacity,expose,CLIMATEBERT,expose|1,4243,0.6666666666666666,0.8,0.7272727272727273,0.5862068965517241,0.8947368421052632,0.7083333333333334,"{'model': 'transformer', 'hyperparams': {'class_weights': [0.5533707737922668, 5.184210300445557], 'use_class_weights': 1, 'learning_rate': 6.030111698401911e-05, 'per_device_train_batch_size': 10, 'per_device_eval_batch_size': 12, 'num_train_epochs': 3, 'weight_decay': 0.07789775904085613, 'model_name': 'climatebert/distilroberta-base-climate-f', 'optim': 'adamw_torch'}}",1
0.1,1.0,0.18181818181818182,0.09665427509293681,1.0,0.17627118644067796,269,30,26,243,3,27,0.5,Reduced labour and physical capacity,expose,CLIMATEBERT,expose|1,4243,0.6666666666666666,0.8,0.7272727272727273,0.5862068965517241,0.8947368421052632,0.7083333333333334,"{'model': 'transformer', 'hyperparams': {'class_weights': [0.5533707737922668, 5.184210300445557], 'use_class_weights': 1, 'learning_rate': 6.030111698401911e-05, 'per_device_train_batch_size': 10, 'per_device_eval_batch_size': 12, 'num_train_epochs': 3, 'weight_decay': 0.07789775904085613, 'model_name': 'climatebert/distilroberta-base-climate-f', 'optim': 'adamw_torch'}}",2
0.1,1.0,0.18181818181818182,0.09665427509293681,1.0,0.17627118644067796,269,30,26,243,3,27,0.5,Reduced labour and physical capacity,expose,CLIMATEBERT,expose|1,4243,0.6666666666666666,0.8,0.7272727272727273,0.5862068965517241,0.8947368421052632,0.7083333333333334,"{'model': 'transformer', 'hyperparams': {'class_weights': [0.5533707737922668, 5.184210300445557], 'use_class_weights': 1, 'learning_rate': 6.030111698401911e-05, 'per_device_train_batch_size': 10, 'per_device_eval_batch_size': 12, 'num_train_epochs': 3, 'weight_decay': 0.07789775904085613, 'model_name': 'climatebert/distilroberta-base-climate-f', 'optim': 'adamw_torch'}}",3
0.1,1.0,0.18181818181818182,0.09665427509293681,1.0,0.17627118644067796,269,30,26,243,3,27,0.5,Reduced labour and physical capacity,expose,CLIMATEBERT,expose|1,4243,0.6666666666666666,0.8,0.7272727272727273,0.5862068965517241,0.8947368421052632,0.7083333333333334,"{'model': 'transformer', 'hyperparams': {'class_weights': [0.5533707737922668, 5.184210300445557], 'use_class_weights': 1, 'learning_rate': 6.030111698401911e-05, 'per_device_train_batch_size': 10, 'per_device_eval_batch_size': 12, 'num_train_epochs': 3, 'weight_decay': 0.07789775904085613, 'model_name': 'climatebert/distilroberta-base-climate-f', 'optim': 'adamw_torch'}}",4
0.1,1.0,0.18181818181818182,0.09665427509293681,1.0,0.17627118644067796,269,30,26,243,3,27,0.5,Reduced labour and physical capacity,expose,CLIMATEBERT,expose|1,4243,0.6666666666666666,0.8,0.7272727272727273,0.5862068965517241,0.8947368421052632,0.7083333333333334,"{'model': 'transformer', 'hyperparams': {'class_weights': [0.5533707737922668, 5.184210300445557], 'use_class_weights': 1, 'learning_rate': 6.030111698401911e-05, 'per_device_train_batch_size': 10, 'per_device_eval_batch_size': 12, 'num_train_epochs': 3, 'weight_decay': 0.07789775904085613, 'model_name': 'climatebert/distilroberta-base-climate-f', 'optim': 'adamw_torch'}}",5
0.1,1.0,0.18181818181818182,0.09665427509293681,1.0,0.17627118644067796,269,30,26,243,3,27,0.5,Reduced labour and physical capacity,expose,CLIMATEBERT,expose|1,4243,0.6666666666666666,0.8,0.7272727272727273,0.5862068965517241,0.8947368421052632,0.7083333333333334,"{'model': 'transformer', 'hyperparams': {'class_weights': [0.5533707737922668, 5.184210300445557], 'use_class_weights': 1, 'learning_rate': 6.030111698401911e-05, 'per_device_train_batch_size': 10, 'per_device_eval_batch_size': 12, 'num_train_epochs': 3, 'weight_decay': 0.07789775904085613, 'model_name': 'climatebert/distilroberta-base-climate-f', 'optim': 'adamw_torch'}}",6
0.1,1.0,0.18181818181818182,0.09665427509293681,1.0,0.17627118644067796,269,30,26,243,3,27,0.5,Reduced labour and physical capacity,expose,CLIMATEBERT,expose|1,4243,0.6666666666666666,0.8,0.7272727272727273,0.5862068965517241,0.8947368421052632,0.7083333333333334,"{'model': 'transformer', 'hyperparams': {'class_weights': [0.5533707737922668, 5.184210300445557], 'use_class_weights': 1, 'learning_rate': 6.030111698401911e-05, 'per_device_train_batch_size': 10, 'per_device_eval_batch_size': 12, 'num_train_epochs': 3, 'weight_decay': 0.07789775904085613, 'model_name': 'climatebert/distilroberta-base-climate-f', 'optim': 'adamw_torch'}}",7
0.1,1.0,0.18181818181818182,0.09665427509293681,1.0,0.17627118644067796,269,30,26,243,3,27,0.5,Reduced labour and physical capacity,expose,CLIMATEBERT,expose|1,4243,0.6666666666666666,0.8,0.7272727272727273,0.5862068965517241,0.8947368421052632,0.7083333333333334,"{'model': 'transformer', 'hyperparams': {'class_weights': [0.5533707737922668, 5.184210300445557], 'use_class_weights': 1, 'learning_rate': 6.030111698401911e-05, 'per_device_train_batch_size': 10, 'per_device_eval_batch_size': 12, 'num_train_epochs': 3, 'weight_decay': 0.07789775904085613, 'model_name': 'climatebert/distilroberta-base-climate-f', 'optim': 'adamw_torch'}}",8
0.06896551724137931,1.0,0.12903225806451613,0.1,1.0,0.18181818181818182,270,29,27,243,2,27,0.5,Reduced labour and physical capacity,expose,CLIMATEBERT,expose|1,4243,0.6666666666666666,0.8,0.7272727272727273,0.5862068965517241,0.8947368421052632,0.7083333333333334,"{'model': 'transformer', 'hyperparams': {'class_weights': [0.5533707737922668, 5.184210300445557], 'use_class_weights': 1, 'learning_rate': 6.030111698401911e-05, 'per_device_train_batch_size': 10, 'per_device_eval_batch_size': 12, 'num_train_epochs': 3, 'weight_decay': 0.07789775904085613, 'model_name': 'climatebert/distilroberta-base-climate-f', 'optim': 'adamw_torch'}}",9
0.0,0.0,0.0,0.13793103448275862,1.0,0.24242424242424243,1278,143,36,1242,5,138,0.5,Trend attribution,attr,LGBM,attr|1,4243,0.06837606837606838,0.5714285714285714,0.12213740458015267,0.12272727272727273,1.0,0.21862348178137653,"{'vectoriser': {'ngram_range': [1, 4], 'max_features': 10000, 'min_df': 3}, 'model': 'lightgbm', 'hyperparams': {'objective': 'binary', 'learning_rate': 0.09461112386405872, 'n_estimators': 309, 'num_leaves': 20, 'random_state': None, 'verbose': -1, 'max_depth': 19, 'min_child_samples': 14, 'subsample': 0.6356918851358004, 'colsample_bytree': 0.6824728454931396, 'reg_alpha': 0.47308173786436436, 'reg_lambda': 0.4807142965768236}}",0
0.075,0.75,0.13636363636363635,0.1167192429022082,1.0,0.20903954802259886,1279,142,37,1242,4,138,0.5,Trend attribution,attr,LGBM,attr|1,4243,0.06837606837606838,0.5714285714285714,0.12213740458015267,0.12272727272727273,1.0,0.21862348178137653,"{'vectoriser': {'ngram_range': [1, 4], 'max_features': 10000, 'min_df': 3}, 'model': 'lightgbm', 'hyperparams': {'objective': 'binary', 'learning_rate': 0.09461112386405872, 'n_estimators': 309, 'num_leaves': 20, 'random_state': None, 'verbose': -1, 'max_depth': 19, 'min_child_samples': 14, 'subsample': 0.6356918851358004, 'colsample_bytree': 0.6824728454931396, 'reg_alpha': 0.47308173786436436, 'reg_lambda': 0.4807142965768236}}",1
0.02564102564102564,0.25,0.046511627906976744,0.137546468401487,1.0,0.24183006535947713,1279,142,37,1242,4,138,0.5,Trend attribution,attr,LGBM,attr|1,4243,0.06837606837606838,0.5714285714285714,0.12213740458015267,0.12272727272727273,1.0,0.21862348178137653,"{'vectoriser': {'ngram_range': [1, 4], 'max_features': 10000, 'min_df': 3}, 'model': 'lightgbm', 'hyperparams': {'objective': 'binary', 'learning_rate': 0.09461112386405872, 'n_estimators': 309, 'num_leaves': 20, 'random_state': None, 'verbose': -1, 'max_depth': 19, 'min_child_samples': 14, 'subsample': 0.6356918851358004, 'colsample_bytree': 0.6824728454931396, 'reg_alpha': 0.47308173786436436, 'reg_lambda': 0.4807142965768236}}",2
0.0,0.0,0.0,0.12374581939799331,1.0,0.22023809523809523,1279,142,37,1242,4,138,0.5,Trend attribution,attr,LGBM,attr|1,4243,0.06837606837606838,0.5714285714285714,0.12213740458015267,0.12272727272727273,1.0,0.21862348178137653,"{'vectoriser': {'ngram_range': [1, 4], 'max_features': 10000, 'min_df': 3}, 'model': 'lightgbm', 'hyperparams': {'objective': 'binary', 'learning_rate': 0.09461112386405872, 'n_estimators': 309, 'num_leaves': 20, 'random_state': None, 'verbose': -1, 'max_depth': 19, 'min_child_samples': 14, 'subsample': 0.6356918851358004, 'colsample_bytree': 0.6824728454931396, 'reg_alpha': 0.47308173786436436, 'reg_lambda': 0.4807142965768236}}",3
0.05714285714285714,0.5,0.10256410256410256,0.1189710610932476,1.0,0.21264367816091953,1279,142,37,1242,4,138,0.5,Trend attribution,attr,LGBM,attr|1,4243,0.06837606837606838,0.5714285714285714,0.12213740458015267,0.12272727272727273,1.0,0.21862348178137653,"{'vectoriser': {'ngram_range': [1, 4], 'max_features': 10000, 'min_df': 3}, 'model': 'lightgbm', 'hyperparams': {'objective': 'binary', 'learning_rate': 0.09461112386405872, 'n_estimators': 309, 'num_leaves': 20, 'random_state': None, 'verbose': -1, 'max_depth': 19, 'min_child_samples': 14, 'subsample': 0.6356918851358004, 'colsample_bytree': 0.6824728454931396, 'reg_alpha': 0.47308173786436436, 'reg_lambda': 0.4807142965768236}}",4
0.0,0.0,0.0,0.14741035856573706,1.0,0.2569444444444444,1279,142,37,1242,4,138,0.5,Trend attribution,attr,LGBM,attr|1,4243,0.06837606837606838,0.5714285714285714,0.12213740458015267,0.12272727272727273,1.0,0.21862348178137653,"{'vectoriser': {'ngram_range': [1, 4], 'max_features': 10000, 'min_df': 3}, 'model': 'lightgbm', 'hyperparams': {'objective': 'binary', 'learning_rate': 0.09461112386405872, 'n_estimators': 309, 'num_leaves': 20, 'random_state': None, 'verbose': -1, 'max_depth': 19, 'min_child_samples': 14, 'subsample': 0.6356918851358004, 'colsample_bytree': 0.6824728454931396, 'reg_alpha': 0.47308173786436436, 'reg_lambda': 0.4807142965768236}}",5
0.03333333333333333,0.25,0.058823529411764705,0.12251655629139073,1.0,0.2182890855457227,1279,142,37,1242,4,138,0.5,Trend attribution,attr,LGBM,attr|1,4243,0.06837606837606838,0.5714285714285714,0.12213740458015267,0.12272727272727273,1.0,0.21862348178137653,"{'vectoriser': {'ngram_range': [1, 4], 'max_features': 10000, 'min_df': 3}, 'model': 'lightgbm', 'hyperparams': {'objective': 'binary', 'learning_rate': 0.09461112386405872, 'n_estimators': 309, 'num_leaves': 20, 'random_state': None, 'verbose': -1, 'max_depth': 19, 'min_child_samples': 14, 'subsample': 0.6356918851358004, 'colsample_bytree': 0.6824728454931396, 'reg_alpha': 0.47308173786436436, 'reg_lambda': 0.4807142965768236}}",6
0.06521739130434782,0.75,0.12,0.12131147540983607,1.0,0.21637426900584794,1279,142,37,1242,4,138,0.5,Trend attribution,attr,LGBM,attr|1,4243,0.06837606837606838,0.5714285714285714,0.12213740458015267,0.12272727272727273,1.0,0.21862348178137653,"{'vectoriser': {'ngram_range': [1, 4], 'max_features': 10000, 'min_df': 3}, 'model': 'lightgbm', 'hyperparams': {'objective': 'binary', 'learning_rate': 0.09461112386405872, 'n_estimators': 309, 'num_leaves': 20, 'random_state': None, 'verbose': -1, 'max_depth': 19, 'min_child_samples': 14, 'subsample': 0.6356918851358004, 'colsample_bytree': 0.6824728454931396, 'reg_alpha': 0.47308173786436436, 'reg_lambda': 0.4807142965768236}}",7
0.06451612903225806,0.5,0.11428571428571428,0.12542372881355932,1.0,0.22289156626506024,1279,142,37,1242,4,138,0.5,Trend attribution,attr,LGBM,attr|1,4243,0.06837606837606838,0.5714285714285714,0.12213740458015267,0.12272727272727273,1.0,0.21862348178137653,"{'vectoriser': {'ngram_range': [1, 4], 'max_features': 10000, 'min_df': 3}, 'model': 'lightgbm', 'hyperparams': {'objective': 'binary', 'learning_rate': 0.09461112386405872, 'n_estimators': 309, 'num_leaves': 20, 'random_state': None, 'verbose': -1, 'max_depth': 19, 'min_child_samples': 14, 'subsample': 0.6356918851358004, 'colsample_bytree': 0.6824728454931396, 'reg_alpha': 0.47308173786436436, 'reg_lambda': 0.4807142965768236}}",8
0.07142857142857142,0.5,0.125,0.1284722222222222,1.0,0.2276923076923077,1279,142,37,1242,4,138,0.5,Trend attribution,attr,LGBM,attr|1,4243,0.06837606837606838,0.5714285714285714,0.12213740458015267,0.12272727272727273,1.0,0.21862348178137653,"{'vectoriser': {'ngram_range': [1, 4], 'max_features': 10000, 'min_df': 3}, 'model': 'lightgbm', 'hyperparams': {'objective': 'binary', 'learning_rate': 0.09461112386405872, 'n_estimators': 309, 'num_leaves': 20, 'random_state': None, 'verbose': -1, 'max_depth': 19, 'min_child_samples': 14, 'subsample': 0.6356918851358004, 'colsample_bytree': 0.6824728454931396, 'reg_alpha': 0.47308173786436436, 'reg_lambda': 0.4807142965768236}}",9
0.6666666666666666,0.8,0.7272727272727273,0.7962085308056872,0.96,0.8704663212435233,1010,113,175,835,20,93,0.5,Climate Change (unspecified) ,driver,TINYBERT,driver|5,4243,0.7142857142857143,0.8333333333333334,0.7692307692307693,0.8223684210526315,0.9689922480620154,0.8896797153024911,"{'model': 'transformer', 'hyperparams': {'class_weights': [0.6050488352775574, 2.879844903945923], 'use_class_weights': 1, 'learning_rate': 0.00015099975956135811, 'per_device_train_batch_size': 14, 'per_device_eval_batch_size': 12, 'num_train_epochs': 8, 'weight_decay': 0.08077128178011608, 'model_name': 'prajjwal1/bert-tiny', 'optim': 'adamw_torch'}}",0
0.72,0.9,0.8,0.7894736842105263,0.9428571428571428,0.859375,1010,113,175,835,20,93,0.5,Climate Change (unspecified) ,driver,TINYBERT,driver|5,4243,0.7142857142857143,0.8333333333333334,0.7692307692307693,0.8223684210526315,0.9689922480620154,0.8896797153024911,"{'model': 'transformer', 'hyperparams': {'class_weights': [0.6050488352775574, 2.879844903945923], 'use_class_weights': 1, 'learning_rate': 0.00015099975956135811, 'per_device_train_batch_size': 14, 'per_device_eval_batch_size': 12, 'num_train_epochs': 8, 'weight_decay': 0.08077128178011608, 'model_name': 'prajjwal1/bert-tiny', 'optim': 'adamw_torch'}}",1
0.6956521739130435,0.8,0.7441860465116279,0.7887323943661971,0.96,0.865979381443299,1010,113,175,835,20,93,0.5,Climate Change (unspecified) ,driver,TINYBERT,driver|5,4243,0.7142857142857143,0.8333333333333334,0.7692307692307693,0.8223684210526315,0.9689922480620154,0.8896797153024911,"{'model': 'transformer', 'hyperparams': {'class_weights': [0.6050488352775574, 2.879844903945923], 'use_class_weights': 1, 'learning_rate': 0.00015099975956135811, 'per_device_train_batch_size': 14, 'per_device_eval_batch_size': 12, 'num_train_epochs': 8, 'weight_decay': 0.08077128178011608, 'model_name': 'prajjwal1/bert-tiny', 'optim': 'adamw_torch'}}",2
0.6666666666666666,0.631578947368421,0.6486486486486487,0.8106796116504854,0.9488636363636364,0.8743455497382199,1011,112,176,835,19,93,0.5,Climate Change (unspecified) ,driver,TINYBERT,driver|5,4243,0.7142857142857143,0.8333333333333334,0.7692307692307693,0.8223684210526315,0.9689922480620154,0.8896797153024911,"{'model': 'transformer', 'hyperparams': {'class_weights': [0.6050488352775574, 2.879844903945923], 'use_class_weights': 1, 'learning_rate': 0.00015099975956135811, 'per_device_train_batch_size': 14, 'per_device_eval_batch_size': 12, 'num_train_epochs': 8, 'weight_decay': 0.08077128178011608, 'model_name': 'prajjwal1/bert-tiny', 'optim': 'adamw_torch'}}",3
0.68,0.8947368421052632,0.7727272727272727,0.7412280701754386,0.9602272727272727,0.8366336633663366,1011,112,176,835,19,93,0.5,Climate Change (unspecified) ,driver,TINYBERT,driver|5,4243,0.7142857142857143,0.8333333333333334,0.7692307692307693,0.8223684210526315,0.9689922480620154,0.8896797153024911,"{'model': 'transformer', 'hyperparams': {'class_weights': [0.6050488352775574, 2.879844903945923], 'use_class_weights': 1, 'learning_rate': 0.00015099975956135811, 'per_device_train_batch_size': 14, 'per_device_eval_batch_size': 12, 'num_train_epochs': 8, 'weight_decay': 0.08077128178011608, 'model_name': 'prajjwal1/bert-tiny', 'optim': 'adamw_torch'}}",4
0.7058823529411765,0.631578947368421,0.6666666666666666,0.8095238095238095,0.9659090909090909,0.8808290155440415,1011,112,176,835,19,93,0.5,Climate Change (unspecified) ,driver,TINYBERT,driver|5,4243,0.7142857142857143,0.8333333333333334,0.7692307692307693,0.8223684210526315,0.9689922480620154,0.8896797153024911,"{'model': 'transformer', 'hyperparams': {'class_weights': [0.6050488352775574, 2.879844903945923], 'use_class_weights': 1, 'learning_rate': 0.00015099975956135811, 'per_device_train_batch_size': 14, 'per_device_eval_batch_size': 12, 'num_train_epochs': 8, 'weight_decay': 0.08077128178011608, 'model_name': 'prajjwal1/bert-tiny', 'optim': 'adamw_torch'}}",5
0.6666666666666666,0.7368421052631579,0.7,0.8018867924528302,0.9659090909090909,0.8762886597938144,1011,112,176,835,19,93,0.5,Climate Change (unspecified) ,driver,TINYBERT,driver|5,4243,0.7142857142857143,0.8333333333333334,0.7692307692307693,0.8223684210526315,0.9689922480620154,0.8896797153024911,"{'model': 'transformer', 'hyperparams': {'class_weights': [0.6050488352775574, 2.879844903945923], 'use_class_weights': 1, 'learning_rate': 0.00015099975956135811, 'per_device_train_batch_size': 14, 'per_device_eval_batch_size': 12, 'num_train_epochs': 8, 'weight_decay': 0.08077128178011608, 'model_name': 'prajjwal1/bert-tiny', 'optim': 'adamw_torch'}}",6
0.782608695652174,0.9473684210526315,0.8571428571428571,0.7757009345794392,0.9431818181818182,0.8512820512820513,1011,112,176,835,19,93,0.5,Climate Change (unspecified) ,driver,TINYBERT,driver|5,4243,0.7142857142857143,0.8333333333333334,0.7692307692307693,0.8223684210526315,0.9689922480620154,0.8896797153024911,"{'model': 'transformer', 'hyperparams': {'class_weights': [0.6050488352775574, 2.879844903945923], 'use_class_weights': 1, 'learning_rate': 0.00015099975956135811, 'per_device_train_batch_size': 14, 'per_device_eval_batch_size': 12, 'num_train_epochs': 8, 'weight_decay': 0.08077128178011608, 'model_name': 'prajjwal1/bert-tiny', 'optim': 'adamw_torch'}}",7
0.7142857142857143,0.75,0.7317073170731707,0.8146341463414634,0.9542857142857143,0.8789473684210526,1011,112,175,836,20,92,0.5,Climate Change (unspecified) ,driver,TINYBERT,driver|5,4243,0.7142857142857143,0.8333333333333334,0.7692307692307693,0.8223684210526315,0.9689922480620154,0.8896797153024911,"{'model': 'transformer', 'hyperparams': {'class_weights': [0.6050488352775574, 2.879844903945923], 'use_class_weights': 1, 'learning_rate': 0.00015099975956135811, 'per_device_train_batch_size': 14, 'per_device_eval_batch_size': 12, 'num_train_epochs': 8, 'weight_decay': 0.08077128178011608, 'model_name': 'prajjwal1/bert-tiny', 'optim': 'adamw_torch'}}",8
0.6428571428571429,0.9,0.75,0.8146341463414634,0.9542857142857143,0.8789473684210526,1011,112,175,836,20,92,0.5,Climate Change (unspecified) ,driver,TINYBERT,driver|5,4243,0.7142857142857143,0.8333333333333334,0.7692307692307693,0.8223684210526315,0.9689922480620154,0.8896797153024911,"{'model': 'transformer', 'hyperparams': {'class_weights': [0.6050488352775574, 2.879844903945923], 'use_class_weights': 1, 'learning_rate': 0.00015099975956135811, 'per_device_train_batch_size': 14, 'per_device_eval_batch_size': 12, 'num_train_epochs': 8, 'weight_decay': 0.08077128178011608, 'model_name': 'prajjwal1/bert-tiny', 'optim': 'adamw_torch'}}",9
0.125,0.6,0.20689655172413793,0.23333333333333334,1.0,0.3783783783783784,1250,139,49,1201,5,134,0.5,"Maternal, reproductive and infant health",health,SCIBERT,health|8,4243,0.48484848484848486,0.8888888888888888,0.6274509803921569,0.5932203389830508,0.9722222222222222,0.7368421052631579,"{'model': 'transformer', 'hyperparams': {'class_weights': [0.5204081535339355, 12.75], 'use_class_weights': 1, 'learning_rate': 1.3499285540959359e-05, 'per_device_train_batch_size': 7, 'per_device_eval_batch_size': 12, 'num_train_epochs': 6, 'weight_decay': 0.16711058720643196, 'model_name': 'allenai/scibert_scivocab_uncased', 'optim': 'adamw_torch'}}",0
0.10810810810810811,0.8,0.19047619047619047,0.1441717791411043,0.9591836734693877,0.25066666666666665,1250,139,49,1201,5,134,0.5,"Maternal, reproductive and infant health",health,SCIBERT,health|8,4243,0.48484848484848486,0.8888888888888888,0.6274509803921569,0.5932203389830508,0.9722222222222222,0.7368421052631579,"{'model': 'transformer', 'hyperparams': {'class_weights': [0.5204081535339355, 12.75], 'use_class_weights': 1, 'learning_rate': 1.3499285540959359e-05, 'per_device_train_batch_size': 7, 'per_device_eval_batch_size': 12, 'num_train_epochs': 6, 'weight_decay': 0.16711058720643196, 'model_name': 'allenai/scibert_scivocab_uncased', 'optim': 'adamw_torch'}}",1
0.4166666666666667,1.0,0.5882352941176471,0.4188034188034188,1.0,0.5903614457831325,1250,139,49,1201,5,134,0.5,"Maternal, reproductive and infant health",health,SCIBERT,health|8,4243,0.48484848484848486,0.8888888888888888,0.6274509803921569,0.5932203389830508,0.9722222222222222,0.7368421052631579,"{'model': 'transformer', 'hyperparams': {'class_weights': [0.5204081535339355, 12.75], 'use_class_weights': 1, 'learning_rate': 1.3499285540959359e-05, 'per_device_train_batch_size': 7, 'per_device_eval_batch_size': 12, 'num_train_epochs': 6, 'weight_decay': 0.16711058720643196, 'model_name': 'allenai/scibert_scivocab_uncased', 'optim': 'adamw_torch'}}",2
0.4,0.8,0.5333333333333333,0.47115384615384615,1.0,0.6405228758169934,1250,139,49,1201,5,134,0.5,"Maternal, reproductive and infant health",health,SCIBERT,health|8,4243,0.48484848484848486,0.8888888888888888,0.6274509803921569,0.5932203389830508,0.9722222222222222,0.7368421052631579,"{'model': 'transformer', 'hyperparams': {'class_weights': [0.5204081535339355, 12.75], 'use_class_weights': 1, 'learning_rate': 1.3499285540959359e-05, 'per_device_train_batch_size': 7, 'per_device_eval_batch_size': 12, 'num_train_epochs': 6, 'weight_decay': 0.16711058720643196, 'model_name': 'allenai/scibert_scivocab_uncased', 'optim': 'adamw_torch'}}",3
0.1,0.8,0.17777777777777778,0.1192214111922141,1.0,0.21304347826086956,1250,139,49,1201,5,134,0.5,"Maternal, reproductive and infant health",health,SCIBERT,health|8,4243,0.48484848484848486,0.8888888888888888,0.6274509803921569,0.5932203389830508,0.9722222222222222,0.7368421052631579,"{'model': 'transformer', 'hyperparams': {'class_weights': [0.5204081535339355, 12.75], 'use_class_weights': 1, 'learning_rate': 1.3499285540959359e-05, 'per_device_train_batch_size': 7, 'per_device_eval_batch_size': 12, 'num_train_epochs': 6, 'weight_decay': 0.16711058720643196, 'model_name': 'allenai/scibert_scivocab_uncased', 'optim': 'adamw_torch'}}",4
0.375,1.0,0.5454545454545454,0.3870967741935484,1.0,0.5581395348837209,1250,139,48,1202,6,133,0.5,"Maternal, reproductive and infant health",health,SCIBERT,health|8,4243,0.48484848484848486,0.8888888888888888,0.6274509803921569,0.5932203389830508,0.9722222222222222,0.7368421052631579,"{'model': 'transformer', 'hyperparams': {'class_weights': [0.5204081535339355, 12.75], 'use_class_weights': 1, 'learning_rate': 1.3499285540959359e-05, 'per_device_train_batch_size': 7, 'per_device_eval_batch_size': 12, 'num_train_epochs': 6, 'weight_decay': 0.16711058720643196, 'model_name': 'allenai/scibert_scivocab_uncased', 'optim': 'adamw_torch'}}",5
0.35294117647058826,1.0,0.5217391304347826,0.39344262295081966,1.0,0.5647058823529412,1250,139,48,1202,6,133,0.5,"Maternal, reproductive and infant health",health,SCIBERT,health|8,4243,0.48484848484848486,0.8888888888888888,0.6274509803921569,0.5932203389830508,0.9722222222222222,0.7368421052631579,"{'model': 'transformer', 'hyperparams': {'class_weights': [0.5204081535339355, 12.75], 'use_class_weights': 1, 'learning_rate': 1.3499285540959359e-05, 'per_device_train_batch_size': 7, 'per_device_eval_batch_size': 12, 'num_train_epochs': 6, 'weight_decay': 0.16711058720643196, 'model_name': 'allenai/scibert_scivocab_uncased', 'optim': 'adamw_torch'}}",6
0.5454545454545454,1.0,0.7058823529411765,0.3870967741935484,1.0,0.5581395348837209,1250,139,48,1202,6,133,0.5,"Maternal, reproductive and infant health",health,SCIBERT,health|8,4243,0.48484848484848486,0.8888888888888888,0.6274509803921569,0.5932203389830508,0.9722222222222222,0.7368421052631579,"{'model': 'transformer', 'hyperparams': {'class_weights': [0.5204081535339355, 12.75], 'use_class_weights': 1, 'learning_rate': 1.3499285540959359e-05, 'per_device_train_batch_size': 7, 'per_device_eval_batch_size': 12, 'num_train_epochs': 6, 'weight_decay': 0.16711058720643196, 'model_name': 'allenai/scibert_scivocab_uncased', 'optim': 'adamw_torch'}}",7
0.2,0.3333333333333333,0.25,0.5052631578947369,1.0,0.6713286713286714,1250,139,48,1202,6,133,0.5,"Maternal, reproductive and infant health",health,SCIBERT,health|8,4243,0.48484848484848486,0.8888888888888888,0.6274509803921569,0.5932203389830508,0.9722222222222222,0.7368421052631579,"{'model': 'transformer', 'hyperparams': {'class_weights': [0.5204081535339355, 12.75], 'use_class_weights': 1, 'learning_rate': 1.3499285540959359e-05, 'per_device_train_batch_size': 7, 'per_device_eval_batch_size': 12, 'num_train_epochs': 6, 'weight_decay': 0.16711058720643196, 'model_name': 'allenai/scibert_scivocab_uncased', 'optim': 'adamw_torch'}}",8
0.15384615384615385,0.8,0.25806451612903225,0.2168141592920354,1.0,0.3563636363636364,1251,138,49,1202,5,133,0.5,"Maternal, reproductive and infant health",health,SCIBERT,health|8,4243,0.48484848484848486,0.8888888888888888,0.6274509803921569,0.5932203389830508,0.9722222222222222,0.7368421052631579,"{'model': 'transformer', 'hyperparams': {'class_weights': [0.5204081535339355, 12.75], 'use_class_weights': 1, 'learning_rate': 1.3499285540959359e-05, 'per_device_train_batch_size': 7, 'per_device_eval_batch_size': 12, 'num_train_epochs': 6, 'weight_decay': 0.16711058720643196, 'model_name': 'allenai/scibert_scivocab_uncased', 'optim': 'adamw_torch'}}",9
0.6857142857142857,0.8275862068965517,0.75,0.8356643356643356,0.9227799227799228,0.8770642201834863,1250,139,259,991,29,110,0.5,Mortality and morbidity (general),health,CLIMATEBERT,health|6,4243,0.819047619047619,0.8775510204081632,0.8472906403940886,0.8082191780821918,0.9267015706806283,0.8634146341463415,"{'model': 'transformer', 'hyperparams': {'class_weights': [0.6313617825508118, 2.4031412601470947], 'use_class_weights': 1, 'learning_rate': 5.345873485426461e-06, 'per_device_train_batch_size': 5, 'per_device_eval_batch_size': 12, 'num_train_epochs': 10, 'weight_decay': 0.18599668736338631, 'model_name': 'climatebert/distilroberta-base-climate-f', 'optim': 'adamw_torch'}}",0
0.675,0.9310344827586207,0.782608695652174,0.8231292517006803,0.9343629343629344,0.8752260397830018,1250,139,259,991,29,110,0.5,Mortality and morbidity (general),health,CLIMATEBERT,health|6,4243,0.819047619047619,0.8775510204081632,0.8472906403940886,0.8082191780821918,0.9267015706806283,0.8634146341463415,"{'model': 'transformer', 'hyperparams': {'class_weights': [0.6313617825508118, 2.4031412601470947], 'use_class_weights': 1, 'learning_rate': 5.345873485426461e-06, 'per_device_train_batch_size': 5, 'per_device_eval_batch_size': 12, 'num_train_epochs': 10, 'weight_decay': 0.18599668736338631, 'model_name': 'climatebert/distilroberta-base-climate-f', 'optim': 'adamw_torch'}}",1
0.7272727272727273,0.8275862068965517,0.7741935483870968,0.8093645484949833,0.9343629343629344,0.8673835125448028,1250,139,259,991,29,110,0.5,Mortality and morbidity (general),health,CLIMATEBERT,health|6,4243,0.819047619047619,0.8775510204081632,0.8472906403940886,0.8082191780821918,0.9267015706806283,0.8634146341463415,"{'model': 'transformer', 'hyperparams': {'class_weights': [0.6313617825508118, 2.4031412601470947], 'use_class_weights': 1, 'learning_rate': 5.345873485426461e-06, 'per_device_train_batch_size': 5, 'per_device_eval_batch_size': 12, 'num_train_epochs': 10, 'weight_decay': 0.18599668736338631, 'model_name': 'climatebert/distilroberta-base-climate-f', 'optim': 'adamw_torch'}}",2
0.6857142857142857,0.8275862068965517,0.75,0.8333333333333334,0.9266409266409267,0.8775137111517367,1250,139,259,991,29,110,0.5,Mortality and morbidity (general),health,CLIMATEBERT,health|6,4243,0.819047619047619,0.8775510204081632,0.8472906403940886,0.8082191780821918,0.9267015706806283,0.8634146341463415,"{'model': 'transformer', 'hyperparams': {'class_weights': [0.6313617825508118, 2.4031412601470947], 'use_class_weights': 1, 'learning_rate': 5.345873485426461e-06, 'per_device_train_batch_size': 5, 'per_device_eval_batch_size': 12, 'num_train_epochs': 10, 'weight_decay': 0.18599668736338631, 'model_name': 'climatebert/distilroberta-base-climate-f', 'optim': 'adamw_torch'}}",3
0.75,0.8275862068965517,0.7868852459016393,0.7941176470588235,0.9382239382239382,0.8601769911504424,1250,139,259,991,29,110,0.5,Mortality and morbidity (general),health,CLIMATEBERT,health|6,4243,0.819047619047619,0.8775510204081632,0.8472906403940886,0.8082191780821918,0.9267015706806283,0.8634146341463415,"{'model': 'transformer', 'hyperparams': {'class_weights': [0.6313617825508118, 2.4031412601470947], 'use_class_weights': 1, 'learning_rate': 5.345873485426461e-06, 'per_device_train_batch_size': 5, 'per_device_eval_batch_size': 12, 'num_train_epochs': 10, 'weight_decay': 0.18599668736338631, 'model_name': 'climatebert/distilroberta-base-climate-f', 'optim': 'adamw_torch'}}",4
0.6666666666666666,0.6896551724137931,0.6779661016949152,0.8133333333333334,0.9420849420849421,0.8729874776386404,1250,139,259,991,29,110,0.5,Mortality and morbidity (general),health,CLIMATEBERT,health|6,4243,0.819047619047619,0.8775510204081632,0.8472906403940886,0.8082191780821918,0.9267015706806283,0.8634146341463415,"{'model': 'transformer', 'hyperparams': {'class_weights': [0.6313617825508118, 2.4031412601470947], 'use_class_weights': 1, 'learning_rate': 5.345873485426461e-06, 'per_device_train_batch_size': 5, 'per_device_eval_batch_size': 12, 'num_train_epochs': 10, 'weight_decay': 0.18599668736338631, 'model_name': 'climatebert/distilroberta-base-climate-f', 'optim': 'adamw_torch'}}",5
0.7368421052631579,0.9655172413793104,0.835820895522388,0.8040540540540541,0.918918918918919,0.8576576576576577,1250,139,259,991,29,110,0.5,Mortality and morbidity (general),health,CLIMATEBERT,health|6,4243,0.819047619047619,0.8775510204081632,0.8472906403940886,0.8082191780821918,0.9267015706806283,0.8634146341463415,"{'model': 'transformer', 'hyperparams': {'class_weights': [0.6313617825508118, 2.4031412601470947], 'use_class_weights': 1, 'learning_rate': 5.345873485426461e-06, 'per_device_train_batch_size': 5, 'per_device_eval_batch_size': 12, 'num_train_epochs': 10, 'weight_decay': 0.18599668736338631, 'model_name': 'climatebert/distilroberta-base-climate-f', 'optim': 'adamw_torch'}}",6
0.6666666666666666,0.7586206896551724,0.7096774193548387,0.8093645484949833,0.9343629343629344,0.8673835125448028,1250,139,259,991,29,110,0.5,Mortality and morbidity (general),health,CLIMATEBERT,health|6,4243,0.819047619047619,0.8775510204081632,0.8472906403940886,0.8082191780821918,0.9267015706806283,0.8634146341463415,"{'model': 'transformer', 'hyperparams': {'class_weights': [0.6313617825508118, 2.4031412601470947], 'use_class_weights': 1, 'learning_rate': 5.345873485426461e-06, 'per_device_train_batch_size': 5, 'per_device_eval_batch_size': 12, 'num_train_epochs': 10, 'weight_decay': 0.18599668736338631, 'model_name': 'climatebert/distilroberta-base-climate-f', 'optim': 'adamw_torch'}}",7
0.7058823529411765,0.8571428571428571,0.7741935483870968,0.8053691275167785,0.9230769230769231,0.8602150537634409,1250,139,260,990,28,111,0.5,Mortality and morbidity (general),health,CLIMATEBERT,health|6,4243,0.819047619047619,0.8775510204081632,0.8472906403940886,0.8082191780821918,0.9267015706806283,0.8634146341463415,"{'model': 'transformer', 'hyperparams': {'class_weights': [0.6313617825508118, 2.4031412601470947], 'use_class_weights': 1, 'learning_rate': 5.345873485426461e-06, 'per_device_train_batch_size': 5, 'per_device_eval_batch_size': 12, 'num_train_epochs': 10, 'weight_decay': 0.18599668736338631, 'model_name': 'climatebert/distilroberta-base-climate-f', 'optim': 'adamw_torch'}}",8
0.7027027027027027,0.9285714285714286,0.8,0.8127090301003345,0.9346153846153846,0.8694096601073346,1251,138,260,991,28,110,0.5,Mortality and morbidity (general),health,CLIMATEBERT,health|6,4243,0.819047619047619,0.8775510204081632,0.8472906403940886,0.8082191780821918,0.9267015706806283,0.8634146341463415,"{'model': 'transformer', 'hyperparams': {'class_weights': [0.6313617825508118, 2.4031412601470947], 'use_class_weights': 1, 'learning_rate': 5.345873485426461e-06, 'per_device_train_batch_size': 5, 'per_device_eval_batch_size': 12, 'num_train_epochs': 10, 'weight_decay': 0.18599668736338631, 'model_name': 'climatebert/distilroberta-base-climate-f', 'optim': 'adamw_torch'}}",9
0.5384615384615384,1.0,0.7,0.625,0.9859154929577465,0.7650273224043715,1250,139,71,1179,7,132,0.5,Water safety and security,health,SCIBERT,health|5,4243,0.5681818181818182,0.9259259259259259,0.704225352112676,0.6024096385542169,0.9803921568627451,0.746268656716418,"{'model': 'transformer', 'hyperparams': {'class_weights': [0.529411792755127, 9.0], 'use_class_weights': 1, 'learning_rate': 1.5345364786893075e-05, 'per_device_train_batch_size': 6, 'per_device_eval_batch_size': 12, 'num_train_epochs': 8, 'weight_decay': 0.29850945342881496, 'model_name': 'allenai/scibert_scivocab_uncased', 'optim': 'adamw_torch'}}",0
0.5714285714285714,1.0,0.7272727272727273,0.5564516129032258,0.9857142857142858,0.711340206185567,1250,139,70,1180,8,131,0.5,Water safety and security,health,SCIBERT,health|5,4243,0.5681818181818182,0.9259259259259259,0.704225352112676,0.6024096385542169,0.9803921568627451,0.746268656716418,"{'model': 'transformer', 'hyperparams': {'class_weights': [0.529411792755127, 9.0], 'use_class_weights': 1, 'learning_rate': 1.5345364786893075e-05, 'per_device_train_batch_size': 6, 'per_device_eval_batch_size': 12, 'num_train_epochs': 8, 'weight_decay': 0.29850945342881496, 'model_name': 'allenai/scibert_scivocab_uncased', 'optim': 'adamw_torch'}}",1
0.6153846153846154,1.0,0.7619047619047619,0.6296296296296297,0.9714285714285714,0.7640449438202247,1250,139,70,1180,8,131,0.5,Water safety and security,health,SCIBERT,health|5,4243,0.5681818181818182,0.9259259259259259,0.704225352112676,0.6024096385542169,0.9803921568627451,0.746268656716418,"{'model': 'transformer', 'hyperparams': {'class_weights': [0.529411792755127, 9.0], 'use_class_weights': 1, 'learning_rate': 1.5345364786893075e-05, 'per_device_train_batch_size': 6, 'per_device_eval_batch_size': 12, 'num_train_epochs': 8, 'weight_decay': 0.29850945342881496, 'model_name': 'allenai/scibert_scivocab_uncased', 'optim': 'adamw_torch'}}",2
0.7777777777777778,0.875,0.8235294117647058,0.6831683168316832,0.9857142857142858,0.8070175438596491,1250,139,70,1180,8,131,0.5,Water safety and security,health,SCIBERT,health|5,4243,0.5681818181818182,0.9259259259259259,0.704225352112676,0.6024096385542169,0.9803921568627451,0.746268656716418,"{'model': 'transformer', 'hyperparams': {'class_weights': [0.529411792755127, 9.0], 'use_class_weights': 1, 'learning_rate': 1.5345364786893075e-05, 'per_device_train_batch_size': 6, 'per_device_eval_batch_size': 12, 'num_train_epochs': 8, 'weight_decay': 0.29850945342881496, 'model_name': 'allenai/scibert_scivocab_uncased', 'optim': 'adamw_torch'}}",3
0.5,0.875,0.6363636363636364,0.723404255319149,0.9714285714285714,0.8292682926829268,1250,139,70,1180,8,131,0.5,Water safety and security,health,SCIBERT,health|5,4243,0.5681818181818182,0.9259259259259259,0.704225352112676,0.6024096385542169,0.9803921568627451,0.746268656716418,"{'model': 'transformer', 'hyperparams': {'class_weights': [0.529411792755127, 9.0], 'use_class_weights': 1, 'learning_rate': 1.5345364786893075e-05, 'per_device_train_batch_size': 6, 'per_device_eval_batch_size': 12, 'num_train_epochs': 8, 'weight_decay': 0.29850945342881496, 'model_name': 'allenai/scibert_scivocab_uncased', 'optim': 'adamw_torch'}}",4
0.8,1.0,0.8888888888888888,0.6052631578947368,0.9857142857142858,0.75,1250,139,70,1180,8,131,0.5,Water safety and security,health,SCIBERT,health|5,4243,0.5681818181818182,0.9259259259259259,0.704225352112676,0.6024096385542169,0.9803921568627451,0.746268656716418,"{'model': 'transformer', 'hyperparams': {'class_weights': [0.529411792755127, 9.0], 'use_class_weights': 1, 'learning_rate': 1.5345364786893075e-05, 'per_device_train_batch_size': 6, 'per_device_eval_batch_size': 12, 'num_train_epochs': 8, 'weight_decay': 0.29850945342881496, 'model_name': 'allenai/scibert_scivocab_uncased', 'optim': 'adamw_torch'}}",5
0.42857142857142855,0.75,0.5454545454545454,0.625,1.0,0.7692307692307693,1250,139,70,1180,8,131,0.5,Water safety and security,health,SCIBERT,health|5,4243,0.5681818181818182,0.9259259259259259,0.704225352112676,0.6024096385542169,0.9803921568627451,0.746268656716418,"{'model': 'transformer', 'hyperparams': {'class_weights': [0.529411792755127, 9.0], 'use_class_weights': 1, 'learning_rate': 1.5345364786893075e-05, 'per_device_train_batch_size': 6, 'per_device_eval_batch_size': 12, 'num_train_epochs': 8, 'weight_decay': 0.29850945342881496, 'model_name': 'allenai/scibert_scivocab_uncased', 'optim': 'adamw_torch'}}",6
0.5,0.625,0.5555555555555556,0.6140350877192983,1.0,0.7608695652173914,1250,139,70,1180,8,131,0.5,Water safety and security,health,SCIBERT,health|5,4243,0.5681818181818182,0.9259259259259259,0.704225352112676,0.6024096385542169,0.9803921568627451,0.746268656716418,"{'model': 'transformer', 'hyperparams': {'class_weights': [0.529411792755127, 9.0], 'use_class_weights': 1, 'learning_rate': 1.5345364786893075e-05, 'per_device_train_batch_size': 6, 'per_device_eval_batch_size': 12, 'num_train_epochs': 8, 'weight_decay': 0.29850945342881496, 'model_name': 'allenai/scibert_scivocab_uncased', 'optim': 'adamw_torch'}}",7
0.5,0.875,0.6363636363636364,0.6363636363636364,1.0,0.7777777777777778,1250,139,70,1180,8,131,0.5,Water safety and security,health,SCIBERT,health|5,4243,0.5681818181818182,0.9259259259259259,0.704225352112676,0.6024096385542169,0.9803921568627451,0.746268656716418,"{'model': 'transformer', 'hyperparams': {'class_weights': [0.529411792755127, 9.0], 'use_class_weights': 1, 'learning_rate': 1.5345364786893075e-05, 'per_device_train_batch_size': 6, 'per_device_eval_batch_size': 12, 'num_train_epochs': 8, 'weight_decay': 0.29850945342881496, 'model_name': 'allenai/scibert_scivocab_uncased', 'optim': 'adamw_torch'}}",8
0.7,1.0,0.8235294117647058,0.6330275229357798,0.971830985915493,0.7666666666666667,1251,138,71,1180,7,131,0.5,Water safety and security,health,SCIBERT,health|5,4243,0.5681818181818182,0.9259259259259259,0.704225352112676,0.6024096385542169,0.9803921568627451,0.746268656716418,"{'model': 'transformer', 'hyperparams': {'class_weights': [0.529411792755127, 9.0], 'use_class_weights': 1, 'learning_rate': 1.5345364786893075e-05, 'per_device_train_batch_size': 6, 'per_device_eval_batch_size': 12, 'num_train_epochs': 8, 'weight_decay': 0.29850945342881496, 'model_name': 'allenai/scibert_scivocab_uncased', 'optim': 'adamw_torch'}}",9
0.5652173913043478,0.7222222222222222,0.6341463414634146,0.6239669421487604,0.9741935483870968,0.760705289672544,1010,113,155,855,18,95,0.5,Other meteorological variables,driver,CLIMATEBERT,driver|7,4243,0.5053763440860215,0.7966101694915254,0.618421052631579,0.6993865030674846,1.0,0.8231046931407943,"{'model': 'transformer', 'hyperparams': {'class_weights': [0.5906200408935547, 3.2587718963623047], 'use_class_weights': 1, 'learning_rate': 1.4936212926867506e-05, 'per_device_train_batch_size': 4, 'per_device_eval_batch_size': 12, 'num_train_epochs': 10, 'weight_decay': 0.18681867063448057, 'model_name': 'climatebert/distilroberta-base-climate-f', 'optim': 'adamw_torch'}}",0
0.4857142857142857,0.9444444444444444,0.6415094339622641,0.6285714285714286,0.9935483870967742,0.77,1010,113,155,855,18,95,0.5,Other meteorological variables,driver,CLIMATEBERT,driver|7,4243,0.5053763440860215,0.7966101694915254,0.618421052631579,0.6993865030674846,1.0,0.8231046931407943,"{'model': 'transformer', 'hyperparams': {'class_weights': [0.5906200408935547, 3.2587718963623047], 'use_class_weights': 1, 'learning_rate': 1.4936212926867506e-05, 'per_device_train_batch_size': 4, 'per_device_eval_batch_size': 12, 'num_train_epochs': 10, 'weight_decay': 0.18681867063448057, 'model_name': 'climatebert/distilroberta-base-climate-f', 'optim': 'adamw_torch'}}",1
0.5652173913043478,0.7222222222222222,0.6341463414634146,0.6784140969162996,0.9935483870967742,0.806282722513089,1010,113,155,855,18,95,0.5,Other meteorological variables,driver,CLIMATEBERT,driver|7,4243,0.5053763440860215,0.7966101694915254,0.618421052631579,0.6993865030674846,1.0,0.8231046931407943,"{'model': 'transformer', 'hyperparams': {'class_weights': [0.5906200408935547, 3.2587718963623047], 'use_class_weights': 1, 'learning_rate': 1.4936212926867506e-05, 'per_device_train_batch_size': 4, 'per_device_eval_batch_size': 12, 'num_train_epochs': 10, 'weight_decay': 0.18681867063448057, 'model_name': 'climatebert/distilroberta-base-climate-f', 'optim': 'adamw_torch'}}",2
0.5161290322580645,0.9411764705882353,0.6666666666666666,0.6371308016877637,0.967948717948718,0.7684478371501272,1011,112,156,855,17,95,0.5,Other meteorological variables,driver,CLIMATEBERT,driver|7,4243,0.5053763440860215,0.7966101694915254,0.618421052631579,0.6993865030674846,1.0,0.8231046931407943,"{'model': 'transformer', 'hyperparams': {'class_weights': [0.5906200408935547, 3.2587718963623047], 'use_class_weights': 1, 'learning_rate': 1.4936212926867506e-05, 'per_device_train_batch_size': 4, 'per_device_eval_batch_size': 12, 'num_train_epochs': 10, 'weight_decay': 0.18681867063448057, 'model_name': 'climatebert/distilroberta-base-climate-f', 'optim': 'adamw_torch'}}",3
0.4074074074074074,0.6470588235294118,0.5,0.6565217391304348,0.967948717948718,0.7823834196891192,1011,112,156,855,17,95,0.5,Other meteorological variables,driver,CLIMATEBERT,driver|7,4243,0.5053763440860215,0.7966101694915254,0.618421052631579,0.6993865030674846,1.0,0.8231046931407943,"{'model': 'transformer', 'hyperparams': {'class_weights': [0.5906200408935547, 3.2587718963623047], 'use_class_weights': 1, 'learning_rate': 1.4936212926867506e-05, 'per_device_train_batch_size': 4, 'per_device_eval_batch_size': 12, 'num_train_epochs': 10, 'weight_decay': 0.18681867063448057, 'model_name': 'climatebert/distilroberta-base-climate-f', 'optim': 'adamw_torch'}}",4
0.3939393939393939,0.7647058823529411,0.52,0.6326530612244898,0.9935897435897436,0.773067331670823,1011,112,156,855,17,95,0.5,Other meteorological variables,driver,CLIMATEBERT,driver|7,4243,0.5053763440860215,0.7966101694915254,0.618421052631579,0.6993865030674846,1.0,0.8231046931407943,"{'model': 'transformer', 'hyperparams': {'class_weights': [0.5906200408935547, 3.2587718963623047], 'use_class_weights': 1, 'learning_rate': 1.4936212926867506e-05, 'per_device_train_batch_size': 4, 'per_device_eval_batch_size': 12, 'num_train_epochs': 10, 'weight_decay': 0.18681867063448057, 'model_name': 'climatebert/distilroberta-base-climate-f', 'optim': 'adamw_torch'}}",5
0.5454545454545454,0.7058823529411765,0.6153846153846154,0.6814159292035398,0.9871794871794872,0.806282722513089,1011,112,156,855,17,95,0.5,Other meteorological variables,driver,CLIMATEBERT,driver|7,4243,0.5053763440860215,0.7966101694915254,0.618421052631579,0.6993865030674846,1.0,0.8231046931407943,"{'model': 'transformer', 'hyperparams': {'class_weights': [0.5906200408935547, 3.2587718963623047], 'use_class_weights': 1, 'learning_rate': 1.4936212926867506e-05, 'per_device_train_batch_size': 4, 'per_device_eval_batch_size': 12, 'num_train_epochs': 10, 'weight_decay': 0.18681867063448057, 'model_name': 'climatebert/distilroberta-base-climate-f', 'optim': 'adamw_torch'}}",6
0.6363636363636364,0.8235294117647058,0.717948717948718,0.672566371681416,0.9743589743589743,0.7958115183246073,1011,112,156,855,17,95,0.5,Other meteorological variables,driver,CLIMATEBERT,driver|7,4243,0.5053763440860215,0.7966101694915254,0.618421052631579,0.6993865030674846,1.0,0.8231046931407943,"{'model': 'transformer', 'hyperparams': {'class_weights': [0.5906200408935547, 3.2587718963623047], 'use_class_weights': 1, 'learning_rate': 1.4936212926867506e-05, 'per_device_train_batch_size': 4, 'per_device_eval_batch_size': 12, 'num_train_epochs': 10, 'weight_decay': 0.18681867063448057, 'model_name': 'climatebert/distilroberta-base-climate-f', 'optim': 'adamw_torch'}}",7
0.56,0.8235294117647058,0.6666666666666666,0.6696035242290749,0.9743589743589743,0.793733681462141,1011,112,156,855,17,95,0.5,Other meteorological variables,driver,CLIMATEBERT,driver|7,4243,0.5053763440860215,0.7966101694915254,0.618421052631579,0.6993865030674846,1.0,0.8231046931407943,"{'model': 'transformer', 'hyperparams': {'class_weights': [0.5906200408935547, 3.2587718963623047], 'use_class_weights': 1, 'learning_rate': 1.4936212926867506e-05, 'per_device_train_batch_size': 4, 'per_device_eval_batch_size': 12, 'num_train_epochs': 10, 'weight_decay': 0.18681867063448057, 'model_name': 'climatebert/distilroberta-base-climate-f', 'optim': 'adamw_torch'}}",8
0.5,0.6470588235294118,0.5641025641025641,0.652542372881356,0.9871794871794872,0.7857142857142857,1011,112,156,855,17,95,0.5,Other meteorological variables,driver,CLIMATEBERT,driver|7,4243,0.5053763440860215,0.7966101694915254,0.618421052631579,0.6993865030674846,1.0,0.8231046931407943,"{'model': 'transformer', 'hyperparams': {'class_weights': [0.5906200408935547, 3.2587718963623047], 'use_class_weights': 1, 'learning_rate': 1.4936212926867506e-05, 'per_device_train_batch_size': 4, 'per_device_eval_batch_size': 12, 'num_train_epochs': 10, 'weight_decay': 0.18681867063448057, 'model_name': 'climatebert/distilroberta-base-climate-f', 'optim': 'adamw_torch'}}",9
1.0,1.0,1.0,1.0,0.875,0.9333333333333333,55,7,40,15,5,2,0.5,Research Article,type,SCIBERT,type|0,4243,0.9411764705882353,1.0,0.9696969696969697,1.0,0.9655172413793104,0.9824561403508771,"{'model': 'transformer', 'hyperparams': {'class_weights': [1.8181818723678589, 0.6896551847457886], 'use_class_weights': 1, 'learning_rate': 2.857741201374481e-05, 'per_device_train_batch_size': 11, 'per_device_eval_batch_size': 12, 'num_train_epochs': 7, 'weight_decay': 0.004481854122967012, 'model_name': 'allenai/scibert_scivocab_uncased', 'optim': 'adamw_torch'}}",0
1.0,0.6,0.75,1.0,0.675,0.8059701492537313,55,7,40,15,5,2,0.5,Research Article,type,SCIBERT,type|0,4243,0.9411764705882353,1.0,0.9696969696969697,1.0,0.9655172413793104,0.9824561403508771,"{'model': 'transformer', 'hyperparams': {'class_weights': [1.8181818723678589, 0.6896551847457886], 'use_class_weights': 1, 'learning_rate': 2.857741201374481e-05, 'per_device_train_batch_size': 11, 'per_device_eval_batch_size': 12, 'num_train_epochs': 7, 'weight_decay': 0.004481854122967012, 'model_name': 'allenai/scibert_scivocab_uncased', 'optim': 'adamw_torch'}}",1
1.0,0.8,0.8888888888888888,1.0,0.85,0.918918918918919,56,6,40,16,5,1,0.5,Research Article,type,SCIBERT,type|0,4243,0.9411764705882353,1.0,0.9696969696969697,1.0,0.9655172413793104,0.9824561403508771,"{'model': 'transformer', 'hyperparams': {'class_weights': [1.8181818723678589, 0.6896551847457886], 'use_class_weights': 1, 'learning_rate': 2.857741201374481e-05, 'per_device_train_batch_size': 11, 'per_device_eval_batch_size': 12, 'num_train_epochs': 7, 'weight_decay': 0.004481854122967012, 'model_name': 'allenai/scibert_scivocab_uncased', 'optim': 'adamw_torch'}}",2
1.0,0.6,0.75,1.0,0.675,0.8059701492537313,56,6,40,16,5,1,0.5,Research Article,type,SCIBERT,type|0,4243,0.9411764705882353,1.0,0.9696969696969697,1.0,0.9655172413793104,0.9824561403508771,"{'model': 'transformer', 'hyperparams': {'class_weights': [1.8181818723678589, 0.6896551847457886], 'use_class_weights': 1, 'learning_rate': 2.857741201374481e-05, 'per_device_train_batch_size': 11, 'per_device_eval_batch_size': 12, 'num_train_epochs': 7, 'weight_decay': 0.004481854122967012, 'model_name': 'allenai/scibert_scivocab_uncased', 'optim': 'adamw_torch'}}",3
1.0,0.6,0.75,1.0,0.675,0.8059701492537313,56,6,40,16,5,1,0.5,Research Article,type,SCIBERT,type|0,4243,0.9411764705882353,1.0,0.9696969696969697,1.0,0.9655172413793104,0.9824561403508771,"{'model': 'transformer', 'hyperparams': {'class_weights': [1.8181818723678589, 0.6896551847457886], 'use_class_weights': 1, 'learning_rate': 2.857741201374481e-05, 'per_device_train_batch_size': 11, 'per_device_eval_batch_size': 12, 'num_train_epochs': 7, 'weight_decay': 0.004481854122967012, 'model_name': 'allenai/scibert_scivocab_uncased', 'optim': 'adamw_torch'}}",4
1.0,0.25,0.4,1.0,0.43902439024390244,0.6101694915254238,56,6,41,15,4,2,0.5,Research Article,type,SCIBERT,type|0,4243,0.9411764705882353,1.0,0.9696969696969697,1.0,0.9655172413793104,0.9824561403508771,"{'model': 'transformer', 'hyperparams': {'class_weights': [1.8181818723678589, 0.6896551847457886], 'use_class_weights': 1, 'learning_rate': 2.857741201374481e-05, 'per_device_train_batch_size': 11, 'per_device_eval_batch_size': 12, 'num_train_epochs': 7, 'weight_decay': 0.004481854122967012, 'model_name': 'allenai/scibert_scivocab_uncased', 'optim': 'adamw_torch'}}",5
1.0,0.5,0.6666666666666666,1.0,0.6341463414634146,0.7761194029850746,56,6,41,15,4,2,0.5,Research Article,type,SCIBERT,type|0,4243,0.9411764705882353,1.0,0.9696969696969697,1.0,0.9655172413793104,0.9824561403508771,"{'model': 'transformer', 'hyperparams': {'class_weights': [1.8181818723678589, 0.6896551847457886], 'use_class_weights': 1, 'learning_rate': 2.857741201374481e-05, 'per_device_train_batch_size': 11, 'per_device_eval_batch_size': 12, 'num_train_epochs': 7, 'weight_decay': 0.004481854122967012, 'model_name': 'allenai/scibert_scivocab_uncased', 'optim': 'adamw_torch'}}",6
1.0,0.5,0.6666666666666666,1.0,0.5121951219512195,0.6774193548387096,56,6,41,15,4,2,0.5,Research Article,type,SCIBERT,type|0,4243,0.9411764705882353,1.0,0.9696969696969697,1.0,0.9655172413793104,0.9824561403508771,"{'model': 'transformer', 'hyperparams': {'class_weights': [1.8181818723678589, 0.6896551847457886], 'use_class_weights': 1, 'learning_rate': 2.857741201374481e-05, 'per_device_train_batch_size': 11, 'per_device_eval_batch_size': 12, 'num_train_epochs': 7, 'weight_decay': 0.004481854122967012, 'model_name': 'allenai/scibert_scivocab_uncased', 'optim': 'adamw_torch'}}",7
1.0,1.0,1.0,1.0,0.8292682926829268,0.9066666666666666,56,6,41,15,4,2,0.5,Research Article,type,SCIBERT,type|0,4243,0.9411764705882353,1.0,0.9696969696969697,1.0,0.9655172413793104,0.9824561403508771,"{'model': 'transformer', 'hyperparams': {'class_weights': [1.8181818723678589, 0.6896551847457886], 'use_class_weights': 1, 'learning_rate': 2.857741201374481e-05, 'per_device_train_batch_size': 11, 'per_device_eval_batch_size': 12, 'num_train_epochs': 7, 'weight_decay': 0.004481854122967012, 'model_name': 'allenai/scibert_scivocab_uncased', 'optim': 'adamw_torch'}}",8
1.0,0.25,0.4,1.0,0.7317073170731707,0.8450704225352113,56,6,41,15,4,2,0.5,Research Article,type,SCIBERT,type|0,4243,0.9411764705882353,1.0,0.9696969696969697,1.0,0.9655172413793104,0.9824561403508771,"{'model': 'transformer', 'hyperparams': {'class_weights': [1.8181818723678589, 0.6896551847457886], 'use_class_weights': 1, 'learning_rate': 2.857741201374481e-05, 'per_device_train_batch_size': 11, 'per_device_eval_batch_size': 12, 'num_train_epochs': 7, 'weight_decay': 0.004481854122967012, 'model_name': 'allenai/scibert_scivocab_uncased', 'optim': 'adamw_torch'}}",9
