index,LAT,LON,area,is_land,precip_da,temp_da,population
0,-88.75,-178.75,1685.6540146695665,False,,,0.0
1,-88.75,-176.25,1685.6540146695665,False,,,0.0
2,-88.75,-173.75,1685.6540146695665,False,,,0.0
3,-88.75,-171.25,1685.654014669584,False,,,0.0
4,-88.75,-168.75,1685.6540146695665,False,,,0.0
5,-88.75,-166.25,1685.6540146695665,False,,,0.0
6,-88.75,-163.75,1685.6540146695665,False,,,0.0
7,-88.75,-161.25,1685.6540146695665,False,,,0.0
8,-88.75,-158.75,1685.6540146695665,False,,,0.0
9,-88.75,-156.25,1685.6540146695665,False,,,0.0
10,-88.75,-153.75,1685.6540146695665,False,,,0.0
11,-88.75,-151.25,1685.654014669584,False,,,0.0
12,-88.75,-148.75,1685.6540146695665,False,,,0.0
13,-88.75,-146.25,1685.6540146695665,False,,,0.0
14,-88.75,-143.75,1685.6540146695665,False,,,0.0
15,-88.75,-141.25,1685.6540146695665,False,,,0.0
16,-88.75,-138.75,1685.6540146695665,False,,,0.0
17,-88.75,-136.25,1685.6540146695665,False,,,0.0
18,-88.75,-133.75,1685.6540146695665,False,,,0.0
19,-88.75,-131.25,1685.6540146695665,False,,,0.0
20,-88.75,-128.75,1685.6540146695665,False,,,0.0
21,-88.75,-126.25,1685.6540146695665,False,,,0.0
22,-88.75,-123.75,1685.6540146695665,False,,,0.0
23,-88.75,-121.25,1685.6540146695665,False,,,0.0
24,-88.75,-118.75,1685.6540146695665,False,,,0.0
25,-88.75,-116.25,1685.654014669601,False,,,0.0
26,-88.75,-113.75,1685.6540146695665,False,,,0.0
27,-88.75,-111.25,1685.6540146695665,False,,,0.0
28,-88.75,-108.75,1685.6540146695665,False,,,0.0
29,-88.75,-106.25,1685.6540146695665,False,,,0.0
30,-88.75,-103.75,1685.6540146695665,False,,,0.0
31,-88.75,-101.25,1685.6540146695665,False,,,0.0
32,-88.75,-98.75,1685.6540146695665,False,,,0.0
33,-88.75,-96.25,1685.6540146695665,False,,,0.0
34,-88.75,-93.75,1685.6540146695665,False,,,0.0
35,-88.75,-91.25,1685.6540146695665,False,,,0.0
36,-88.75,-88.75,1685.6540146695665,False,,,0.0
37,-88.75,-86.25,1685.6540146695665,False,,,0.0
38,-88.75,-83.75,1685.6540146695665,False,,,0.0
39,-88.75,-81.25,1685.6540146695665,False,,,0.0
40,-88.75,-78.75,1685.6540146695665,False,,,0.0
41,-88.75,-76.25,1685.6540146695665,False,,,0.0
42,-88.75,-73.75,1685.654014669601,False,,,0.0
43,-88.75,-71.25,1685.6540146695665,False,,,0.0
44,-88.75,-68.75,1685.6540146695665,False,,,0.0
45,-88.75,-66.25,1685.6540146695665,False,,,0.0
46,-88.75,-63.75,1685.6540146695665,False,,,0.0
47,-88.75,-61.25,1685.6540146695665,False,,,0.0
48,-88.75,-58.75,1685.6540146695665,False,,,0.0
49,-88.75,-56.25,1685.6540146695665,False,,,0.0
50,-88.75,-53.75,1685.6540146695665,False,,,0.0
51,-88.75,-51.25,1685.6540146695665,False,,,0.0
52,-88.75,-48.75,1685.6540146695665,False,,,0.0
53,-88.75,-46.25,1685.6540146695665,False,,,0.0
54,-88.75,-43.75,1685.6540146695665,False,,,0.0
55,-88.75,-41.25,1685.6540146695665,False,,,0.0
56,-88.75,-38.75,1685.6540146695665,False,,,0.0
57,-88.75,-36.25,1685.6540146695665,False,,,0.0
58,-88.75,-33.75,1685.6540146695665,False,,,0.0
59,-88.75,-31.25,1685.6540146695665,False,,,0.0
60,-88.75,-28.75,1685.654014669601,False,,,0.0
61,-88.75,-26.25,1685.6540146695665,False,,,0.0
62,-88.75,-23.75,1685.6540146695665,False,,,0.0
63,-88.75,-21.25,1685.6540146695665,False,,,0.0
64,-88.75,-18.75,1685.6540146695665,False,,,0.0
65,-88.75,-16.25,1685.6540146695665,False,,,0.0
66,-88.75,-13.75,1685.6540146695665,False,,,0.0
67,-88.75,-11.25,1685.6540146695665,False,,,0.0
68,-88.75,-8.75,1685.6540146695665,False,,,0.0
69,-88.75,-6.25,1685.6540146695665,False,,,0.0
70,-88.75,-3.75,1685.6540146695665,False,,,0.0
71,-88.75,-1.25,1685.6540146695665,False,,,0.0
72,-88.75,1.25,1685.6540146695686,False,,0.0,0.0
73,-88.75,3.75,1685.6540146695686,False,,0.0,0.0
74,-88.75,6.25,1685.6540146695684,False,,,0.0
75,-88.75,8.75,1685.6540146695688,False,,,0.0
76,-88.75,11.25,1685.6540146695688,False,,,0.0
77,-88.75,13.75,1685.6540146695677,False,,,0.0
78,-88.75,16.25,1685.6540146695688,False,,,0.0
79,-88.75,18.75,1685.6540146695688,False,,,0.0
80,-88.75,21.25,1685.6540146695688,False,,,0.0
81,-88.75,23.75,1685.6540146695688,False,,,0.0
82,-88.75,26.25,1685.6540146695688,False,,,0.0
83,-88.75,28.75,1685.6540146695665,False,,,0.0
84,-88.75,31.25,1685.654014669571,False,,,0.0
85,-88.75,33.75,1685.6540146695665,False,,,0.0
86,-88.75,36.25,1685.654014669571,False,,,0.0
87,-88.75,38.75,1685.6540146695665,False,,,0.0
88,-88.75,41.25,1685.654014669571,False,,,0.0
89,-88.75,43.75,1685.6540146695665,False,,,0.0
90,-88.75,46.25,1685.654014669571,False,,,0.0
91,-88.75,48.75,1685.6540146695665,False,,,0.0
92,-88.75,51.25,1685.654014669571,False,,,0.0
93,-88.75,53.75,1685.6540146695665,False,,,0.0
94,-88.75,56.25,1685.6540146695665,False,,,0.0
95,-88.75,58.75,1685.6540146695665,False,,,0.0
96,-88.75,61.25,1685.6540146695754,False,,,0.0
97,-88.75,63.75,1685.6540146695665,False,,,0.0
98,-88.75,66.25,1685.6540146695665,False,,,0.0
99,-88.75,68.75,1685.6540146695665,False,,,0.0
100,-88.75,71.25,1685.6540146695754,False,,,0.0
101,-88.75,73.75,1685.6540146695665,False,,,0.0
102,-88.75,76.25,1685.6540146695665,False,,,0.0
103,-88.75,78.75,1685.6540146695665,False,,,0.0
104,-88.75,81.25,1685.6540146695665,False,,,0.0
105,-88.75,83.75,1685.6540146695754,False,,,0.0
106,-88.75,86.25,1685.6540146695665,False,,,0.0
107,-88.75,88.75,1685.6540146695665,False,,,0.0
108,-88.75,91.25,1685.6540146695665,False,,,0.0
109,-88.75,93.75,1685.6540146695754,False,,,0.0
110,-88.75,96.25,1685.6540146695665,False,,,0.0
111,-88.75,98.75,1685.6540146695665,False,,,0.0
112,-88.75,101.25,1685.6540146695665,False,,,0.0
113,-88.75,103.75,1685.6540146695754,False,,,0.0
114,-88.75,106.25,1685.6540146695665,False,,,0.0
115,-88.75,108.75,1685.6540146695665,False,,,0.0
116,-88.75,111.25,1685.6540146695665,False,,,0.0
117,-88.75,113.75,1685.6540146695665,False,,,0.0
118,-88.75,116.25,1685.6540146695665,False,,,0.0
119,-88.75,118.75,1685.6540146695665,False,,,0.0
120,-88.75,121.25,1685.654014669584,False,,,0.0
121,-88.75,123.75,1685.6540146695665,False,,,0.0
122,-88.75,126.25,1685.6540146695665,False,,,0.0
123,-88.75,128.75,1685.6540146695665,False,,,0.0
124,-88.75,131.25,1685.6540146695665,False,,,0.0
125,-88.75,133.75,1685.6540146695665,False,,,0.0
126,-88.75,136.25,1685.6540146695665,False,,,0.0
127,-88.75,138.75,1685.6540146695665,False,,,0.0
128,-88.75,141.25,1685.6540146695665,False,,,0.0
129,-88.75,143.75,1685.654014669584,False,,,0.0
130,-88.75,146.25,1685.6540146695665,False,,,0.0
131,-88.75,148.75,1685.6540146695665,False,,,0.0
132,-88.75,151.25,1685.6540146695665,False,,,0.0
133,-88.75,153.75,1685.6540146695665,False,,,0.0
134,-88.75,156.25,1685.6540146695665,False,,,0.0
135,-88.75,158.75,1685.6540146695665,False,,,0.0
136,-88.75,161.25,1685.6540146695665,False,,,0.0
137,-88.75,163.75,1685.6540146695665,False,,,0.0
138,-88.75,166.25,1685.654014669584,False,,,0.0
139,-88.75,168.75,1685.6540146695665,False,,,0.0
140,-88.75,171.25,1685.6540146695665,False,,,0.0
141,-88.75,173.75,1685.6540146695665,False,,,0.0
142,-88.75,176.25,1685.6540146695665,False,,,0.0
143,-88.75,178.75,1685.6540146695665,False,,,0.0
144,-86.25,-178.75,5053.753305785696,False,,,0.0
145,-86.25,-176.25,5053.753305785696,False,,,0.0
146,-86.25,-173.75,5053.753305785696,False,,,0.0
147,-86.25,-171.25,5053.753305785748,False,,,0.0
148,-86.25,-168.75,5053.753305785696,False,,,0.0
149,-86.25,-166.25,5053.753305785696,False,,,0.0
150,-86.25,-163.75,5053.753305785696,False,,,0.0
151,-86.25,-161.25,5053.753305785696,False,,,0.0
152,-86.25,-158.75,5053.753305785696,False,,,0.0
153,-86.25,-156.25,5053.753305785696,False,,,0.0
154,-86.25,-153.75,5053.753305785696,False,,,0.0
155,-86.25,-151.25,5053.753305785748,False,,,0.0
156,-86.25,-148.75,5053.753305785696,False,,,0.0
157,-86.25,-146.25,5053.753305785696,False,,,0.0
158,-86.25,-143.75,5053.753305785696,False,,,0.0
159,-86.25,-141.25,5053.753305785696,False,,,0.0
160,-86.25,-138.75,5053.753305785696,False,,,0.0
161,-86.25,-136.25,5053.753305785696,False,,,0.0
162,-86.25,-133.75,5053.753305785696,False,,,0.0
163,-86.25,-131.25,5053.753305785696,False,,,0.0
164,-86.25,-128.75,5053.753305785696,False,,,0.0
165,-86.25,-126.25,5053.753305785696,False,,,0.0
166,-86.25,-123.75,5053.753305785696,False,,,0.0
167,-86.25,-121.25,5053.753305785696,False,,,0.0
168,-86.25,-118.75,5053.753305785696,False,,,0.0
169,-86.25,-116.25,5053.7533057858,False,,,0.0
170,-86.25,-113.75,5053.753305785696,False,,,0.0
171,-86.25,-111.25,5053.753305785696,False,,,0.0
172,-86.25,-108.75,5053.753305785696,False,,,0.0
173,-86.25,-106.25,5053.753305785696,False,,,0.0
174,-86.25,-103.75,5053.753305785696,False,,,0.0
175,-86.25,-101.25,5053.753305785696,False,,,0.0
176,-86.25,-98.75,5053.753305785696,False,,,0.0
177,-86.25,-96.25,5053.753305785696,False,,,0.0
178,-86.25,-93.75,5053.753305785696,False,,,0.0
179,-86.25,-91.25,5053.753305785696,False,,,0.0
180,-86.25,-88.75,5053.753305785696,False,,,0.0
181,-86.25,-86.25,5053.753305785696,False,,,0.0
182,-86.25,-83.75,5053.753305785696,False,,,0.0
183,-86.25,-81.25,5053.753305785696,False,,,0.0
184,-86.25,-78.75,5053.753305785696,False,,,0.0
185,-86.25,-76.25,5053.753305785696,False,,,0.0
186,-86.25,-73.75,5053.7533057858,False,,,0.0
187,-86.25,-71.25,5053.753305785696,False,,,0.0
188,-86.25,-68.75,5053.753305785696,False,,,0.0
189,-86.25,-66.25,5053.753305785696,False,,,0.0
190,-86.25,-63.75,5053.753305785696,False,,,0.0
191,-86.25,-61.25,5053.753305785696,False,,,0.0
192,-86.25,-58.75,5053.753305785696,False,,,0.0
193,-86.25,-56.25,5053.753305785696,False,,,0.0
194,-86.25,-53.75,5053.753305785696,False,,,0.0
195,-86.25,-51.25,5053.753305785696,False,,,0.0
196,-86.25,-48.75,5053.753305785696,False,,,0.0
197,-86.25,-46.25,5053.753305785696,False,,,0.0
198,-86.25,-43.75,5053.753305785696,False,,,0.0
199,-86.25,-41.25,5053.753305785696,False,,,0.0
200,-86.25,-38.75,5053.753305785696,False,,,0.0
201,-86.25,-36.25,5053.753305785696,False,,,0.0
202,-86.25,-33.75,5053.753305785696,False,,,0.0
203,-86.25,-31.25,5053.753305785696,False,,,0.0
204,-86.25,-28.75,5053.7533057858,False,,,0.0
205,-86.25,-26.25,5053.753305785696,False,,,0.0
206,-86.25,-23.75,5053.753305785696,False,,,0.0
207,-86.25,-21.25,5053.753305785696,False,,,0.0
208,-86.25,-18.75,5053.753305785696,False,,,0.0
209,-86.25,-16.25,5053.753305785696,False,,,0.0
210,-86.25,-13.75,5053.753305785696,False,,,0.0
211,-86.25,-11.25,5053.753305785696,False,,,0.0
212,-86.25,-8.75,5053.753305785696,False,,,0.0
213,-86.25,-6.25,5053.753305785696,False,,,0.0
214,-86.25,-3.75,5053.753305785696,False,,,0.0
215,-86.25,-1.25,5053.753305785696,False,,,0.0
216,-86.25,1.25,5053.753305785702,False,,0.0,0.0
217,-86.25,3.75,5053.753305785702,False,,0.0,0.0
218,-86.25,6.25,5053.753305785701,False,,,0.0
219,-86.25,8.75,5053.753305785703,False,,,0.0
220,-86.25,11.25,5053.753305785703,False,,,0.0
221,-86.25,13.75,5053.7533057857,False,,,0.0
222,-86.25,16.25,5053.753305785703,False,,,0.0
223,-86.25,18.75,5053.753305785703,False,,,0.0
224,-86.25,21.25,5053.753305785703,False,,,0.0
225,-86.25,23.75,5053.753305785703,False,,,0.0
226,-86.25,26.25,5053.753305785703,False,,,0.0
227,-86.25,28.75,5053.753305785696,False,,,0.0
228,-86.25,31.25,5053.75330578571,False,,,0.0
229,-86.25,33.75,5053.753305785696,False,,,0.0
230,-86.25,36.25,5053.75330578571,False,,,0.0
231,-86.25,38.75,5053.753305785696,False,,,0.0
232,-86.25,41.25,5053.75330578571,False,,,0.0
233,-86.25,43.75,5053.753305785696,False,,,0.0
234,-86.25,46.25,5053.75330578571,False,,,0.0
235,-86.25,48.75,5053.753305785696,False,,,0.0
236,-86.25,51.25,5053.75330578571,False,,,0.0
237,-86.25,53.75,5053.753305785696,False,,,0.0
238,-86.25,56.25,5053.753305785696,False,,,0.0
239,-86.25,58.75,5053.753305785696,False,,,0.0
240,-86.25,61.25,5053.753305785722,False,,,0.0
241,-86.25,63.75,5053.753305785696,False,,,0.0
242,-86.25,66.25,5053.753305785696,False,,,0.0
243,-86.25,68.75,5053.753305785696,False,,,0.0
244,-86.25,71.25,5053.753305785722,False,,,0.0
245,-86.25,73.75,5053.753305785696,False,,,0.0
246,-86.25,76.25,5053.753305785696,False,,,0.0
247,-86.25,78.75,5053.753305785696,False,,,0.0
248,-86.25,81.25,5053.753305785696,False,,,0.0
249,-86.25,83.75,5053.753305785722,False,,,0.0
250,-86.25,86.25,5053.753305785696,False,,,0.0
251,-86.25,88.75,5053.753305785696,False,,,0.0
252,-86.25,91.25,5053.753305785696,False,,,0.0
253,-86.25,93.75,5053.753305785722,False,,,0.0
254,-86.25,96.25,5053.753305785696,False,,,0.0
255,-86.25,98.75,5053.753305785696,False,,,0.0
256,-86.25,101.25,5053.753305785696,False,,,0.0
257,-86.25,103.75,5053.753305785722,False,,,0.0
258,-86.25,106.25,5053.753305785696,False,,,0.0
259,-86.25,108.75,5053.753305785696,False,,,0.0
260,-86.25,111.25,5053.753305785696,False,,,0.0
261,-86.25,113.75,5053.753305785696,False,,,0.0
262,-86.25,116.25,5053.753305785696,False,,,0.0
263,-86.25,118.75,5053.753305785696,False,,,0.0
264,-86.25,121.25,5053.753305785748,False,,,0.0
265,-86.25,123.75,5053.753305785696,False,,,0.0
266,-86.25,126.25,5053.753305785696,False,,,0.0
267,-86.25,128.75,5053.753305785696,False,,,0.0
268,-86.25,131.25,5053.753305785696,False,,,0.0
269,-86.25,133.75,5053.753305785696,False,,,0.0
270,-86.25,136.25,5053.753305785696,False,,,0.0
271,-86.25,138.75,5053.753305785696,False,,,0.0
272,-86.25,141.25,5053.753305785696,False,,,0.0
273,-86.25,143.75,5053.753305785748,False,,,0.0
274,-86.25,146.25,5053.753305785696,False,,,0.0
275,-86.25,148.75,5053.753305785696,False,,,0.0
276,-86.25,151.25,5053.753305785696,False,,,0.0
277,-86.25,153.75,5053.753305785696,False,,,0.0
278,-86.25,156.25,5053.753305785696,False,,,0.0
279,-86.25,158.75,5053.753305785696,False,,,0.0
280,-86.25,161.25,5053.753305785696,False,,,0.0
281,-86.25,163.75,5053.753305785696,False,,,0.0
282,-86.25,166.25,5053.753305785748,False,,,0.0
283,-86.25,168.75,5053.753305785696,False,,,0.0
284,-86.25,171.25,5053.753305785696,False,,,0.0
285,-86.25,173.75,5053.753305785696,False,,,0.0
286,-86.25,176.25,5053.753305785696,False,,,0.0
287,-86.25,178.75,5053.753305785696,False,,,0.0
288,-83.75,-178.75,8412.232490247632,False,,,0.0
289,-83.75,-176.25,8412.232490247632,False,,,0.0
290,-83.75,-173.75,8412.232490247632,False,,,0.0
291,-83.75,-171.25,8412.232490247718,False,,,0.0
292,-83.75,-168.75,8412.232490247632,False,,,0.0
293,-83.75,-166.25,8412.232490247632,False,,,0.0
294,-83.75,-163.75,8412.232490247632,False,,,0.0
295,-83.75,-161.25,8412.232490247632,False,,,0.0
296,-83.75,-158.75,8412.232490247632,False,,,0.0
297,-83.75,-156.25,8412.232490247632,False,,,0.0
298,-83.75,-153.75,8412.232490247632,False,,,0.0
299,-83.75,-151.25,8412.232490247718,False,,,0.0
300,-83.75,-148.75,8412.232490247632,False,,,0.0
301,-83.75,-146.25,8412.232490247632,False,,,0.0
302,-83.75,-143.75,8412.232490247632,False,,,0.0
303,-83.75,-141.25,8412.232490247632,False,,,0.0
304,-83.75,-138.75,8412.232490247632,False,,,0.0
305,-83.75,-136.25,8412.232490247632,False,,,0.0
306,-83.75,-133.75,8412.232490247632,False,,,0.0
307,-83.75,-131.25,8412.232490247632,False,,,0.0
308,-83.75,-128.75,8412.232490247632,False,,,0.0
309,-83.75,-126.25,8412.232490247632,False,,,0.0
310,-83.75,-123.75,8412.232490247632,False,,,0.0
311,-83.75,-121.25,8412.232490247632,False,,,0.0
312,-83.75,-118.75,8412.232490247632,False,,,0.0
313,-83.75,-116.25,8412.232490247803,False,,,0.0
314,-83.75,-113.75,8412.232490247632,False,,,0.0
315,-83.75,-111.25,8412.232490247632,False,,,0.0
316,-83.75,-108.75,8412.232490247632,False,,,0.0
317,-83.75,-106.25,8412.232490247632,False,,,0.0
318,-83.75,-103.75,8412.232490247632,False,,,0.0
319,-83.75,-101.25,8412.232490247632,False,,,0.0
320,-83.75,-98.75,8412.232490247632,False,,,0.0
321,-83.75,-96.25,8412.232490247632,False,,,0.0
322,-83.75,-93.75,8412.232490247632,False,,,0.0
323,-83.75,-91.25,8412.232490247632,False,,,0.0
324,-83.75,-88.75,8412.232490247632,False,,,0.0
325,-83.75,-86.25,8412.232490247632,False,,,0.0
326,-83.75,-83.75,8412.232490247632,False,,,0.0
327,-83.75,-81.25,8412.232490247632,False,,,0.0
328,-83.75,-78.75,8412.232490247632,False,,,0.0
329,-83.75,-76.25,8412.232490247632,False,,,0.0
330,-83.75,-73.75,8412.232490247803,False,,,0.0
331,-83.75,-71.25,8412.232490247632,False,,,0.0
332,-83.75,-68.75,8412.232490247632,False,,,0.0
333,-83.75,-66.25,8412.232490247632,False,,,0.0
334,-83.75,-63.75,8412.232490247632,False,,,0.0
335,-83.75,-61.25,8412.232490247632,False,,,0.0
336,-83.75,-58.75,8412.232490247632,False,,,0.0
337,-83.75,-56.25,8412.232490247632,False,,,0.0
338,-83.75,-53.75,8412.232490247632,False,,,0.0
339,-83.75,-51.25,8412.232490247632,False,,,0.0
340,-83.75,-48.75,8412.232490247632,False,,,0.0
341,-83.75,-46.25,8412.232490247632,False,,,0.0
342,-83.75,-43.75,8412.232490247632,False,,,0.0
343,-83.75,-41.25,8412.232490247632,False,,,0.0
344,-83.75,-38.75,8412.232490247632,False,,,0.0
345,-83.75,-36.25,8412.232490247632,False,,,0.0
346,-83.75,-33.75,8412.232490247632,False,,,0.0
347,-83.75,-31.25,8412.232490247632,False,,,0.0
348,-83.75,-28.75,8412.232490247803,False,,,0.0
349,-83.75,-26.25,8412.232490247632,False,,,0.0
350,-83.75,-23.75,8412.232490247632,False,,,0.0
351,-83.75,-21.25,8412.232490247632,False,,,0.0
352,-83.75,-18.75,8412.232490247632,False,,,0.0
353,-83.75,-16.25,8412.232490247632,False,,,0.0
354,-83.75,-13.75,8412.232490247632,False,,,0.0
355,-83.75,-11.25,8412.232490247632,False,,,0.0
356,-83.75,-8.75,8412.232490247632,False,,,0.0
357,-83.75,-6.25,8412.232490247632,False,,,0.0
358,-83.75,-3.75,8412.232490247632,False,,,0.0
359,-83.75,-1.25,8412.232490247632,False,,,0.0
360,-83.75,1.25,8412.232490247641,False,,,0.0
361,-83.75,3.75,8412.232490247641,False,,,0.0
362,-83.75,6.25,8412.232490247641,False,,,0.0
363,-83.75,8.75,8412.232490247643,False,,,0.0
364,-83.75,11.25,8412.232490247643,False,,,0.0
365,-83.75,13.75,8412.232490247638,False,,,0.0
366,-83.75,16.25,8412.232490247643,False,,,0.0
367,-83.75,18.75,8412.232490247643,False,,,0.0
368,-83.75,21.25,8412.232490247643,False,,,0.0
369,-83.75,23.75,8412.232490247643,False,,,0.0
370,-83.75,26.25,8412.232490247643,False,,,0.0
371,-83.75,28.75,8412.232490247632,False,,,0.0
372,-83.75,31.25,8412.232490247654,False,,,0.0
373,-83.75,33.75,8412.232490247632,False,,,0.0
374,-83.75,36.25,8412.232490247654,False,,,0.0
375,-83.75,38.75,8412.232490247632,False,,,0.0
376,-83.75,41.25,8412.232490247654,False,,,0.0
377,-83.75,43.75,8412.232490247632,False,,,0.0
378,-83.75,46.25,8412.232490247654,False,,,0.0
379,-83.75,48.75,8412.232490247632,False,,,0.0
380,-83.75,51.25,8412.232490247654,False,,,0.0
381,-83.75,53.75,8412.232490247632,False,,,0.0
382,-83.75,56.25,8412.232490247632,False,,,0.0
383,-83.75,58.75,8412.232490247632,False,,,0.0
384,-83.75,61.25,8412.232490247674,False,,,0.0
385,-83.75,63.75,8412.232490247632,False,,,0.0
386,-83.75,66.25,8412.232490247632,False,,,0.0
387,-83.75,68.75,8412.232490247632,False,,,0.0
388,-83.75,71.25,8412.232490247674,False,,,0.0
389,-83.75,73.75,8412.232490247632,False,,,0.0
390,-83.75,76.25,8412.232490247632,False,,,0.0
391,-83.75,78.75,8412.232490247632,False,,,0.0
392,-83.75,81.25,8412.232490247632,False,,,0.0
393,-83.75,83.75,8412.232490247674,False,,,0.0
394,-83.75,86.25,8412.232490247632,False,,,0.0
395,-83.75,88.75,8412.232490247632,False,,,0.0
396,-83.75,91.25,8412.232490247632,False,,,0.0
397,-83.75,93.75,8412.232490247674,False,,,0.0
398,-83.75,96.25,8412.232490247632,False,,,0.0
399,-83.75,98.75,8412.232490247632,False,,,0.0
400,-83.75,101.25,8412.232490247632,False,,,0.0
401,-83.75,103.75,8412.232490247674,False,,,0.0
402,-83.75,106.25,8412.232490247632,False,,,0.0
403,-83.75,108.75,8412.232490247632,False,,,0.0
404,-83.75,111.25,8412.232490247632,False,,,0.0
405,-83.75,113.75,8412.232490247632,False,,,0.0
406,-83.75,116.25,8412.232490247632,False,,,0.0
407,-83.75,118.75,8412.232490247632,False,,,0.0
408,-83.75,121.25,8412.232490247718,False,,,0.0
409,-83.75,123.75,8412.232490247632,False,,,0.0
410,-83.75,126.25,8412.232490247632,False,,,0.0
411,-83.75,128.75,8412.232490247632,False,,,0.0
412,-83.75,131.25,8412.232490247632,False,,,0.0
413,-83.75,133.75,8412.232490247632,False,,,0.0
414,-83.75,136.25,8412.232490247632,False,,,0.0
415,-83.75,138.75,8412.232490247632,False,,,0.0
416,-83.75,141.25,8412.232490247632,False,,,0.0
417,-83.75,143.75,8412.232490247718,False,,,0.0
418,-83.75,146.25,8412.232490247632,False,,,0.0
419,-83.75,148.75,8412.232490247632,False,,,0.0
420,-83.75,151.25,8412.232490247632,False,,,0.0
421,-83.75,153.75,8412.232490247632,False,,,0.0
422,-83.75,156.25,8412.232490247632,False,,,0.0
423,-83.75,158.75,8412.232490247632,False,,,0.0
424,-83.75,161.25,8412.232490247632,False,,,0.0
425,-83.75,163.75,8412.232490247632,False,,,0.0
426,-83.75,166.25,8412.232490247718,False,,,0.0
427,-83.75,168.75,8412.232490247632,False,,,0.0
428,-83.75,171.25,8412.232490247632,False,,,0.0
429,-83.75,173.75,8412.232490247632,False,,,0.0
430,-83.75,176.25,8412.232490247632,False,,,0.0
431,-83.75,178.75,8412.232490247632,False,,,0.0
432,-81.25,-178.75,11754.698512044253,False,,,0.0
433,-81.25,-176.25,11754.698512044253,False,,,0.0
434,-81.25,-173.75,11754.698512044253,False,,,0.0
435,-81.25,-171.25,11754.698512044371,False,,,0.0
436,-81.25,-168.75,11754.698512044253,False,,,0.0
437,-81.25,-166.25,11754.698512044253,False,,,0.0
438,-81.25,-163.75,11754.698512044253,False,,,0.0
439,-81.25,-161.25,11754.698512044253,False,,,0.0
440,-81.25,-158.75,11754.698512044253,False,,,0.0
441,-81.25,-156.25,11754.698512044253,False,,,0.0
442,-81.25,-153.75,11754.698512044253,False,,,0.0
443,-81.25,-151.25,11754.698512044371,False,,,0.0
444,-81.25,-148.75,11754.698512044253,False,,,0.0
445,-81.25,-146.25,11754.698512044253,False,,,0.0
446,-81.25,-143.75,11754.698512044253,False,,,0.0
447,-81.25,-141.25,11754.698512044253,False,,,0.0
448,-81.25,-138.75,11754.698512044253,False,,,0.0
449,-81.25,-136.25,11754.698512044253,False,,,0.0
450,-81.25,-133.75,11754.698512044253,False,,,0.0
451,-81.25,-131.25,11754.698512044253,False,,,0.0
452,-81.25,-128.75,11754.698512044253,False,,,0.0
453,-81.25,-126.25,11754.698512044253,False,,,0.0
454,-81.25,-123.75,11754.698512044253,False,,,0.0
455,-81.25,-121.25,11754.698512044253,False,,,0.0
456,-81.25,-118.75,11754.698512044253,False,,,0.0
457,-81.25,-116.25,11754.698512044493,False,,,0.0
458,-81.25,-113.75,11754.698512044253,False,,,0.0
459,-81.25,-111.25,11754.698512044253,False,,,0.0
460,-81.25,-108.75,11754.698512044253,False,,,0.0
461,-81.25,-106.25,11754.698512044253,False,,,0.0
462,-81.25,-103.75,11754.698512044253,False,,,0.0
463,-81.25,-101.25,11754.698512044253,False,,,0.0
464,-81.25,-98.75,11754.698512044253,False,,,0.0
465,-81.25,-96.25,11754.698512044253,False,,,0.0
466,-81.25,-93.75,11754.698512044253,False,,,0.0
467,-81.25,-91.25,11754.698512044253,False,,,0.0
468,-81.25,-88.75,11754.698512044253,False,,,0.0
469,-81.25,-86.25,11754.698512044253,False,,,0.0
470,-81.25,-83.75,11754.698512044253,False,,,0.0
471,-81.25,-81.25,11754.698512044253,False,,,0.0
472,-81.25,-78.75,11754.698512044253,False,,,0.0
473,-81.25,-76.25,11754.698512044253,False,,,0.0
474,-81.25,-73.75,11754.698512044493,False,,,0.0
475,-81.25,-71.25,11754.698512044253,False,,,0.0
476,-81.25,-68.75,11754.698512044253,False,,,0.0
477,-81.25,-66.25,11754.698512044253,False,,,0.0
478,-81.25,-63.75,11754.698512044253,False,,,0.0
479,-81.25,-61.25,11754.698512044253,False,,,0.0
480,-81.25,-58.75,11754.698512044253,False,,,0.0
481,-81.25,-56.25,11754.698512044253,False,,,0.0
482,-81.25,-53.75,11754.698512044253,False,,,0.0
483,-81.25,-51.25,11754.698512044253,False,,,0.0
484,-81.25,-48.75,11754.698512044253,False,,,0.0
485,-81.25,-46.25,11754.698512044253,False,,,0.0
486,-81.25,-43.75,11754.698512044253,False,,,0.0
487,-81.25,-41.25,11754.698512044253,False,,,0.0
488,-81.25,-38.75,11754.698512044253,False,,,0.0
489,-81.25,-36.25,11754.698512044253,False,,,0.0
490,-81.25,-33.75,11754.698512044253,False,,,0.0
491,-81.25,-31.25,11754.698512044253,False,,,0.0
492,-81.25,-28.75,11754.698512044493,False,,,0.0
493,-81.25,-26.25,11754.698512044253,False,,,0.0
494,-81.25,-23.75,11754.698512044253,False,,,0.0
495,-81.25,-21.25,11754.698512044253,False,,,0.0
496,-81.25,-18.75,11754.698512044253,False,,,0.0
497,-81.25,-16.25,11754.698512044253,False,,,0.0
498,-81.25,-13.75,11754.698512044253,False,,,0.0
499,-81.25,-11.25,11754.698512044253,False,,,0.0
500,-81.25,-8.75,11754.698512044253,False,,,0.0
501,-81.25,-6.25,11754.698512044253,False,,,0.0
502,-81.25,-3.75,11754.698512044253,False,,,0.0
503,-81.25,-1.25,11754.698512044253,False,,,0.0
504,-81.25,1.25,11754.698512044266,False,,,0.0
505,-81.25,3.75,11754.698512044266,False,,,0.0
506,-81.25,6.25,11754.698512044264,False,,,0.0
507,-81.25,8.75,11754.698512044268,False,,,0.0
508,-81.25,11.25,11754.698512044268,False,,,0.0
509,-81.25,13.75,11754.698512044259,False,,,0.0
510,-81.25,16.25,11754.698512044268,False,,,0.0
511,-81.25,18.75,11754.698512044268,False,,,0.0
512,-81.25,21.25,11754.698512044268,False,,,0.0
513,-81.25,23.75,11754.698512044268,False,,,0.0
514,-81.25,26.25,11754.698512044268,False,,,0.0
515,-81.25,28.75,11754.698512044253,False,,,0.0
516,-81.25,31.25,11754.698512044284,False,,,0.0
517,-81.25,33.75,11754.698512044253,False,,,0.0
518,-81.25,36.25,11754.698512044284,False,,,0.0
519,-81.25,38.75,11754.698512044253,False,,,0.0
520,-81.25,41.25,11754.698512044284,False,,,0.0
521,-81.25,43.75,11754.698512044253,False,,,0.0
522,-81.25,46.25,11754.698512044284,False,,,0.0
523,-81.25,48.75,11754.698512044253,False,,,0.0
524,-81.25,51.25,11754.698512044284,False,,,0.0
525,-81.25,53.75,11754.698512044253,False,,,0.0
526,-81.25,56.25,11754.698512044253,False,,,0.0
527,-81.25,58.75,11754.698512044253,False,,,0.0
528,-81.25,61.25,11754.698512044311,False,,,0.0
529,-81.25,63.75,11754.698512044253,False,,,0.0
530,-81.25,66.25,11754.698512044253,False,,,0.0
531,-81.25,68.75,11754.698512044253,False,,,0.0
532,-81.25,71.25,11754.698512044311,False,,,0.0
533,-81.25,73.75,11754.698512044253,False,,,0.0
534,-81.25,76.25,11754.698512044253,False,,,0.0
535,-81.25,78.75,11754.698512044253,False,,,0.0
536,-81.25,81.25,11754.698512044253,False,,,0.0
537,-81.25,83.75,11754.698512044311,False,,,0.0
538,-81.25,86.25,11754.698512044253,False,,,0.0
539,-81.25,88.75,11754.698512044253,False,,,0.0
540,-81.25,91.25,11754.698512044253,False,,,0.0
541,-81.25,93.75,11754.698512044311,False,,,0.0
542,-81.25,96.25,11754.698512044253,False,,,0.0
543,-81.25,98.75,11754.698512044253,False,,,0.0
544,-81.25,101.25,11754.698512044253,False,,,0.0
545,-81.25,103.75,11754.698512044311,False,,,0.0
546,-81.25,106.25,11754.698512044253,False,,,0.0
547,-81.25,108.75,11754.698512044253,False,,,0.0
548,-81.25,111.25,11754.698512044253,False,,,0.0
549,-81.25,113.75,11754.698512044253,False,,,0.0
550,-81.25,116.25,11754.698512044253,False,,,0.0
551,-81.25,118.75,11754.698512044253,False,,,0.0
552,-81.25,121.25,11754.698512044371,False,,,0.0
553,-81.25,123.75,11754.698512044253,False,,,0.0
554,-81.25,126.25,11754.698512044253,False,,,0.0
555,-81.25,128.75,11754.698512044253,False,,,0.0
556,-81.25,131.25,11754.698512044253,False,,,0.0
557,-81.25,133.75,11754.698512044253,False,,,0.0
558,-81.25,136.25,11754.698512044253,False,,,0.0
559,-81.25,138.75,11754.698512044253,False,,,0.0
560,-81.25,141.25,11754.698512044253,False,,,0.0
561,-81.25,143.75,11754.698512044371,False,,,0.0
562,-81.25,146.25,11754.698512044253,False,,,0.0
563,-81.25,148.75,11754.698512044253,False,,,0.0
564,-81.25,151.25,11754.698512044253,False,,,0.0
565,-81.25,153.75,11754.698512044253,False,,,0.0
566,-81.25,156.25,11754.698512044253,False,,,0.0
567,-81.25,158.75,11754.698512044253,False,,,0.0
568,-81.25,161.25,11754.698512044253,False,,,0.0
569,-81.25,163.75,11754.698512044253,False,,,0.0
570,-81.25,166.25,11754.698512044371,False,,,0.0
571,-81.25,168.75,11754.698512044253,False,,,0.0
572,-81.25,171.25,11754.698512044253,False,,,0.0
573,-81.25,173.75,11754.698512044253,False,,,0.0
574,-81.25,176.25,11754.698512044253,False,,,0.0
575,-81.25,178.75,11754.698512044253,False,,,0.0
576,-78.75,-178.75,15074.788797129786,False,,,0.0
577,-78.75,-176.25,15074.788797129786,False,,,0.0
578,-78.75,-173.75,15074.788797129786,False,,,0.0
579,-78.75,-171.25,15074.788797129937,False,,,0.0
580,-78.75,-168.75,15074.788797129786,False,,,0.0
581,-78.75,-166.25,15074.788797129786,False,,,0.0
582,-78.75,-163.75,15074.788797129786,False,,,0.0
583,-78.75,-161.25,15074.788797129786,False,,,0.0
584,-78.75,-158.75,15074.788797129786,False,,,0.0
585,-78.75,-156.25,15074.788797129786,False,,,0.0
586,-78.75,-153.75,15074.788797129786,False,,,0.0
587,-78.75,-151.25,15074.788797129937,False,,,0.0
588,-78.75,-148.75,15074.788797129786,False,,,0.0
589,-78.75,-146.25,15074.788797129786,False,,,0.0
590,-78.75,-143.75,15074.788797129786,False,,,0.0
591,-78.75,-141.25,15074.788797129786,False,,,0.0
592,-78.75,-138.75,15074.788797129786,False,,,0.0
593,-78.75,-136.25,15074.788797129786,False,,,0.0
594,-78.75,-133.75,15074.788797129786,False,,,0.0
595,-78.75,-131.25,15074.788797129786,False,,,0.0
596,-78.75,-128.75,15074.788797129786,False,,,0.0
597,-78.75,-126.25,15074.788797129786,False,,,0.0
598,-78.75,-123.75,15074.788797129786,False,,,0.0
599,-78.75,-121.25,15074.788797129786,False,,,0.0
600,-78.75,-118.75,15074.788797129786,False,,2.0,0.0
601,-78.75,-116.25,15074.788797130092,False,,2.0,0.0
602,-78.75,-113.75,15074.788797129786,False,,,0.0
603,-78.75,-111.25,15074.788797129786,False,,,0.0
604,-78.75,-108.75,15074.788797129786,False,,,0.0
605,-78.75,-106.25,15074.788797129786,False,,,0.0
606,-78.75,-103.75,15074.788797129786,False,,,0.0
607,-78.75,-101.25,15074.788797129786,False,,,0.0
608,-78.75,-98.75,15074.788797129786,False,,,0.0
609,-78.75,-96.25,15074.788797129786,False,,,0.0
610,-78.75,-93.75,15074.788797129786,False,,,0.0
611,-78.75,-91.25,15074.788797129786,False,,,0.0
612,-78.75,-88.75,15074.788797129786,False,,,0.0
613,-78.75,-86.25,15074.788797129786,False,,,0.0
614,-78.75,-83.75,15074.788797129786,False,,,0.0
615,-78.75,-81.25,15074.788797129786,False,,,0.0
616,-78.75,-78.75,15074.788797129786,False,,,0.0
617,-78.75,-76.25,15074.788797129786,False,,,0.0
618,-78.75,-73.75,15074.788797130092,False,,,0.0
619,-78.75,-71.25,15074.788797129786,False,,,0.0
620,-78.75,-68.75,15074.788797129786,False,,,0.0
621,-78.75,-66.25,15074.788797129786,False,,,0.0
622,-78.75,-63.75,15074.788797129786,False,,,0.0
623,-78.75,-61.25,15074.788797129786,False,,,0.0
624,-78.75,-58.75,15074.788797129786,False,,,0.0
625,-78.75,-56.25,15074.788797129786,False,,,0.0
626,-78.75,-53.75,15074.788797129786,False,,,0.0
627,-78.75,-51.25,15074.788797129786,False,,,0.0
628,-78.75,-48.75,15074.788797129786,False,,,0.0
629,-78.75,-46.25,15074.788797129786,False,,,0.0
630,-78.75,-43.75,15074.788797129786,False,,,0.0
631,-78.75,-41.25,15074.788797129786,False,,,0.0
632,-78.75,-38.75,15074.788797129786,False,,,0.0
633,-78.75,-36.25,15074.788797129786,False,,,0.0
634,-78.75,-33.75,15074.788797129786,False,,,0.0
635,-78.75,-31.25,15074.788797129786,False,,,0.0
636,-78.75,-28.75,15074.788797130092,False,,0.0,0.0
637,-78.75,-26.25,15074.788797129786,False,,0.0,0.0
638,-78.75,-23.75,15074.788797129786,False,,,0.0
639,-78.75,-21.25,15074.788797129786,False,,,0.0
640,-78.75,-18.75,15074.788797129786,False,,,0.0
641,-78.75,-16.25,15074.788797129786,False,,,0.0
642,-78.75,-13.75,15074.788797129786,False,,,0.0
643,-78.75,-11.25,15074.788797129786,False,,,0.0
644,-78.75,-8.75,15074.788797129786,False,,,0.0
645,-78.75,-6.25,15074.788797129786,False,,,0.0
646,-78.75,-3.75,15074.788797129786,False,,,0.0
647,-78.75,-1.25,15074.788797129786,False,,,0.0
648,-78.75,1.25,15074.7887971298,False,,,0.0
649,-78.75,3.75,15074.7887971298,False,,,0.0
650,-78.75,6.25,15074.788797129799,False,,,0.0
651,-78.75,8.75,15074.788797129802,False,,,0.0
652,-78.75,11.25,15074.788797129802,False,,,0.0
653,-78.75,13.75,15074.788797129795,False,,,0.0
654,-78.75,16.25,15074.788797129802,False,,,0.0
655,-78.75,18.75,15074.788797129802,False,,,0.0
656,-78.75,21.25,15074.788797129802,False,,,0.0
657,-78.75,23.75,15074.788797129802,False,,,0.0
658,-78.75,26.25,15074.788797129802,False,,,0.0
659,-78.75,28.75,15074.788797129786,False,,,0.0
660,-78.75,31.25,15074.788797129822,False,,,0.0
661,-78.75,33.75,15074.788797129786,False,,,0.0
662,-78.75,36.25,15074.788797129822,False,,,0.0
663,-78.75,38.75,15074.788797129786,False,,,0.0
664,-78.75,41.25,15074.788797129822,False,,,0.0
665,-78.75,43.75,15074.788797129786,False,,,0.0
666,-78.75,46.25,15074.788797129822,False,,,0.0
667,-78.75,48.75,15074.788797129786,False,,,0.0
668,-78.75,51.25,15074.788797129822,False,,,0.0
669,-78.75,53.75,15074.788797129786,False,,,0.0
670,-78.75,56.25,15074.788797129786,False,,,0.0
671,-78.75,58.75,15074.788797129786,False,,,0.0
672,-78.75,61.25,15074.788797129862,False,,,0.0
673,-78.75,63.75,15074.788797129786,False,,,0.0
674,-78.75,66.25,15074.788797129786,False,,,0.0
675,-78.75,68.75,15074.788797129786,False,,,0.0
676,-78.75,71.25,15074.788797129862,False,,,0.0
677,-78.75,73.75,15074.788797129786,False,,,0.0
678,-78.75,76.25,15074.788797129786,False,,,0.0
679,-78.75,78.75,15074.788797129786,False,,,0.0
680,-78.75,81.25,15074.788797129786,False,,,0.0
681,-78.75,83.75,15074.788797129862,False,,,0.0
682,-78.75,86.25,15074.788797129786,False,,,0.0
683,-78.75,88.75,15074.788797129786,False,,,0.0
684,-78.75,91.25,15074.788797129786,False,,,0.0
685,-78.75,93.75,15074.788797129862,False,,,0.0
686,-78.75,96.25,15074.788797129786,False,,,0.0
687,-78.75,98.75,15074.788797129786,False,,,0.0
688,-78.75,101.25,15074.788797129786,False,,,0.0
689,-78.75,103.75,15074.788797129862,False,,,0.0
690,-78.75,106.25,15074.788797129786,False,,2.0,0.0
691,-78.75,108.75,15074.788797129786,False,,2.0,0.0
692,-78.75,111.25,15074.788797129786,False,,,0.0
693,-78.75,113.75,15074.788797129786,False,,,0.0
694,-78.75,116.25,15074.788797129786,False,,,0.0
695,-78.75,118.75,15074.788797129786,False,,,0.0
696,-78.75,121.25,15074.788797129937,False,,,0.0
697,-78.75,123.75,15074.788797129786,False,,,0.0
698,-78.75,126.25,15074.788797129786,False,,,0.0
699,-78.75,128.75,15074.788797129786,False,,,0.0
700,-78.75,131.25,15074.788797129786,False,,,0.0
701,-78.75,133.75,15074.788797129786,False,,,0.0
702,-78.75,136.25,15074.788797129786,False,,,0.0
703,-78.75,138.75,15074.788797129786,False,,,0.0
704,-78.75,141.25,15074.788797129786,False,,,0.0
705,-78.75,143.75,15074.788797129937,False,,,0.0
706,-78.75,146.25,15074.788797129786,False,,,0.0
707,-78.75,148.75,15074.788797129786,False,,,0.0
708,-78.75,151.25,15074.788797129786,False,,,0.0
709,-78.75,153.75,15074.788797129786,False,,,0.0
710,-78.75,156.25,15074.788797129786,False,,,0.0
711,-78.75,158.75,15074.788797129786,False,,,0.0
712,-78.75,161.25,15074.788797129786,False,,,0.0
713,-78.75,163.75,15074.788797129786,False,,,0.0
714,-78.75,166.25,15074.788797129937,False,,2.0,0.0
715,-78.75,168.75,15074.788797129786,False,,2.0,0.0
716,-78.75,171.25,15074.788797129786,False,,,0.0
717,-78.75,173.75,15074.788797129786,False,,,0.0
718,-78.75,176.25,15074.788797129786,False,,,0.0
719,-78.75,178.75,15074.788797129786,False,,,0.0
720,-76.25,-178.75,18366.183364945085,False,,,0.0
721,-76.25,-176.25,18366.183364945085,False,,,0.0
722,-76.25,-173.75,18366.183364945085,False,,,0.0
723,-76.25,-171.25,18366.18336494527,False,,,0.0
724,-76.25,-168.75,18366.183364945085,False,,,0.0
725,-76.25,-166.25,18366.183364945085,False,,,0.0
726,-76.25,-163.75,18366.183364945085,False,,,0.0
727,-76.25,-161.25,18366.183364945085,False,,,0.0
728,-76.25,-158.75,18366.183364945085,False,,,0.0
729,-76.25,-156.25,18366.183364945085,False,,,0.0
730,-76.25,-153.75,18366.183364945085,False,,,0.0
731,-76.25,-151.25,18366.18336494527,False,,,0.0
732,-76.25,-148.75,18366.183364945085,False,,,0.0
733,-76.25,-146.25,18366.183364945085,False,,,0.0
734,-76.25,-143.75,18366.183364945085,False,,,0.0
735,-76.25,-141.25,18366.183364945085,False,,,0.0
736,-76.25,-138.75,18366.183364945085,False,,,0.0
737,-76.25,-136.25,18366.183364945085,False,,,0.0
738,-76.25,-133.75,18366.183364945085,False,,,0.0
739,-76.25,-131.25,18366.183364945085,False,,,0.0
740,-76.25,-128.75,18366.183364945085,False,,,0.0
741,-76.25,-126.25,18366.183364945085,False,,,0.0
742,-76.25,-123.75,18366.183364945085,False,,,0.0
743,-76.25,-121.25,18366.183364945085,False,,,0.0
744,-76.25,-118.75,18366.183364945085,False,,2.0,0.0
745,-76.25,-116.25,18366.18336494546,False,,2.0,0.0
746,-76.25,-113.75,18366.183364945085,False,,,0.0
747,-76.25,-111.25,18366.183364945085,False,,,0.0
748,-76.25,-108.75,18366.183364945085,False,,,0.0
749,-76.25,-106.25,18366.183364945085,False,,,0.0
750,-76.25,-103.75,18366.183364945085,False,,,0.0
751,-76.25,-101.25,18366.183364945085,False,,,0.0
752,-76.25,-98.75,18366.183364945085,False,,,0.0
753,-76.25,-96.25,18366.183364945085,False,,,0.0
754,-76.25,-93.75,18366.183364945085,False,,,0.0
755,-76.25,-91.25,18366.183364945085,False,,,0.0
756,-76.25,-88.75,18366.183364945085,False,,,0.0
757,-76.25,-86.25,18366.183364945085,False,,,0.0
758,-76.25,-83.75,18366.183364945085,False,,,0.0
759,-76.25,-81.25,18366.183364945085,False,,,0.0
760,-76.25,-78.75,18366.183364945085,False,,,0.0
761,-76.25,-76.25,18366.183364945085,False,,,0.0
762,-76.25,-73.75,18366.18336494546,False,,,0.0
763,-76.25,-71.25,18366.183364945085,False,,,0.0
764,-76.25,-68.75,18366.183364945085,False,,,0.0
765,-76.25,-66.25,18366.183364945085,False,,,0.0
766,-76.25,-63.75,18366.183364945085,False,,,0.0
767,-76.25,-61.25,18366.183364945085,False,,,0.0
768,-76.25,-58.75,18366.183364945085,False,,,0.0
769,-76.25,-56.25,18366.183364945085,False,,,0.0
770,-76.25,-53.75,18366.183364945085,False,,,0.0
771,-76.25,-51.25,18366.183364945085,False,,,0.0
772,-76.25,-48.75,18366.183364945085,False,,,0.0
773,-76.25,-46.25,18366.183364945085,False,,,0.0
774,-76.25,-43.75,18366.183364945085,False,,,0.0
775,-76.25,-41.25,18366.183364945085,False,,,0.0
776,-76.25,-38.75,18366.183364945085,False,,,0.0
777,-76.25,-36.25,18366.183364945085,False,,,0.0
778,-76.25,-33.75,18366.183364945085,False,,,0.0
779,-76.25,-31.25,18366.183364945085,False,,,0.0
780,-76.25,-28.75,18366.18336494546,False,,0.0,0.0
781,-76.25,-26.25,18366.183364945085,False,,0.0,0.0
782,-76.25,-23.75,18366.183364945085,False,,,0.0
783,-76.25,-21.25,18366.183364945085,False,,,0.0
784,-76.25,-18.75,18366.183364945085,False,,,0.0
785,-76.25,-16.25,18366.183364945085,False,,,0.0
786,-76.25,-13.75,18366.183364945085,False,,,0.0
787,-76.25,-11.25,18366.183364945085,False,,,0.0
788,-76.25,-8.75,18366.183364945085,False,,,0.0
789,-76.25,-6.25,18366.183364945085,False,,,0.0
790,-76.25,-3.75,18366.183364945085,False,,,0.0
791,-76.25,-1.25,18366.183364945085,False,,,0.0
792,-76.25,1.25,18366.183364945107,False,,,0.0
793,-76.25,3.75,18366.183364945107,False,,,0.0
794,-76.25,6.25,18366.183364945104,False,,,0.0
795,-76.25,8.75,18366.18336494511,False,,,0.0
796,-76.25,11.25,18366.18336494511,False,,,0.0
797,-76.25,13.75,18366.1833649451,False,,,0.0
798,-76.25,16.25,18366.18336494511,False,,,0.0
799,-76.25,18.75,18366.18336494511,False,,,0.0
800,-76.25,21.25,18366.18336494511,False,,,0.0
801,-76.25,23.75,18366.18336494511,False,,,0.0
802,-76.25,26.25,18366.18336494511,False,,,0.0
803,-76.25,28.75,18366.183364945085,False,,,0.0
804,-76.25,31.25,18366.183364945133,False,,,0.0
805,-76.25,33.75,18366.183364945085,False,,,0.0
806,-76.25,36.25,18366.183364945133,False,,,0.0
807,-76.25,38.75,18366.183364945085,False,,,0.0
808,-76.25,41.25,18366.183364945133,False,,,0.0
809,-76.25,43.75,18366.183364945085,False,,,0.0
810,-76.25,46.25,18366.183364945133,False,,,0.0
811,-76.25,48.75,18366.183364945085,False,,,0.0
812,-76.25,51.25,18366.183364945133,False,,,0.0
813,-76.25,53.75,18366.183364945085,False,,,0.0
814,-76.25,56.25,18366.183364945085,False,,,0.0
815,-76.25,58.75,18366.183364945085,False,,,0.0
816,-76.25,61.25,18366.18336494518,False,,,0.0
817,-76.25,63.75,18366.183364945085,False,,,0.0
818,-76.25,66.25,18366.183364945085,False,,,0.0
819,-76.25,68.75,18366.183364945085,False,,,0.0
820,-76.25,71.25,18366.18336494518,False,,,0.0
821,-76.25,73.75,18366.183364945085,False,,,0.0
822,-76.25,76.25,18366.183364945085,False,,,0.0
823,-76.25,78.75,18366.183364945085,False,,,0.0
824,-76.25,81.25,18366.183364945085,False,,,0.0
825,-76.25,83.75,18366.18336494518,False,,,0.0
826,-76.25,86.25,18366.183364945085,False,,,0.0
827,-76.25,88.75,18366.183364945085,False,,,0.0
828,-76.25,91.25,18366.183364945085,False,,,0.0
829,-76.25,93.75,18366.18336494518,False,,,0.0
830,-76.25,96.25,18366.183364945085,False,,,0.0
831,-76.25,98.75,18366.183364945085,False,,,0.0
832,-76.25,101.25,18366.183364945085,False,,,0.0
833,-76.25,103.75,18366.18336494518,False,,,0.0
834,-76.25,106.25,18366.183364945085,False,,2.0,0.0
835,-76.25,108.75,18366.183364945085,False,,2.0,0.0
836,-76.25,111.25,18366.183364945085,False,,,0.0
837,-76.25,113.75,18366.183364945085,False,,,0.0
838,-76.25,116.25,18366.183364945085,False,,,0.0
839,-76.25,118.75,18366.183364945085,False,,,0.0
840,-76.25,121.25,18366.18336494527,False,,,0.0
841,-76.25,123.75,18366.183364945085,False,,,0.0
842,-76.25,126.25,18366.183364945085,False,,,0.0
843,-76.25,128.75,18366.183364945085,False,,,0.0
844,-76.25,131.25,18366.183364945085,False,,,0.0
845,-76.25,133.75,18366.183364945085,False,,,0.0
846,-76.25,136.25,18366.183364945085,False,,,0.0
847,-76.25,138.75,18366.183364945085,False,,,0.0
848,-76.25,141.25,18366.183364945085,False,,,0.0
849,-76.25,143.75,18366.18336494527,False,,,0.0
850,-76.25,146.25,18366.183364945085,False,,,0.0
851,-76.25,148.75,18366.183364945085,False,,,0.0
852,-76.25,151.25,18366.183364945085,False,,,0.0
853,-76.25,153.75,18366.183364945085,False,,,0.0
854,-76.25,156.25,18366.183364945085,False,,,0.0
855,-76.25,158.75,18366.183364945085,False,,,0.0
856,-76.25,161.25,18366.183364945085,False,,,0.0
857,-76.25,163.75,18366.183364945085,False,,,0.0
858,-76.25,166.25,18366.18336494527,False,,2.0,0.0
859,-76.25,168.75,18366.183364945085,False,,2.0,0.0
860,-76.25,171.25,18366.183364945085,False,,,0.0
861,-76.25,173.75,18366.183364945085,False,,,0.0
862,-76.25,176.25,18366.183364945085,False,,,0.0
863,-76.25,178.75,18366.183364945085,False,,,0.0
864,-73.75,-178.75,21622.61685885966,False,,,0.0
865,-73.75,-176.25,21622.61685885966,False,,,0.0
866,-73.75,-173.75,21622.61685885966,False,,,0.0
867,-73.75,-171.25,21622.616858859878,False,,,0.0
868,-73.75,-168.75,21622.61685885966,False,,,0.0
869,-73.75,-166.25,21622.61685885966,False,,,0.0
870,-73.75,-163.75,21622.61685885966,False,,,0.0
871,-73.75,-161.25,21622.61685885966,False,,,0.0
872,-73.75,-158.75,21622.61685885966,False,,,0.0
873,-73.75,-156.25,21622.61685885966,False,,,0.0
874,-73.75,-153.75,21622.61685885966,False,,,0.0
875,-73.75,-151.25,21622.616858859878,False,,,0.0
876,-73.75,-148.75,21622.61685885966,False,,,0.0
877,-73.75,-146.25,21622.61685885966,False,,,0.0
878,-73.75,-143.75,21622.61685885966,False,,,0.0
879,-73.75,-141.25,21622.61685885966,False,,,0.0
880,-73.75,-138.75,21622.61685885966,False,,,0.0
881,-73.75,-136.25,21622.61685885966,False,,,0.0
882,-73.75,-133.75,21622.61685885966,False,,,0.0
883,-73.75,-131.25,21622.61685885966,False,,,0.0
884,-73.75,-128.75,21622.61685885966,False,,,0.0
885,-73.75,-126.25,21622.61685885966,False,,,0.0
886,-73.75,-123.75,21622.61685885966,False,,,0.0
887,-73.75,-121.25,21622.61685885966,False,,,0.0
888,-73.75,-118.75,21622.61685885966,False,,,0.0
889,-73.75,-116.25,21622.616858860096,False,,,0.0
890,-73.75,-113.75,21622.61685885966,False,,,0.0
891,-73.75,-111.25,21622.61685885966,False,,,0.0
892,-73.75,-108.75,21622.61685885966,False,,,0.0
893,-73.75,-106.25,21622.61685885966,False,,,0.0
894,-73.75,-103.75,21622.61685885966,False,,,0.0
895,-73.75,-101.25,21622.61685885966,False,,,0.0
896,-73.75,-98.75,21622.61685885966,False,,,0.0
897,-73.75,-96.25,21622.61685885966,False,,,0.0
898,-73.75,-93.75,21622.61685885966,False,,,0.0
899,-73.75,-91.25,21622.61685885966,False,,,0.0
900,-73.75,-88.75,21622.61685885966,False,,,0.0
901,-73.75,-86.25,21622.61685885966,False,,,0.0
902,-73.75,-83.75,21622.61685885966,False,,,0.0
903,-73.75,-81.25,21622.61685885966,False,,,0.0
904,-73.75,-78.75,21622.61685885966,False,,,0.0
905,-73.75,-76.25,21622.61685885966,False,,,0.0
906,-73.75,-73.75,21622.616858860096,False,,,0.0
907,-73.75,-71.25,21622.61685885966,False,,,0.0
908,-73.75,-68.75,21622.61685885966,False,,,0.0
909,-73.75,-66.25,21622.61685885966,False,,,0.0
910,-73.75,-63.75,21622.61685885966,False,,,0.0
911,-73.75,-61.25,21622.61685885966,False,,,0.0
912,-73.75,-58.75,21622.61685885966,False,,,0.0
913,-73.75,-56.25,21622.61685885966,False,,,0.0
914,-73.75,-53.75,21622.61685885966,False,,,0.0
915,-73.75,-51.25,21622.61685885966,False,,,0.0
916,-73.75,-48.75,21622.61685885966,False,,,0.0
917,-73.75,-46.25,21622.61685885966,False,,,0.0
918,-73.75,-43.75,21622.61685885966,False,,,0.0
919,-73.75,-41.25,21622.61685885966,False,,,0.0
920,-73.75,-38.75,21622.61685885966,False,,,0.0
921,-73.75,-36.25,21622.61685885966,False,,,0.0
922,-73.75,-33.75,21622.61685885966,False,,,0.0
923,-73.75,-31.25,21622.61685885966,False,,,0.0
924,-73.75,-28.75,21622.616858860096,False,,,0.0
925,-73.75,-26.25,21622.61685885966,False,,,0.0
926,-73.75,-23.75,21622.61685885966,False,,,0.0
927,-73.75,-21.25,21622.61685885966,False,,,0.0
928,-73.75,-18.75,21622.61685885966,False,,,0.0
929,-73.75,-16.25,21622.61685885966,False,,,0.0
930,-73.75,-13.75,21622.61685885966,False,,,0.0
931,-73.75,-11.25,21622.61685885966,False,,,0.0
932,-73.75,-8.75,21622.61685885966,False,,,0.0
933,-73.75,-6.25,21622.61685885966,False,,,0.0
934,-73.75,-3.75,21622.61685885966,False,,,0.0
935,-73.75,-1.25,21622.61685885966,False,,,0.0
936,-73.75,1.25,21622.616858859685,False,,,0.0
937,-73.75,3.75,21622.616858859685,False,,,0.0
938,-73.75,6.25,21622.61685885968,False,,,0.0
939,-73.75,8.75,21622.61685885969,False,,,0.0
940,-73.75,11.25,21622.61685885969,False,,0.0,0.0
941,-73.75,13.75,21622.61685885967,False,,0.0,0.0
942,-73.75,16.25,21622.61685885969,False,,,0.0
943,-73.75,18.75,21622.61685885969,False,,,0.0
944,-73.75,21.25,21622.61685885969,False,,,0.0
945,-73.75,23.75,21622.61685885969,False,,,0.0
946,-73.75,26.25,21622.61685885969,False,,,0.0
947,-73.75,28.75,21622.61685885966,False,,,0.0
948,-73.75,31.25,21622.616858859714,False,,,0.0
949,-73.75,33.75,21622.61685885966,False,,,0.0
950,-73.75,36.25,21622.616858859714,False,,,0.0
951,-73.75,38.75,21622.61685885966,False,,,0.0
952,-73.75,41.25,21622.616858859714,False,,,0.0
953,-73.75,43.75,21622.61685885966,False,,,0.0
954,-73.75,46.25,21622.616858859714,False,,,0.0
955,-73.75,48.75,21622.61685885966,False,,,0.0
956,-73.75,51.25,21622.616858859714,False,,,0.0
957,-73.75,53.75,21622.61685885966,False,,,0.0
958,-73.75,56.25,21622.61685885966,False,,,0.0
959,-73.75,58.75,21622.61685885966,False,,,0.0
960,-73.75,61.25,21622.61685885977,False,,,0.0
961,-73.75,63.75,21622.61685885966,False,,,0.0
962,-73.75,66.25,21622.61685885966,False,,,0.0
963,-73.75,68.75,21622.61685885966,False,,,0.0
964,-73.75,71.25,21622.61685885977,False,,,0.0
965,-73.75,73.75,21622.61685885966,False,,,0.0
966,-73.75,76.25,21622.61685885966,False,,,0.0
967,-73.75,78.75,21622.61685885966,False,,,0.0
968,-73.75,81.25,21622.61685885966,False,,,0.0
969,-73.75,83.75,21622.61685885977,False,,,0.0
970,-73.75,86.25,21622.61685885966,False,,,0.0
971,-73.75,88.75,21622.61685885966,False,,,0.0
972,-73.75,91.25,21622.61685885966,False,,,0.0
973,-73.75,93.75,21622.61685885977,False,,,0.0
974,-73.75,96.25,21622.61685885966,False,,,0.0
975,-73.75,98.75,21622.61685885966,False,,,0.0
976,-73.75,101.25,21622.61685885966,False,,,0.0
977,-73.75,103.75,21622.61685885977,False,,,0.0
978,-73.75,106.25,21622.61685885966,False,,,0.0
979,-73.75,108.75,21622.61685885966,False,,,0.0
980,-73.75,111.25,21622.61685885966,False,,,0.0
981,-73.75,113.75,21622.61685885966,False,,,0.0
982,-73.75,116.25,21622.61685885966,False,,,0.0
983,-73.75,118.75,21622.61685885966,False,,,0.0
984,-73.75,121.25,21622.616858859878,False,,,0.0
985,-73.75,123.75,21622.61685885966,False,,,0.0
986,-73.75,126.25,21622.61685885966,False,,,0.0
987,-73.75,128.75,21622.61685885966,False,,,0.0
988,-73.75,131.25,21622.61685885966,False,,,0.0
989,-73.75,133.75,21622.61685885966,False,,,0.0
990,-73.75,136.25,21622.61685885966,False,,,0.0
991,-73.75,138.75,21622.61685885966,False,,,0.0
992,-73.75,141.25,21622.61685885966,False,,,0.0
993,-73.75,143.75,21622.616858859878,False,,,0.0
994,-73.75,146.25,21622.61685885966,False,,,0.0
995,-73.75,148.75,21622.61685885966,False,,,0.0
996,-73.75,151.25,21622.61685885966,False,,,0.0
997,-73.75,153.75,21622.61685885966,False,,,0.0
998,-73.75,156.25,21622.61685885966,False,,,0.0
999,-73.75,158.75,21622.61685885966,False,,,0.0
1000,-73.75,161.25,21622.61685885966,False,,,0.0
1001,-73.75,163.75,21622.61685885966,False,,,0.0
1002,-73.75,166.25,21622.616858859878,False,,,0.0
1003,-73.75,168.75,21622.61685885966,False,,,0.0
1004,-73.75,171.25,21622.61685885966,False,,,0.0
1005,-73.75,173.75,21622.61685885966,False,,,0.0
1006,-73.75,176.25,21622.61685885966,False,,,0.0
1007,-73.75,178.75,21622.61685885966,False,,,0.0
1008,-71.25,-178.75,24837.890472634226,False,,,0.0
1009,-71.25,-176.25,24837.890472634226,False,,,0.0
1010,-71.25,-173.75,24837.890472634226,False,,,0.0
1011,-71.25,-171.25,24837.89047263448,False,,,0.0
1012,-71.25,-168.75,24837.890472634226,False,,,0.0
1013,-71.25,-166.25,24837.890472634226,False,,,0.0
1014,-71.25,-163.75,24837.890472634226,False,,,0.0
1015,-71.25,-161.25,24837.890472634226,False,,,0.0
1016,-71.25,-158.75,24837.890472634226,False,,,0.0
1017,-71.25,-156.25,24837.890472634226,False,,,0.0
1018,-71.25,-153.75,24837.890472634226,False,,,0.0
1019,-71.25,-151.25,24837.89047263448,False,,,0.0
1020,-71.25,-148.75,24837.890472634226,False,,,0.0
1021,-71.25,-146.25,24837.890472634226,False,,,0.0
1022,-71.25,-143.75,24837.890472634226,False,,,0.0
1023,-71.25,-141.25,24837.890472634226,False,,,0.0
1024,-71.25,-138.75,24837.890472634226,False,,,0.0
1025,-71.25,-136.25,24837.890472634226,False,,,0.0
1026,-71.25,-133.75,24837.890472634226,False,,,0.0
1027,-71.25,-131.25,24837.890472634226,False,,,0.0
1028,-71.25,-128.75,24837.890472634226,False,,,0.0
1029,-71.25,-126.25,24837.890472634226,False,,,0.0
1030,-71.25,-123.75,24837.890472634226,False,,,0.0
1031,-71.25,-121.25,24837.890472634226,False,,,0.0
1032,-71.25,-118.75,24837.890472634226,False,,,0.0
1033,-71.25,-116.25,24837.890472634732,False,,,0.0
1034,-71.25,-113.75,24837.890472634226,False,,,0.0
1035,-71.25,-111.25,24837.890472634226,False,,,0.0
1036,-71.25,-108.75,24837.890472634226,False,,,0.0
1037,-71.25,-106.25,24837.890472634226,False,,,0.0
1038,-71.25,-103.75,24837.890472634226,False,,,0.0
1039,-71.25,-101.25,24837.890472634226,False,,,0.0
1040,-71.25,-98.75,24837.890472634226,False,,,0.0
1041,-71.25,-96.25,24837.890472634226,False,,,0.0
1042,-71.25,-93.75,24837.890472634226,False,,,0.0
1043,-71.25,-91.25,24837.890472634226,False,,,0.0
1044,-71.25,-88.75,24837.890472634226,False,,,0.0
1045,-71.25,-86.25,24837.890472634226,False,,,0.0
1046,-71.25,-83.75,24837.890472634226,False,,,0.0
1047,-71.25,-81.25,24837.890472634226,False,,,0.0
1048,-71.25,-78.75,24837.890472634226,False,,,0.0
1049,-71.25,-76.25,24837.890472634226,False,,,0.0
1050,-71.25,-73.75,24837.890472634732,False,,,0.0
1051,-71.25,-71.25,24837.890472634226,False,,,0.0
1052,-71.25,-68.75,24837.890472634226,False,,,0.0
1053,-71.25,-66.25,24837.890472634226,False,,,0.0
1054,-71.25,-63.75,24837.890472634226,False,,,0.0
1055,-71.25,-61.25,24837.890472634226,False,,,0.0
1056,-71.25,-58.75,24837.890472634226,False,,,0.0
1057,-71.25,-56.25,24837.890472634226,False,,,0.0
1058,-71.25,-53.75,24837.890472634226,False,,,0.0
1059,-71.25,-51.25,24837.890472634226,False,,,0.0
1060,-71.25,-48.75,24837.890472634226,False,,,0.0
1061,-71.25,-46.25,24837.890472634226,False,,,0.0
1062,-71.25,-43.75,24837.890472634226,False,,,0.0
1063,-71.25,-41.25,24837.890472634226,False,,,0.0
1064,-71.25,-38.75,24837.890472634226,False,,,0.0
1065,-71.25,-36.25,24837.890472634226,False,,,0.0
1066,-71.25,-33.75,24837.890472634226,False,,,0.0
1067,-71.25,-31.25,24837.890472634226,False,,,0.0
1068,-71.25,-28.75,24837.890472634732,False,,,0.0
1069,-71.25,-26.25,24837.890472634226,False,,,0.0
1070,-71.25,-23.75,24837.890472634226,False,,,0.0
1071,-71.25,-21.25,24837.890472634226,False,,,0.0
1072,-71.25,-18.75,24837.890472634226,False,,,0.0
1073,-71.25,-16.25,24837.890472634226,False,,,0.0
1074,-71.25,-13.75,24837.890472634226,False,,,0.0
1075,-71.25,-11.25,24837.890472634226,False,,,0.0
1076,-71.25,-8.75,24837.890472634226,False,,,0.0
1077,-71.25,-6.25,24837.890472634226,False,,,0.0
1078,-71.25,-3.75,24837.890472634226,False,,,0.0
1079,-71.25,-1.25,24837.890472634226,False,,,0.0
1080,-71.25,1.25,24837.89047263425,False,,,0.0
1081,-71.25,3.75,24837.89047263425,False,,,0.0
1082,-71.25,6.25,24837.89047263425,False,,,0.0
1083,-71.25,8.75,24837.890472634255,False,,,0.0
1084,-71.25,11.25,24837.890472634255,False,,0.0,0.0
1085,-71.25,13.75,24837.890472634244,False,,0.0,0.0
1086,-71.25,16.25,24837.890472634255,False,,,0.0
1087,-71.25,18.75,24837.890472634255,False,,,0.0
1088,-71.25,21.25,24837.890472634255,False,,,0.0
1089,-71.25,23.75,24837.890472634255,False,,,0.0
1090,-71.25,26.25,24837.890472634255,False,,,0.0
1091,-71.25,28.75,24837.890472634226,False,,,0.0
1092,-71.25,31.25,24837.890472634288,False,,,0.0
1093,-71.25,33.75,24837.890472634226,False,,,0.0
1094,-71.25,36.25,24837.890472634288,False,,,0.0
1095,-71.25,38.75,24837.890472634226,False,,,0.0
1096,-71.25,41.25,24837.890472634288,False,,,0.0
1097,-71.25,43.75,24837.890472634226,False,,,0.0
1098,-71.25,46.25,24837.890472634288,False,,,0.0
1099,-71.25,48.75,24837.890472634226,False,,,0.0
1100,-71.25,51.25,24837.890472634288,False,,,0.0
1101,-71.25,53.75,24837.890472634226,False,,,0.0
1102,-71.25,56.25,24837.890472634226,False,,,0.0
1103,-71.25,58.75,24837.890472634226,False,,,0.0
1104,-71.25,61.25,24837.890472634354,False,,,0.0
1105,-71.25,63.75,24837.890472634226,False,,,0.0
1106,-71.25,66.25,24837.890472634226,False,,,0.0
1107,-71.25,68.75,24837.890472634226,False,,,0.0
1108,-71.25,71.25,24837.890472634354,False,,,0.0
1109,-71.25,73.75,24837.890472634226,False,,,0.0
1110,-71.25,76.25,24837.890472634226,False,,,0.0
1111,-71.25,78.75,24837.890472634226,False,,,0.0
1112,-71.25,81.25,24837.890472634226,False,,,0.0
1113,-71.25,83.75,24837.890472634354,False,,,0.0
1114,-71.25,86.25,24837.890472634226,False,,,0.0
1115,-71.25,88.75,24837.890472634226,False,,,0.0
1116,-71.25,91.25,24837.890472634226,False,,,0.0
1117,-71.25,93.75,24837.890472634354,False,,,0.0
1118,-71.25,96.25,24837.890472634226,False,,,0.0
1119,-71.25,98.75,24837.890472634226,False,,,0.0
1120,-71.25,101.25,24837.890472634226,False,,,0.0
1121,-71.25,103.75,24837.890472634354,False,,,0.0
1122,-71.25,106.25,24837.890472634226,False,,,0.0
1123,-71.25,108.75,24837.890472634226,False,,,0.0
1124,-71.25,111.25,24837.890472634226,False,,,0.0
1125,-71.25,113.75,24837.890472634226,False,,,0.0
1126,-71.25,116.25,24837.890472634226,False,,,0.0
1127,-71.25,118.75,24837.890472634226,False,,,0.0
1128,-71.25,121.25,24837.89047263448,False,,,0.0
1129,-71.25,123.75,24837.890472634226,False,,,0.0
1130,-71.25,126.25,24837.890472634226,False,,,0.0
1131,-71.25,128.75,24837.890472634226,False,,,0.0
1132,-71.25,131.25,24837.890472634226,False,,,0.0
1133,-71.25,133.75,24837.890472634226,False,,,0.0
1134,-71.25,136.25,24837.890472634226,False,,,0.0
1135,-71.25,138.75,24837.890472634226,False,,,0.0
1136,-71.25,141.25,24837.890472634226,False,,,0.0
1137,-71.25,143.75,24837.89047263448,False,,,0.0
1138,-71.25,146.25,24837.890472634226,False,,,0.0
1139,-71.25,148.75,24837.890472634226,False,,,0.0
1140,-71.25,151.25,24837.890472634226,False,,,0.0
1141,-71.25,153.75,24837.890472634226,False,,,0.0
1142,-71.25,156.25,24837.890472634226,False,,,0.0
1143,-71.25,158.75,24837.890472634226,False,,,0.0
1144,-71.25,161.25,24837.890472634226,False,,,0.0
1145,-71.25,163.75,24837.890472634226,False,,,0.0
1146,-71.25,166.25,24837.89047263448,False,,,0.0
1147,-71.25,168.75,24837.890472634226,False,,,0.0
1148,-71.25,171.25,24837.890472634226,False,,,0.0
1149,-71.25,173.75,24837.890472634226,False,,,0.0
1150,-71.25,176.25,24837.890472634226,False,,,0.0
1151,-71.25,178.75,24837.890472634226,False,,,0.0
1152,-68.75,-178.75,28005.883750200384,False,,,0.0
1153,-68.75,-176.25,28005.883750200384,False,,,0.0
1154,-68.75,-173.75,28005.883750200384,False,,,0.0
1155,-68.75,-171.25,28005.88375020067,False,,,0.0
1156,-68.75,-168.75,28005.883750200384,False,,,0.0
1157,-68.75,-166.25,28005.883750200384,False,,,0.0
1158,-68.75,-163.75,28005.883750200384,False,,,0.0
1159,-68.75,-161.25,28005.883750200384,False,,,0.0
1160,-68.75,-158.75,28005.883750200384,False,,,0.0
1161,-68.75,-156.25,28005.883750200384,False,,,0.0
1162,-68.75,-153.75,28005.883750200384,False,,,0.0
1163,-68.75,-151.25,28005.88375020067,False,,,0.0
1164,-68.75,-148.75,28005.883750200384,False,,,0.0
1165,-68.75,-146.25,28005.883750200384,False,,,0.0
1166,-68.75,-143.75,28005.883750200384,False,,,0.0
1167,-68.75,-141.25,28005.883750200384,False,,,0.0
1168,-68.75,-138.75,28005.883750200384,False,,,0.0
1169,-68.75,-136.25,28005.883750200384,False,,,0.0
1170,-68.75,-133.75,28005.883750200384,False,,,0.0
1171,-68.75,-131.25,28005.883750200384,False,,,0.0
1172,-68.75,-128.75,28005.883750200384,False,,,0.0
1173,-68.75,-126.25,28005.883750200384,False,,,0.0
1174,-68.75,-123.75,28005.883750200384,False,,,0.0
1175,-68.75,-121.25,28005.883750200384,False,,,0.0
1176,-68.75,-118.75,28005.883750200384,False,,,0.0
1177,-68.75,-116.25,28005.883750200952,False,,,0.0
1178,-68.75,-113.75,28005.883750200384,False,,,0.0
1179,-68.75,-111.25,28005.883750200384,False,,,0.0
1180,-68.75,-108.75,28005.883750200384,False,,,0.0
1181,-68.75,-106.25,28005.883750200384,False,,,0.0
1182,-68.75,-103.75,28005.883750200384,False,,,0.0
1183,-68.75,-101.25,28005.883750200384,False,,,0.0
1184,-68.75,-98.75,28005.883750200384,False,,,0.0
1185,-68.75,-96.25,28005.883750200384,False,,,0.0
1186,-68.75,-93.75,28005.883750200384,False,,,0.0
1187,-68.75,-91.25,28005.883750200384,False,,,0.0
1188,-68.75,-88.75,28005.883750200384,False,,,0.0
1189,-68.75,-86.25,28005.883750200384,False,,,0.0
1190,-68.75,-83.75,28005.883750200384,False,,,0.0
1191,-68.75,-81.25,28005.883750200384,False,,,0.0
1192,-68.75,-78.75,28005.883750200384,False,,,0.0
1193,-68.75,-76.25,28005.883750200384,False,,,0.0
1194,-68.75,-73.75,28005.883750200952,False,,,0.0
1195,-68.75,-71.25,28005.883750200384,False,,,0.0
1196,-68.75,-68.75,28005.883750200384,False,,2.0,0.0
1197,-68.75,-66.25,28005.883750200384,False,,2.0,0.0
1198,-68.75,-63.75,28005.883750200384,False,,2.0,0.0
1199,-68.75,-61.25,28005.883750200384,False,,2.0,0.0
1200,-68.75,-58.75,28005.883750200384,False,,,0.0
1201,-68.75,-56.25,28005.883750200384,False,,,0.0
1202,-68.75,-53.75,28005.883750200384,False,,,0.0
1203,-68.75,-51.25,28005.883750200384,False,,,0.0
1204,-68.75,-48.75,28005.883750200384,False,,,0.0
1205,-68.75,-46.25,28005.883750200384,False,,,0.0
1206,-68.75,-43.75,28005.883750200384,False,,,0.0
1207,-68.75,-41.25,28005.883750200384,False,,,0.0
1208,-68.75,-38.75,28005.883750200384,False,,,0.0
1209,-68.75,-36.25,28005.883750200384,False,,,0.0
1210,-68.75,-33.75,28005.883750200384,False,,,0.0
1211,-68.75,-31.25,28005.883750200384,False,,,0.0
1212,-68.75,-28.75,28005.883750200952,False,,,0.0
1213,-68.75,-26.25,28005.883750200384,False,,,0.0
1214,-68.75,-23.75,28005.883750200384,False,,,0.0
1215,-68.75,-21.25,28005.883750200384,False,,,0.0
1216,-68.75,-18.75,28005.883750200384,False,,,0.0
1217,-68.75,-16.25,28005.883750200384,False,,,0.0
1218,-68.75,-13.75,28005.883750200384,False,,,0.0
1219,-68.75,-11.25,28005.883750200384,False,,,0.0
1220,-68.75,-8.75,28005.883750200384,False,,,0.0
1221,-68.75,-6.25,28005.883750200384,False,,,0.0
1222,-68.75,-3.75,28005.883750200384,False,,,0.0
1223,-68.75,-1.25,28005.883750200384,False,,,0.0
1224,-68.75,1.25,28005.883750200417,False,,,0.0
1225,-68.75,3.75,28005.883750200417,False,,,0.0
1226,-68.75,6.25,28005.883750200413,False,,,0.0
1227,-68.75,8.75,28005.88375020042,False,,,0.0
1228,-68.75,11.25,28005.88375020042,False,,,0.0
1229,-68.75,13.75,28005.883750200403,False,,,0.0
1230,-68.75,16.25,28005.88375020042,False,,,0.0
1231,-68.75,18.75,28005.88375020042,False,,,0.0
1232,-68.75,21.25,28005.88375020042,False,,,0.0
1233,-68.75,23.75,28005.88375020042,False,,,0.0
1234,-68.75,26.25,28005.88375020042,False,,,0.0
1235,-68.75,28.75,28005.883750200384,False,,,0.0
1236,-68.75,31.25,28005.883750200457,False,,,0.0
1237,-68.75,33.75,28005.883750200384,False,,,0.0
1238,-68.75,36.25,28005.883750200457,False,,0.0,0.0
1239,-68.75,38.75,28005.883750200384,False,,0.0,0.0
1240,-68.75,41.25,28005.883750200457,False,,,0.0
1241,-68.75,43.75,28005.883750200384,False,,,0.0
1242,-68.75,46.25,28005.883750200457,False,,0.0,0.0
1243,-68.75,48.75,28005.883750200384,False,,0.0,0.0
1244,-68.75,51.25,28005.883750200457,False,,,0.0
1245,-68.75,53.75,28005.883750200384,False,,,0.0
1246,-68.75,56.25,28005.883750200384,False,,,0.0
1247,-68.75,58.75,28005.883750200384,False,,,0.0
1248,-68.75,61.25,28005.883750200526,False,,0.0,0.0
1249,-68.75,63.75,28005.883750200384,False,,0.0,0.0
1250,-68.75,66.25,28005.883750200384,False,,,0.0
1251,-68.75,68.75,28005.883750200384,False,,,0.0
1252,-68.75,71.25,28005.883750200526,False,,,0.0
1253,-68.75,73.75,28005.883750200384,False,,,0.0
1254,-68.75,76.25,28005.883750200384,False,,0.0,0.0
1255,-68.75,78.75,28005.883750200384,False,,0.0,0.0
1256,-68.75,81.25,28005.883750200384,False,,,0.0
1257,-68.75,83.75,28005.883750200526,False,,,0.0
1258,-68.75,86.25,28005.883750200384,False,,,0.0
1259,-68.75,88.75,28005.883750200384,False,,,0.0
1260,-68.75,91.25,28005.883750200384,False,,0.0,0.0
1261,-68.75,93.75,28005.883750200526,False,,0.0,0.0
1262,-68.75,96.25,28005.883750200384,False,,,0.0
1263,-68.75,98.75,28005.883750200384,False,,,0.0
1264,-68.75,101.25,28005.883750200384,False,,,0.0
1265,-68.75,103.75,28005.883750200526,False,,,0.0
1266,-68.75,106.25,28005.883750200384,False,,,0.0
1267,-68.75,108.75,28005.883750200384,False,,,0.0
1268,-68.75,111.25,28005.883750200384,False,,0.0,0.0
1269,-68.75,113.75,28005.883750200384,False,,0.0,0.0
1270,-68.75,116.25,28005.883750200384,False,,,0.0
1271,-68.75,118.75,28005.883750200384,False,,,0.0
1272,-68.75,121.25,28005.88375020067,False,,,0.0
1273,-68.75,123.75,28005.883750200384,False,,,0.0
1274,-68.75,126.25,28005.883750200384,False,,,0.0
1275,-68.75,128.75,28005.883750200384,False,,,0.0
1276,-68.75,131.25,28005.883750200384,False,,,0.0
1277,-68.75,133.75,28005.883750200384,False,,,0.0
1278,-68.75,136.25,28005.883750200384,False,,,0.0
1279,-68.75,138.75,28005.883750200384,False,,,0.0
1280,-68.75,141.25,28005.883750200384,False,,0.0,0.0
1281,-68.75,143.75,28005.88375020067,False,,0.0,0.0
1282,-68.75,146.25,28005.883750200384,False,,,0.0
1283,-68.75,148.75,28005.883750200384,False,,,0.0
1284,-68.75,151.25,28005.883750200384,False,,,0.0
1285,-68.75,153.75,28005.883750200384,False,,,0.0
1286,-68.75,156.25,28005.883750200384,False,,,0.0
1287,-68.75,158.75,28005.883750200384,False,,,0.0
1288,-68.75,161.25,28005.883750200384,False,,,0.0
1289,-68.75,163.75,28005.883750200384,False,,,0.0
1290,-68.75,166.25,28005.88375020067,False,,,0.0
1291,-68.75,168.75,28005.883750200384,False,,,0.0
1292,-68.75,171.25,28005.883750200384,False,,,0.0
1293,-68.75,173.75,28005.883750200384,False,,,0.0
1294,-68.75,176.25,28005.883750200384,False,,,0.0
1295,-68.75,178.75,28005.883750200384,False,,,0.0
1296,-66.25,-178.75,31120.566236297993,False,,,0.0
1297,-66.25,-176.25,31120.566236297993,False,,,0.0
1298,-66.25,-173.75,31120.566236297993,False,,,0.0
1299,-66.25,-171.25,31120.56623629831,False,,,0.0
1300,-66.25,-168.75,31120.566236297993,False,,,0.0
1301,-66.25,-166.25,31120.566236297993,False,,,0.0
1302,-66.25,-163.75,31120.566236297993,False,,,0.0
1303,-66.25,-161.25,31120.566236297993,False,,,0.0
1304,-66.25,-158.75,31120.566236297993,False,,,0.0
1305,-66.25,-156.25,31120.566236297993,False,,,0.0
1306,-66.25,-153.75,31120.566236297993,False,,,0.0
1307,-66.25,-151.25,31120.56623629831,False,,,0.0
1308,-66.25,-148.75,31120.566236297993,False,,,0.0
1309,-66.25,-146.25,31120.566236297993,False,,,0.0
1310,-66.25,-143.75,31120.566236297993,False,,,0.0
1311,-66.25,-141.25,31120.566236297993,False,,,0.0
1312,-66.25,-138.75,31120.566236297993,False,,,0.0
1313,-66.25,-136.25,31120.566236297993,False,,,0.0
1314,-66.25,-133.75,31120.566236297993,False,,,0.0
1315,-66.25,-131.25,31120.566236297993,False,,,0.0
1316,-66.25,-128.75,31120.566236297993,False,,,0.0
1317,-66.25,-126.25,31120.566236297993,False,,,0.0
1318,-66.25,-123.75,31120.566236297993,False,,,0.0
1319,-66.25,-121.25,31120.566236297993,False,,,0.0
1320,-66.25,-118.75,31120.566236297993,False,,,0.0
1321,-66.25,-116.25,31120.566236298626,False,,,0.0
1322,-66.25,-113.75,31120.566236297993,False,,,0.0
1323,-66.25,-111.25,31120.566236297993,False,,,0.0
1324,-66.25,-108.75,31120.566236297993,False,,,0.0
1325,-66.25,-106.25,31120.566236297993,False,,,0.0
1326,-66.25,-103.75,31120.566236297993,False,,,0.0
1327,-66.25,-101.25,31120.566236297993,False,,,0.0
1328,-66.25,-98.75,31120.566236297993,False,,,0.0
1329,-66.25,-96.25,31120.566236297993,False,,,0.0
1330,-66.25,-93.75,31120.566236297993,False,,,0.0
1331,-66.25,-91.25,31120.566236297993,False,,,0.0
1332,-66.25,-88.75,31120.566236297993,False,,,0.0
1333,-66.25,-86.25,31120.566236297993,False,,,0.0
1334,-66.25,-83.75,31120.566236297993,False,,,0.0
1335,-66.25,-81.25,31120.566236297993,False,,,0.0
1336,-66.25,-78.75,31120.566236297993,False,,,0.0
1337,-66.25,-76.25,31120.566236297993,False,,,0.0
1338,-66.25,-73.75,31120.566236298626,False,,,0.0
1339,-66.25,-71.25,31120.566236297993,False,,,0.0
1340,-66.25,-68.75,31120.566236297993,False,,2.0,0.0
1341,-66.25,-66.25,31120.566236297993,False,,2.0,0.0
1342,-66.25,-63.75,31120.566236297993,False,,2.0,0.0
1343,-66.25,-61.25,31120.566236297993,False,,2.0,0.0
1344,-66.25,-58.75,31120.566236297993,False,,,0.0
1345,-66.25,-56.25,31120.566236297993,False,,,0.0
1346,-66.25,-53.75,31120.566236297993,False,,,0.0
1347,-66.25,-51.25,31120.566236297993,False,,,0.0
1348,-66.25,-48.75,31120.566236297993,False,,,0.0
1349,-66.25,-46.25,31120.566236297993,False,,,0.0
1350,-66.25,-43.75,31120.566236297993,False,,,0.0
1351,-66.25,-41.25,31120.566236297993,False,,,0.0
1352,-66.25,-38.75,31120.566236297993,False,,,0.0
1353,-66.25,-36.25,31120.566236297993,False,,,0.0
1354,-66.25,-33.75,31120.566236297993,False,,,0.0
1355,-66.25,-31.25,31120.566236297993,False,,,0.0
1356,-66.25,-28.75,31120.566236298626,False,,,0.0
1357,-66.25,-26.25,31120.566236297993,False,,,0.0
1358,-66.25,-23.75,31120.566236297993,False,,,0.0
1359,-66.25,-21.25,31120.566236297993,False,,,0.0
1360,-66.25,-18.75,31120.566236297993,False,,,0.0
1361,-66.25,-16.25,31120.566236297993,False,,,0.0
1362,-66.25,-13.75,31120.566236297993,False,,,0.0
1363,-66.25,-11.25,31120.566236297993,False,,,0.0
1364,-66.25,-8.75,31120.566236297993,False,,,0.0
1365,-66.25,-6.25,31120.566236297993,False,,,0.0
1366,-66.25,-3.75,31120.566236297993,False,,,0.0
1367,-66.25,-1.25,31120.566236297993,False,,,0.0
1368,-66.25,1.25,31120.566236298026,False,,,0.0
1369,-66.25,3.75,31120.566236298026,False,,,0.0
1370,-66.25,6.25,31120.566236298022,False,,,0.0
1371,-66.25,8.75,31120.56623629803,False,,,0.0
1372,-66.25,11.25,31120.56623629803,False,,,0.0
1373,-66.25,13.75,31120.566236298015,False,,,0.0
1374,-66.25,16.25,31120.56623629803,False,,,0.0
1375,-66.25,18.75,31120.56623629803,False,,,0.0
1376,-66.25,21.25,31120.56623629803,False,,,0.0
1377,-66.25,23.75,31120.56623629803,False,,,0.0
1378,-66.25,26.25,31120.56623629803,False,,,0.0
1379,-66.25,28.75,31120.566236297993,False,,,0.0
1380,-66.25,31.25,31120.56623629807,False,,,0.0
1381,-66.25,33.75,31120.566236297993,False,,,0.0
1382,-66.25,36.25,31120.56623629807,False,,0.0,0.0
1383,-66.25,38.75,31120.566236297993,False,,0.0,0.0
1384,-66.25,41.25,31120.56623629807,False,,,0.0
1385,-66.25,43.75,31120.566236297993,False,,,0.0
1386,-66.25,46.25,31120.56623629807,False,,0.0,0.0
1387,-66.25,48.75,31120.566236297993,False,,0.0,0.0
1388,-66.25,51.25,31120.56623629807,False,,,0.0
1389,-66.25,53.75,31120.566236297993,False,,,0.0
1390,-66.25,56.25,31120.566236297993,False,,,0.0
1391,-66.25,58.75,31120.566236297993,False,,,0.0
1392,-66.25,61.25,31120.56623629815,False,,0.0,0.0
1393,-66.25,63.75,31120.566236297993,False,,0.0,0.0
1394,-66.25,66.25,31120.566236297993,False,,,0.0
1395,-66.25,68.75,31120.566236297993,False,,,0.0
1396,-66.25,71.25,31120.56623629815,False,,,0.0
1397,-66.25,73.75,31120.566236297993,False,,,0.0
1398,-66.25,76.25,31120.566236297993,False,,0.0,0.0
1399,-66.25,78.75,31120.566236297993,False,,0.0,0.0
1400,-66.25,81.25,31120.566236297993,False,,,0.0
1401,-66.25,83.75,31120.56623629815,False,,,0.0
1402,-66.25,86.25,31120.566236297993,False,,,0.0
1403,-66.25,88.75,31120.566236297993,False,,,0.0
1404,-66.25,91.25,31120.566236297993,False,,0.0,0.0
1405,-66.25,93.75,31120.56623629815,False,,0.0,0.0
1406,-66.25,96.25,31120.566236297993,False,,,0.0
1407,-66.25,98.75,31120.566236297993,False,,,0.0
1408,-66.25,101.25,31120.566236297993,False,,,0.0
1409,-66.25,103.75,31120.56623629815,False,,,0.0
1410,-66.25,106.25,31120.566236297993,False,,,0.0
1411,-66.25,108.75,31120.566236297993,False,,,0.0
1412,-66.25,111.25,31120.566236297993,False,,0.0,0.0
1413,-66.25,113.75,31120.566236297993,False,,0.0,0.0
1414,-66.25,116.25,31120.566236297993,False,,,0.0
1415,-66.25,118.75,31120.566236297993,False,,,0.0
1416,-66.25,121.25,31120.56623629831,False,,,0.0
1417,-66.25,123.75,31120.566236297993,False,,,0.0
1418,-66.25,126.25,31120.566236297993,False,,,0.0
1419,-66.25,128.75,31120.566236297993,False,,,0.0
1420,-66.25,131.25,31120.566236297993,False,,,0.0
1421,-66.25,133.75,31120.566236297993,False,,,0.0
1422,-66.25,136.25,31120.566236297993,False,,,0.0
1423,-66.25,138.75,31120.566236297993,False,,,0.0
1424,-66.25,141.25,31120.566236297993,False,,0.0,0.0
1425,-66.25,143.75,31120.56623629831,False,,0.0,0.0
1426,-66.25,146.25,31120.566236297993,False,,,0.0
1427,-66.25,148.75,31120.566236297993,False,,,0.0
1428,-66.25,151.25,31120.566236297993,False,,,0.0
1429,-66.25,153.75,31120.566236297993,False,,,0.0
1430,-66.25,156.25,31120.566236297993,False,,,0.0
1431,-66.25,158.75,31120.566236297993,False,,,0.0
1432,-66.25,161.25,31120.566236297993,False,,,0.0
1433,-66.25,163.75,31120.566236297993,False,,,0.0
1434,-66.25,166.25,31120.56623629831,False,,,0.0
1435,-66.25,168.75,31120.566236297993,False,,,0.0
1436,-66.25,171.25,31120.566236297993,False,,,0.0
1437,-66.25,173.75,31120.566236297993,False,,,0.0
1438,-66.25,176.25,31120.566236297993,False,,,0.0
1439,-66.25,178.75,31120.566236297993,False,,,0.0
1440,-63.75,-178.75,34176.008955787256,False,,,0.0
1441,-63.75,-176.25,34176.008955787256,False,,,0.0
1442,-63.75,-173.75,34176.008955787256,False,,,0.0
1443,-63.75,-171.25,34176.00895578761,False,,,0.0
1444,-63.75,-168.75,34176.008955787256,False,,,0.0
1445,-63.75,-166.25,34176.008955787256,False,,,0.0
1446,-63.75,-163.75,34176.008955787256,False,,,0.0
1447,-63.75,-161.25,34176.008955787256,False,,,0.0
1448,-63.75,-158.75,34176.008955787256,False,,,0.0
1449,-63.75,-156.25,34176.008955787256,False,,,0.0
1450,-63.75,-153.75,34176.008955787256,False,,,0.0
1451,-63.75,-151.25,34176.00895578761,False,,,0.0
1452,-63.75,-148.75,34176.008955787256,False,,,0.0
1453,-63.75,-146.25,34176.008955787256,False,,,0.0
1454,-63.75,-143.75,34176.008955787256,False,,,0.0
1455,-63.75,-141.25,34176.008955787256,False,,,0.0
1456,-63.75,-138.75,34176.008955787256,False,,,0.0
1457,-63.75,-136.25,34176.008955787256,False,,,0.0
1458,-63.75,-133.75,34176.008955787256,False,,,0.0
1459,-63.75,-131.25,34176.008955787256,False,,,0.0
1460,-63.75,-128.75,34176.008955787256,False,,,0.0
1461,-63.75,-126.25,34176.008955787256,False,,,0.0
1462,-63.75,-123.75,34176.008955787256,False,,,0.0
1463,-63.75,-121.25,34176.008955787256,False,,,0.0
1464,-63.75,-118.75,34176.008955787256,False,,,0.0
1465,-63.75,-116.25,34176.00895578796,False,,,0.0
1466,-63.75,-113.75,34176.008955787256,False,,,0.0
1467,-63.75,-111.25,34176.008955787256,False,,,0.0
1468,-63.75,-108.75,34176.008955787256,False,,,0.0
1469,-63.75,-106.25,34176.008955787256,False,,,0.0
1470,-63.75,-103.75,34176.008955787256,False,,,0.0
1471,-63.75,-101.25,34176.008955787256,False,,,0.0
1472,-63.75,-98.75,34176.008955787256,False,,,0.0
1473,-63.75,-96.25,34176.008955787256,False,,,0.0
1474,-63.75,-93.75,34176.008955787256,False,,,0.0
1475,-63.75,-91.25,34176.008955787256,False,,,0.0
1476,-63.75,-88.75,34176.008955787256,False,,,0.0
1477,-63.75,-86.25,34176.008955787256,False,,,0.0
1478,-63.75,-83.75,34176.008955787256,False,,,0.0
1479,-63.75,-81.25,34176.008955787256,False,,,0.0
1480,-63.75,-78.75,34176.008955787256,False,,,0.0
1481,-63.75,-76.25,34176.008955787256,False,,,0.0
1482,-63.75,-73.75,34176.00895578796,False,,,0.0
1483,-63.75,-71.25,34176.008955787256,False,,,0.0
1484,-63.75,-68.75,34176.008955787256,False,,,0.0
1485,-63.75,-66.25,34176.008955787256,False,,,0.0
1486,-63.75,-63.75,34176.008955787256,False,,,0.0
1487,-63.75,-61.25,34176.008955787256,False,,,0.0
1488,-63.75,-58.75,34176.008955787256,False,,0.0,0.0
1489,-63.75,-56.25,34176.008955787256,False,,0.0,0.0
1490,-63.75,-53.75,34176.008955787256,False,,,0.0
1491,-63.75,-51.25,34176.008955787256,False,,,0.0
1492,-63.75,-48.75,34176.008955787256,False,,0.0,0.0
1493,-63.75,-46.25,34176.008955787256,False,,0.0,0.0
1494,-63.75,-43.75,34176.008955787256,False,,0.0,0.0
1495,-63.75,-41.25,34176.008955787256,False,,0.0,0.0
1496,-63.75,-38.75,34176.008955787256,False,,,0.0
1497,-63.75,-36.25,34176.008955787256,False,,,0.0
1498,-63.75,-33.75,34176.008955787256,False,,,0.0
1499,-63.75,-31.25,34176.008955787256,False,,,0.0
1500,-63.75,-28.75,34176.00895578796,False,,,0.0
1501,-63.75,-26.25,34176.008955787256,False,,,0.0
1502,-63.75,-23.75,34176.008955787256,False,,,0.0
1503,-63.75,-21.25,34176.008955787256,False,,,0.0
1504,-63.75,-18.75,34176.008955787256,False,,,0.0
1505,-63.75,-16.25,34176.008955787256,False,,,0.0
1506,-63.75,-13.75,34176.008955787256,False,,,0.0
1507,-63.75,-11.25,34176.008955787256,False,,,0.0
1508,-63.75,-8.75,34176.008955787256,False,,,0.0
1509,-63.75,-6.25,34176.008955787256,False,,,0.0
1510,-63.75,-3.75,34176.008955787256,False,,,0.0
1511,-63.75,-1.25,34176.008955787256,False,,,0.0
1512,-63.75,1.25,34176.0089557873,False,,,0.0
1513,-63.75,3.75,34176.0089557873,False,,,0.0
1514,-63.75,6.25,34176.00895578729,False,,,0.0
1515,-63.75,8.75,34176.0089557873,False,,,0.0
1516,-63.75,11.25,34176.0089557873,False,,,0.0
1517,-63.75,13.75,34176.00895578728,False,,,0.0
1518,-63.75,16.25,34176.0089557873,False,,,0.0
1519,-63.75,18.75,34176.0089557873,False,,,0.0
1520,-63.75,21.25,34176.0089557873,False,,,0.0
1521,-63.75,23.75,34176.0089557873,False,,,0.0
1522,-63.75,26.25,34176.0089557873,False,,,0.0
1523,-63.75,28.75,34176.008955787256,False,,,0.0
1524,-63.75,31.25,34176.00895578735,False,,,0.0
1525,-63.75,33.75,34176.008955787256,False,,,0.0
1526,-63.75,36.25,34176.00895578735,False,,,0.0
1527,-63.75,38.75,34176.008955787256,False,,,0.0
1528,-63.75,41.25,34176.00895578735,False,,,0.0
1529,-63.75,43.75,34176.008955787256,False,,,0.0
1530,-63.75,46.25,34176.00895578735,False,,,0.0
1531,-63.75,48.75,34176.008955787256,False,,,0.0
1532,-63.75,51.25,34176.00895578735,False,,,0.0
1533,-63.75,53.75,34176.008955787256,False,,,0.0
1534,-63.75,56.25,34176.008955787256,False,,,0.0
1535,-63.75,58.75,34176.008955787256,False,,,0.0
1536,-63.75,61.25,34176.00895578744,False,,,0.0
1537,-63.75,63.75,34176.008955787256,False,,,0.0
1538,-63.75,66.25,34176.008955787256,False,,,0.0
1539,-63.75,68.75,34176.008955787256,False,,,0.0
1540,-63.75,71.25,34176.00895578744,False,,,0.0
1541,-63.75,73.75,34176.008955787256,False,,,0.0
1542,-63.75,76.25,34176.008955787256,False,,,0.0
1543,-63.75,78.75,34176.008955787256,False,,,0.0
1544,-63.75,81.25,34176.008955787256,False,,,0.0
1545,-63.75,83.75,34176.00895578744,False,,,0.0
1546,-63.75,86.25,34176.008955787256,False,,,0.0
1547,-63.75,88.75,34176.008955787256,False,,,0.0
1548,-63.75,91.25,34176.008955787256,False,,,0.0
1549,-63.75,93.75,34176.00895578744,False,,,0.0
1550,-63.75,96.25,34176.008955787256,False,,,0.0
1551,-63.75,98.75,34176.008955787256,False,,,0.0
1552,-63.75,101.25,34176.008955787256,False,,,0.0
1553,-63.75,103.75,34176.00895578744,False,,,0.0
1554,-63.75,106.25,34176.008955787256,False,,,0.0
1555,-63.75,108.75,34176.008955787256,False,,,0.0
1556,-63.75,111.25,34176.008955787256,False,,,0.0
1557,-63.75,113.75,34176.008955787256,False,,,0.0
1558,-63.75,116.25,34176.008955787256,False,,,0.0
1559,-63.75,118.75,34176.008955787256,False,,,0.0
1560,-63.75,121.25,34176.00895578761,False,,,0.0
1561,-63.75,123.75,34176.008955787256,False,,,0.0
1562,-63.75,126.25,34176.008955787256,False,,,0.0
1563,-63.75,128.75,34176.008955787256,False,,,0.0
1564,-63.75,131.25,34176.008955787256,False,,,0.0
1565,-63.75,133.75,34176.008955787256,False,,,0.0
1566,-63.75,136.25,34176.008955787256,False,,,0.0
1567,-63.75,138.75,34176.008955787256,False,,,0.0
1568,-63.75,141.25,34176.008955787256,False,,,0.0
1569,-63.75,143.75,34176.00895578761,False,,,0.0
1570,-63.75,146.25,34176.008955787256,False,,,0.0
1571,-63.75,148.75,34176.008955787256,False,,,0.0
1572,-63.75,151.25,34176.008955787256,False,,,0.0
1573,-63.75,153.75,34176.008955787256,False,,,0.0
1574,-63.75,156.25,34176.008955787256,False,,,0.0
1575,-63.75,158.75,34176.008955787256,False,,,0.0
1576,-63.75,161.25,34176.008955787256,False,,,0.0
1577,-63.75,163.75,34176.008955787256,False,,,0.0
1578,-63.75,166.25,34176.00895578761,False,,,0.0
1579,-63.75,168.75,34176.008955787256,False,,,0.0
1580,-63.75,171.25,34176.008955787256,False,,,0.0
1581,-63.75,173.75,34176.008955787256,False,,,0.0
1582,-63.75,176.25,34176.008955787256,False,,,0.0
1583,-63.75,178.75,34176.008955787256,False,,,0.0
1584,-61.25,-178.75,37166.39569979209,False,,,0.0
1585,-61.25,-176.25,37166.39569979209,False,,,0.0
1586,-61.25,-173.75,37166.39569979209,False,,,0.0
1587,-61.25,-171.25,37166.39569979247,False,,,0.0
1588,-61.25,-168.75,37166.39569979209,False,,,0.0
1589,-61.25,-166.25,37166.39569979209,False,,,0.0
1590,-61.25,-163.75,37166.39569979209,False,,,0.0
1591,-61.25,-161.25,37166.39569979209,False,,,0.0
1592,-61.25,-158.75,37166.39569979209,False,,,0.0
1593,-61.25,-156.25,37166.39569979209,False,,,0.0
1594,-61.25,-153.75,37166.39569979209,False,,,0.0
1595,-61.25,-151.25,37166.39569979247,False,,,0.0
1596,-61.25,-148.75,37166.39569979209,False,,,0.0
1597,-61.25,-146.25,37166.39569979209,False,,,0.0
1598,-61.25,-143.75,37166.39569979209,False,,,0.0
1599,-61.25,-141.25,37166.39569979209,False,,,0.0
1600,-61.25,-138.75,37166.39569979209,False,,,0.0
1601,-61.25,-136.25,37166.39569979209,False,,,0.0
1602,-61.25,-133.75,37166.39569979209,False,,,0.0
1603,-61.25,-131.25,37166.39569979209,False,,,0.0
1604,-61.25,-128.75,37166.39569979209,False,,,0.0
1605,-61.25,-126.25,37166.39569979209,False,,,0.0
1606,-61.25,-123.75,37166.39569979209,False,,,0.0
1607,-61.25,-121.25,37166.39569979209,False,,,0.0
1608,-61.25,-118.75,37166.39569979209,False,,,0.0
1609,-61.25,-116.25,37166.39569979285,False,,,0.0
1610,-61.25,-113.75,37166.39569979209,False,,,0.0
1611,-61.25,-111.25,37166.39569979209,False,,,0.0
1612,-61.25,-108.75,37166.39569979209,False,,,0.0
1613,-61.25,-106.25,37166.39569979209,False,,,0.0
1614,-61.25,-103.75,37166.39569979209,False,,,0.0
1615,-61.25,-101.25,37166.39569979209,False,,,0.0
1616,-61.25,-98.75,37166.39569979209,False,,,0.0
1617,-61.25,-96.25,37166.39569979209,False,,,0.0
1618,-61.25,-93.75,37166.39569979209,False,,,0.0
1619,-61.25,-91.25,37166.39569979209,False,,,0.0
1620,-61.25,-88.75,37166.39569979209,False,,,0.0
1621,-61.25,-86.25,37166.39569979209,False,,,0.0
1622,-61.25,-83.75,37166.39569979209,False,,,0.0
1623,-61.25,-81.25,37166.39569979209,False,,,0.0
1624,-61.25,-78.75,37166.39569979209,False,,,0.0
1625,-61.25,-76.25,37166.39569979209,False,,,0.0
1626,-61.25,-73.75,37166.39569979285,False,,,0.0
1627,-61.25,-71.25,37166.39569979209,False,,,0.0
1628,-61.25,-68.75,37166.39569979209,False,,,0.0
1629,-61.25,-66.25,37166.39569979209,False,,,0.0
1630,-61.25,-63.75,37166.39569979209,False,,,0.0
1631,-61.25,-61.25,37166.39569979209,False,,,0.0
1632,-61.25,-58.75,37166.39569979209,False,,0.0,0.0
1633,-61.25,-56.25,37166.39569979209,False,,0.0,0.0
1634,-61.25,-53.75,37166.39569979209,False,,,0.0
1635,-61.25,-51.25,37166.39569979209,False,,,0.0
1636,-61.25,-48.75,37166.39569979209,False,,0.0,0.0
1637,-61.25,-46.25,37166.39569979209,False,,0.0,0.0
1638,-61.25,-43.75,37166.39569979209,False,,0.0,0.0
1639,-61.25,-41.25,37166.39569979209,False,,0.0,0.0
1640,-61.25,-38.75,37166.39569979209,False,,,0.0
1641,-61.25,-36.25,37166.39569979209,False,,,0.0
1642,-61.25,-33.75,37166.39569979209,False,,,0.0
1643,-61.25,-31.25,37166.39569979209,False,,,0.0
1644,-61.25,-28.75,37166.39569979285,False,,,0.0
1645,-61.25,-26.25,37166.39569979209,False,,,0.0
1646,-61.25,-23.75,37166.39569979209,False,,,0.0
1647,-61.25,-21.25,37166.39569979209,False,,,0.0
1648,-61.25,-18.75,37166.39569979209,False,,,0.0
1649,-61.25,-16.25,37166.39569979209,False,,,0.0
1650,-61.25,-13.75,37166.39569979209,False,,,0.0
1651,-61.25,-11.25,37166.39569979209,False,,,0.0
1652,-61.25,-8.75,37166.39569979209,False,,,0.0
1653,-61.25,-6.25,37166.39569979209,False,,,0.0
1654,-61.25,-3.75,37166.39569979209,False,,,0.0
1655,-61.25,-1.25,37166.39569979209,False,,,0.0
1656,-61.25,1.25,37166.395699792134,False,,,0.0
1657,-61.25,3.75,37166.395699792134,False,,,0.0
1658,-61.25,6.25,37166.39569979212,False,,,0.0
1659,-61.25,8.75,37166.395699792134,False,,,0.0
1660,-61.25,11.25,37166.395699792134,False,,,0.0
1661,-61.25,13.75,37166.39569979211,False,,,0.0
1662,-61.25,16.25,37166.395699792134,False,,,0.0
1663,-61.25,18.75,37166.395699792134,False,,,0.0
1664,-61.25,21.25,37166.395699792134,False,,,0.0
1665,-61.25,23.75,37166.395699792134,False,,,0.0
1666,-61.25,26.25,37166.395699792134,False,,,0.0
1667,-61.25,28.75,37166.39569979209,False,,,0.0
1668,-61.25,31.25,37166.395699792185,False,,,0.0
1669,-61.25,33.75,37166.39569979209,False,,,0.0
1670,-61.25,36.25,37166.395699792185,False,,,0.0
1671,-61.25,38.75,37166.39569979209,False,,,0.0
1672,-61.25,41.25,37166.395699792185,False,,,0.0
1673,-61.25,43.75,37166.39569979209,False,,,0.0
1674,-61.25,46.25,37166.395699792185,False,,,0.0
1675,-61.25,48.75,37166.39569979209,False,,,0.0
1676,-61.25,51.25,37166.395699792185,False,,,0.0
1677,-61.25,53.75,37166.39569979209,False,,,0.0
1678,-61.25,56.25,37166.39569979209,False,,,0.0
1679,-61.25,58.75,37166.39569979209,False,,,0.0
1680,-61.25,61.25,37166.39569979228,False,,,0.0
1681,-61.25,63.75,37166.39569979209,False,,,0.0
1682,-61.25,66.25,37166.39569979209,False,,,0.0
1683,-61.25,68.75,37166.39569979209,False,,,0.0
1684,-61.25,71.25,37166.39569979228,False,,,0.0
1685,-61.25,73.75,37166.39569979209,False,,,0.0
1686,-61.25,76.25,37166.39569979209,False,,,0.0
1687,-61.25,78.75,37166.39569979209,False,,,0.0
1688,-61.25,81.25,37166.39569979209,False,,,0.0
1689,-61.25,83.75,37166.39569979228,False,,,0.0
1690,-61.25,86.25,37166.39569979209,False,,,0.0
1691,-61.25,88.75,37166.39569979209,False,,,0.0
1692,-61.25,91.25,37166.39569979209,False,,,0.0
1693,-61.25,93.75,37166.39569979228,False,,,0.0
1694,-61.25,96.25,37166.39569979209,False,,,0.0
1695,-61.25,98.75,37166.39569979209,False,,,0.0
1696,-61.25,101.25,37166.39569979209,False,,,0.0
1697,-61.25,103.75,37166.39569979228,False,,,0.0
1698,-61.25,106.25,37166.39569979209,False,,,0.0
1699,-61.25,108.75,37166.39569979209,False,,,0.0
1700,-61.25,111.25,37166.39569979209,False,,,0.0
1701,-61.25,113.75,37166.39569979209,False,,,0.0
1702,-61.25,116.25,37166.39569979209,False,,,0.0
1703,-61.25,118.75,37166.39569979209,False,,,0.0
1704,-61.25,121.25,37166.39569979247,False,,,0.0
1705,-61.25,123.75,37166.39569979209,False,,,0.0
1706,-61.25,126.25,37166.39569979209,False,,,0.0
1707,-61.25,128.75,37166.39569979209,False,,,0.0
1708,-61.25,131.25,37166.39569979209,False,,,0.0
1709,-61.25,133.75,37166.39569979209,False,,,0.0
1710,-61.25,136.25,37166.39569979209,False,,,0.0
1711,-61.25,138.75,37166.39569979209,False,,,0.0
1712,-61.25,141.25,37166.39569979209,False,,,0.0
1713,-61.25,143.75,37166.39569979247,False,,,0.0
1714,-61.25,146.25,37166.39569979209,False,,,0.0
1715,-61.25,148.75,37166.39569979209,False,,,0.0
1716,-61.25,151.25,37166.39569979209,False,,,0.0
1717,-61.25,153.75,37166.39569979209,False,,,0.0
1718,-61.25,156.25,37166.39569979209,False,,,0.0
1719,-61.25,158.75,37166.39569979209,False,,,0.0
1720,-61.25,161.25,37166.39569979209,False,,,0.0
1721,-61.25,163.75,37166.39569979209,False,,,0.0
1722,-61.25,166.25,37166.39569979247,False,,,0.0
1723,-61.25,168.75,37166.39569979209,False,,,0.0
1724,-61.25,171.25,37166.39569979209,False,,,0.0
1725,-61.25,173.75,37166.39569979209,False,,,0.0
1726,-61.25,176.25,37166.39569979209,False,,,0.0
1727,-61.25,178.75,37166.39569979209,False,,,0.0
1728,-58.75,-178.75,40086.034097182106,False,,,0.0
1729,-58.75,-176.25,40086.034097182106,False,,,0.0
1730,-58.75,-173.75,40086.034097182106,False,,,0.0
1731,-58.75,-171.25,40086.03409718251,False,,,0.0
1732,-58.75,-168.75,40086.034097182106,False,,,0.0
1733,-58.75,-166.25,40086.034097182106,False,,,0.0
1734,-58.75,-163.75,40086.034097182106,False,,,0.0
1735,-58.75,-161.25,40086.034097182106,False,,,0.0
1736,-58.75,-158.75,40086.034097182106,False,,,0.0
1737,-58.75,-156.25,40086.034097182106,False,,,0.0
1738,-58.75,-153.75,40086.034097182106,False,,,0.0
1739,-58.75,-151.25,40086.03409718251,False,,,0.0
1740,-58.75,-148.75,40086.034097182106,False,,,0.0
1741,-58.75,-146.25,40086.034097182106,False,,,0.0
1742,-58.75,-143.75,40086.034097182106,False,,,0.0
1743,-58.75,-141.25,40086.034097182106,False,,,0.0
1744,-58.75,-138.75,40086.034097182106,False,,,0.0
1745,-58.75,-136.25,40086.034097182106,False,,,0.0
1746,-58.75,-133.75,40086.034097182106,False,,,0.0
1747,-58.75,-131.25,40086.034097182106,False,,,0.0
1748,-58.75,-128.75,40086.034097182106,False,,,0.0
1749,-58.75,-126.25,40086.034097182106,False,,,0.0
1750,-58.75,-123.75,40086.034097182106,False,,,0.0
1751,-58.75,-121.25,40086.034097182106,False,,,0.0
1752,-58.75,-118.75,40086.034097182106,False,,,0.0
1753,-58.75,-116.25,40086.03409718293,False,,,0.0
1754,-58.75,-113.75,40086.034097182106,False,,,0.0
1755,-58.75,-111.25,40086.034097182106,False,,,0.0
1756,-58.75,-108.75,40086.034097182106,False,,,0.0
1757,-58.75,-106.25,40086.034097182106,False,,,0.0
1758,-58.75,-103.75,40086.034097182106,False,,,0.0
1759,-58.75,-101.25,40086.034097182106,False,,,0.0
1760,-58.75,-98.75,40086.034097182106,False,,,0.0
1761,-58.75,-96.25,40086.034097182106,False,,,0.0
1762,-58.75,-93.75,40086.034097182106,False,,,0.0
1763,-58.75,-91.25,40086.034097182106,False,,,0.0
1764,-58.75,-88.75,40086.034097182106,False,,,0.0
1765,-58.75,-86.25,40086.034097182106,False,,,0.0
1766,-58.75,-83.75,40086.034097182106,False,,,0.0
1767,-58.75,-81.25,40086.034097182106,False,,,0.0
1768,-58.75,-78.75,40086.034097182106,False,,,0.0
1769,-58.75,-76.25,40086.034097182106,False,,,0.0
1770,-58.75,-73.75,40086.03409718293,False,,2.0,0.0
1771,-58.75,-71.25,40086.034097182106,False,,2.0,0.0
1772,-58.75,-68.75,40086.034097182106,False,,0.0,0.0
1773,-58.75,-66.25,40086.034097182106,False,,0.0,0.0
1774,-58.75,-63.75,40086.034097182106,False,,-3.0,0.0
1775,-58.75,-61.25,40086.034097182106,False,,-3.0,0.0
1776,-58.75,-58.75,40086.034097182106,False,,,0.0
1777,-58.75,-56.25,40086.034097182106,False,,,0.0
1778,-58.75,-53.75,40086.034097182106,False,,,0.0
1779,-58.75,-51.25,40086.034097182106,False,,,0.0
1780,-58.75,-48.75,40086.034097182106,False,,,0.0
1781,-58.75,-46.25,40086.034097182106,False,,,0.0
1782,-58.75,-43.75,40086.034097182106,False,,,0.0
1783,-58.75,-41.25,40086.034097182106,False,,,0.0
1784,-58.75,-38.75,40086.034097182106,False,,,0.0
1785,-58.75,-36.25,40086.034097182106,False,,,0.0
1786,-58.75,-33.75,40086.034097182106,False,,,0.0
1787,-58.75,-31.25,40086.034097182106,False,,,0.0
1788,-58.75,-28.75,40086.03409718293,False,,,0.0
1789,-58.75,-26.25,40086.034097182106,False,,,0.0
1790,-58.75,-23.75,40086.034097182106,False,,,0.0
1791,-58.75,-21.25,40086.034097182106,False,,,0.0
1792,-58.75,-18.75,40086.034097182106,False,,,0.0
1793,-58.75,-16.25,40086.034097182106,False,,,0.0
1794,-58.75,-13.75,40086.034097182106,False,,,0.0
1795,-58.75,-11.25,40086.034097182106,False,,,0.0
1796,-58.75,-8.75,40086.034097182106,False,,,0.0
1797,-58.75,-6.25,40086.034097182106,False,,,0.0
1798,-58.75,-3.75,40086.034097182106,False,,,0.0
1799,-58.75,-1.25,40086.034097182106,False,,,0.0
1800,-58.75,1.25,40086.03409718215,False,,,0.0
1801,-58.75,3.75,40086.03409718215,False,,,0.0
1802,-58.75,6.25,40086.03409718214,False,,,0.0
1803,-58.75,8.75,40086.03409718216,False,,,0.0
1804,-58.75,11.25,40086.03409718216,False,,,0.0
1805,-58.75,13.75,40086.034097182135,False,,,0.0
1806,-58.75,16.25,40086.03409718216,False,,,0.0
1807,-58.75,18.75,40086.03409718216,False,,,0.0
1808,-58.75,21.25,40086.03409718216,False,,,0.0
1809,-58.75,23.75,40086.03409718216,False,,,0.0
1810,-58.75,26.25,40086.03409718216,False,,,0.0
1811,-58.75,28.75,40086.034097182106,False,,,0.0
1812,-58.75,31.25,40086.034097182215,False,,,0.0
1813,-58.75,33.75,40086.034097182106,False,,,0.0
1814,-58.75,36.25,40086.034097182215,False,,,0.0
1815,-58.75,38.75,40086.034097182106,False,,,0.0
1816,-58.75,41.25,40086.034097182215,False,,,0.0
1817,-58.75,43.75,40086.034097182106,False,,,0.0
1818,-58.75,46.25,40086.034097182215,False,,,0.0
1819,-58.75,48.75,40086.034097182106,False,,,0.0
1820,-58.75,51.25,40086.034097182215,False,,,0.0
1821,-58.75,53.75,40086.034097182106,False,,,0.0
1822,-58.75,56.25,40086.034097182106,False,,,0.0
1823,-58.75,58.75,40086.034097182106,False,,,0.0
1824,-58.75,61.25,40086.03409718231,False,,,0.0
1825,-58.75,63.75,40086.034097182106,False,,,0.0
1826,-58.75,66.25,40086.034097182106,False,,,0.0
1827,-58.75,68.75,40086.034097182106,False,,,0.0
1828,-58.75,71.25,40086.03409718231,False,,,0.0
1829,-58.75,73.75,40086.034097182106,False,,,0.0
1830,-58.75,76.25,40086.034097182106,False,,,0.0
1831,-58.75,78.75,40086.034097182106,False,,,0.0
1832,-58.75,81.25,40086.034097182106,False,,,0.0
1833,-58.75,83.75,40086.03409718231,False,,,0.0
1834,-58.75,86.25,40086.034097182106,False,,,0.0
1835,-58.75,88.75,40086.034097182106,False,,,0.0
1836,-58.75,91.25,40086.034097182106,False,,,0.0
1837,-58.75,93.75,40086.03409718231,False,,,0.0
1838,-58.75,96.25,40086.034097182106,False,,,0.0
1839,-58.75,98.75,40086.034097182106,False,,,0.0
1840,-58.75,101.25,40086.034097182106,False,,,0.0
1841,-58.75,103.75,40086.03409718231,False,,,0.0
1842,-58.75,106.25,40086.034097182106,False,,,0.0
1843,-58.75,108.75,40086.034097182106,False,,,0.0
1844,-58.75,111.25,40086.034097182106,False,,,0.0
1845,-58.75,113.75,40086.034097182106,False,,,0.0
1846,-58.75,116.25,40086.034097182106,False,,,0.0
1847,-58.75,118.75,40086.034097182106,False,,,0.0
1848,-58.75,121.25,40086.03409718251,False,,,0.0
1849,-58.75,123.75,40086.034097182106,False,,,0.0
1850,-58.75,126.25,40086.034097182106,False,,,0.0
1851,-58.75,128.75,40086.034097182106,False,,,0.0
1852,-58.75,131.25,40086.034097182106,False,,,0.0
1853,-58.75,133.75,40086.034097182106,False,,,0.0
1854,-58.75,136.25,40086.034097182106,False,,,0.0
1855,-58.75,138.75,40086.034097182106,False,,,0.0
1856,-58.75,141.25,40086.034097182106,False,,,0.0
1857,-58.75,143.75,40086.03409718251,False,,,0.0
1858,-58.75,146.25,40086.034097182106,False,,,0.0
1859,-58.75,148.75,40086.034097182106,False,,,0.0
1860,-58.75,151.25,40086.034097182106,False,,,0.0
1861,-58.75,153.75,40086.034097182106,False,,,0.0
1862,-58.75,156.25,40086.034097182106,False,,,0.0
1863,-58.75,158.75,40086.034097182106,False,,,0.0
1864,-58.75,161.25,40086.034097182106,False,,,0.0
1865,-58.75,163.75,40086.034097182106,False,,,0.0
1866,-58.75,166.25,40086.03409718251,False,,,0.0
1867,-58.75,168.75,40086.034097182106,False,,,0.0
1868,-58.75,171.25,40086.034097182106,False,,,0.0
1869,-58.75,173.75,40086.034097182106,False,,,0.0
1870,-58.75,176.25,40086.034097182106,False,,,0.0
1871,-58.75,178.75,40086.034097182106,False,,,0.0
1872,-56.25,-178.75,42929.36645032728,False,,,0.0
1873,-56.25,-176.25,42929.36645032728,False,,,0.0
1874,-56.25,-173.75,42929.36645032728,False,,,0.0
1875,-56.25,-171.25,42929.36645032771,False,,,0.0
1876,-56.25,-168.75,42929.36645032728,False,,,0.0
1877,-56.25,-166.25,42929.36645032728,False,,,0.0
1878,-56.25,-163.75,42929.36645032728,False,,,0.0
1879,-56.25,-161.25,42929.36645032728,False,,,0.0
1880,-56.25,-158.75,42929.36645032728,False,,,0.0
1881,-56.25,-156.25,42929.36645032728,False,,,0.0
1882,-56.25,-153.75,42929.36645032728,False,,,0.0
1883,-56.25,-151.25,42929.36645032771,False,,,0.0
1884,-56.25,-148.75,42929.36645032728,False,,,0.0
1885,-56.25,-146.25,42929.36645032728,False,,,0.0
1886,-56.25,-143.75,42929.36645032728,False,,,0.0
1887,-56.25,-141.25,42929.36645032728,False,,,0.0
1888,-56.25,-138.75,42929.36645032728,False,,,0.0
1889,-56.25,-136.25,42929.36645032728,False,,,0.0
1890,-56.25,-133.75,42929.36645032728,False,,,0.0
1891,-56.25,-131.25,42929.36645032728,False,,,0.0
1892,-56.25,-128.75,42929.36645032728,False,,,0.0
1893,-56.25,-126.25,42929.36645032728,False,,,0.0
1894,-56.25,-123.75,42929.36645032728,False,,,0.0
1895,-56.25,-121.25,42929.36645032728,False,,,0.0
1896,-56.25,-118.75,42929.36645032728,False,,,0.0
1897,-56.25,-116.25,42929.366450328154,False,,,0.0
1898,-56.25,-113.75,42929.36645032728,False,,,0.0
1899,-56.25,-111.25,42929.36645032728,False,,,0.0
1900,-56.25,-108.75,42929.36645032728,False,,,0.0
1901,-56.25,-106.25,42929.36645032728,False,,,0.0
1902,-56.25,-103.75,42929.36645032728,False,,,0.0
1903,-56.25,-101.25,42929.36645032728,False,,,0.0
1904,-56.25,-98.75,42929.36645032728,False,,,0.0
1905,-56.25,-96.25,42929.36645032728,False,,,0.0
1906,-56.25,-93.75,42929.36645032728,False,,,0.0
1907,-56.25,-91.25,42929.36645032728,False,,,0.0
1908,-56.25,-88.75,42929.36645032728,False,,,0.0
1909,-56.25,-86.25,42929.36645032728,False,,,0.0
1910,-56.25,-83.75,42929.36645032728,False,,,0.0
1911,-56.25,-81.25,42929.36645032728,False,,,0.0
1912,-56.25,-78.75,42929.36645032728,False,,,0.0
1913,-56.25,-76.25,42929.36645032728,False,,,0.0
1914,-56.25,-73.75,42929.366450328154,False,,2.0,0.0
1915,-56.25,-71.25,42929.36645032728,True,,2.0,173.98972
1916,-56.25,-68.75,42929.36645032728,True,,0.0,1196.2699
1917,-56.25,-66.25,42929.36645032728,True,,0.0,1490.831
1918,-56.25,-63.75,42929.36645032728,False,,-3.0,0.0
1919,-56.25,-61.25,42929.36645032728,False,,-3.0,0.0
1920,-56.25,-58.75,42929.36645032728,False,,,0.0
1921,-56.25,-56.25,42929.36645032728,False,,,0.0
1922,-56.25,-53.75,42929.36645032728,False,,,0.0
1923,-56.25,-51.25,42929.36645032728,False,,,0.0
1924,-56.25,-48.75,42929.36645032728,False,,,0.0
1925,-56.25,-46.25,42929.36645032728,False,,,0.0
1926,-56.25,-43.75,42929.36645032728,False,,,0.0
1927,-56.25,-41.25,42929.36645032728,False,,,0.0
1928,-56.25,-38.75,42929.36645032728,False,,,0.0
1929,-56.25,-36.25,42929.36645032728,False,,,0.0
1930,-56.25,-33.75,42929.36645032728,False,,,0.0
1931,-56.25,-31.25,42929.36645032728,False,,,0.0
1932,-56.25,-28.75,42929.366450328154,False,,,0.0
1933,-56.25,-26.25,42929.36645032728,False,,,0.0
1934,-56.25,-23.75,42929.36645032728,False,,,0.0
1935,-56.25,-21.25,42929.36645032728,False,,,0.0
1936,-56.25,-18.75,42929.36645032728,False,,,0.0
1937,-56.25,-16.25,42929.36645032728,False,,,0.0
1938,-56.25,-13.75,42929.36645032728,False,,,0.0
1939,-56.25,-11.25,42929.36645032728,False,,,0.0
1940,-56.25,-8.75,42929.36645032728,False,,,0.0
1941,-56.25,-6.25,42929.36645032728,False,,,0.0
1942,-56.25,-3.75,42929.36645032728,False,,,0.0
1943,-56.25,-1.25,42929.36645032728,False,,,0.0
1944,-56.25,1.25,42929.366450327325,False,,,0.0
1945,-56.25,3.75,42929.366450327325,False,,,0.0
1946,-56.25,6.25,42929.36645032732,False,,,0.0
1947,-56.25,8.75,42929.36645032733,False,,,0.0
1948,-56.25,11.25,42929.36645032733,False,,,0.0
1949,-56.25,13.75,42929.3664503273,False,,,0.0
1950,-56.25,16.25,42929.36645032733,False,,,0.0
1951,-56.25,18.75,42929.36645032733,False,,,0.0
1952,-56.25,21.25,42929.36645032733,False,,,0.0
1953,-56.25,23.75,42929.36645032733,False,,,0.0
1954,-56.25,26.25,42929.36645032733,False,,,0.0
1955,-56.25,28.75,42929.36645032728,False,,,0.0
1956,-56.25,31.25,42929.36645032738,False,,,0.0
1957,-56.25,33.75,42929.36645032728,False,,,0.0
1958,-56.25,36.25,42929.36645032738,False,,,0.0
1959,-56.25,38.75,42929.36645032728,False,,,0.0
1960,-56.25,41.25,42929.36645032738,False,,,0.0
1961,-56.25,43.75,42929.36645032728,False,,,0.0
1962,-56.25,46.25,42929.36645032738,False,,,0.0
1963,-56.25,48.75,42929.36645032728,False,,,0.0
1964,-56.25,51.25,42929.36645032738,False,,,0.0
1965,-56.25,53.75,42929.36645032728,False,,,0.0
1966,-56.25,56.25,42929.36645032728,False,,,0.0
1967,-56.25,58.75,42929.36645032728,False,,,0.0
1968,-56.25,61.25,42929.3664503275,False,,,0.0
1969,-56.25,63.75,42929.36645032728,False,,,0.0
1970,-56.25,66.25,42929.36645032728,False,,,0.0
1971,-56.25,68.75,42929.36645032728,False,,,0.0
1972,-56.25,71.25,42929.3664503275,False,,,0.0
1973,-56.25,73.75,42929.36645032728,False,,,0.0
1974,-56.25,76.25,42929.36645032728,False,,,0.0
1975,-56.25,78.75,42929.36645032728,False,,,0.0
1976,-56.25,81.25,42929.36645032728,False,,,0.0
1977,-56.25,83.75,42929.3664503275,False,,,0.0
1978,-56.25,86.25,42929.36645032728,False,,,0.0
1979,-56.25,88.75,42929.36645032728,False,,,0.0
1980,-56.25,91.25,42929.36645032728,False,,,0.0
1981,-56.25,93.75,42929.3664503275,False,,,0.0
1982,-56.25,96.25,42929.36645032728,False,,,0.0
1983,-56.25,98.75,42929.36645032728,False,,,0.0
1984,-56.25,101.25,42929.36645032728,False,,,0.0
1985,-56.25,103.75,42929.3664503275,False,,,0.0
1986,-56.25,106.25,42929.36645032728,False,,,0.0
1987,-56.25,108.75,42929.36645032728,False,,,0.0
1988,-56.25,111.25,42929.36645032728,False,,,0.0
1989,-56.25,113.75,42929.36645032728,False,,,0.0
1990,-56.25,116.25,42929.36645032728,False,,,0.0
1991,-56.25,118.75,42929.36645032728,False,,,0.0
1992,-56.25,121.25,42929.36645032771,False,,,0.0
1993,-56.25,123.75,42929.36645032728,False,,,0.0
1994,-56.25,126.25,42929.36645032728,False,,,0.0
1995,-56.25,128.75,42929.36645032728,False,,,0.0
1996,-56.25,131.25,42929.36645032728,False,,,0.0
1997,-56.25,133.75,42929.36645032728,False,,,0.0
1998,-56.25,136.25,42929.36645032728,False,,,0.0
1999,-56.25,138.75,42929.36645032728,False,,,0.0
2000,-56.25,141.25,42929.36645032728,False,,,0.0
2001,-56.25,143.75,42929.36645032771,False,,,0.0
2002,-56.25,146.25,42929.36645032728,False,,,0.0
2003,-56.25,148.75,42929.36645032728,False,,,0.0
2004,-56.25,151.25,42929.36645032728,False,,,0.0
2005,-56.25,153.75,42929.36645032728,False,,,0.0
2006,-56.25,156.25,42929.36645032728,False,,,0.0
2007,-56.25,158.75,42929.36645032728,False,,,0.0
2008,-56.25,161.25,42929.36645032728,False,,,0.0
2009,-56.25,163.75,42929.36645032728,False,,,0.0
2010,-56.25,166.25,42929.36645032771,False,,,0.0
2011,-56.25,168.75,42929.36645032728,False,,,0.0
2012,-56.25,171.25,42929.36645032728,False,,,0.0
2013,-56.25,173.75,42929.36645032728,False,,,0.0
2014,-56.25,176.25,42929.36645032728,False,,,0.0
2015,-56.25,178.75,42929.36645032728,False,,,0.0
2016,-53.75,-178.75,45690.98031448842,False,,,0.0
2017,-53.75,-176.25,45690.98031448842,False,,,0.0
2018,-53.75,-173.75,45690.98031448842,False,,,0.0
2019,-53.75,-171.25,45690.98031448889,False,,,0.0
2020,-53.75,-168.75,45690.98031448842,False,,,0.0
2021,-53.75,-166.25,45690.98031448842,False,,,0.0
2022,-53.75,-163.75,45690.98031448842,False,,,0.0
2023,-53.75,-161.25,45690.98031448842,False,,,0.0
2024,-53.75,-158.75,45690.98031448842,False,,,0.0
2025,-53.75,-156.25,45690.98031448842,False,,,0.0
2026,-53.75,-153.75,45690.98031448842,False,,,0.0
2027,-53.75,-151.25,45690.98031448889,False,,,0.0
2028,-53.75,-148.75,45690.98031448842,False,,,0.0
2029,-53.75,-146.25,45690.98031448842,False,,,0.0
2030,-53.75,-143.75,45690.98031448842,False,,,0.0
2031,-53.75,-141.25,45690.98031448842,False,,,0.0
2032,-53.75,-138.75,45690.98031448842,False,,,0.0
2033,-53.75,-136.25,45690.98031448842,False,,,0.0
2034,-53.75,-133.75,45690.98031448842,False,,,0.0
2035,-53.75,-131.25,45690.98031448842,False,,,0.0
2036,-53.75,-128.75,45690.98031448842,False,,,0.0
2037,-53.75,-126.25,45690.98031448842,False,,,0.0
2038,-53.75,-123.75,45690.98031448842,False,,,0.0
2039,-53.75,-121.25,45690.98031448842,False,,,0.0
2040,-53.75,-118.75,45690.98031448842,False,,,0.0
2041,-53.75,-116.25,45690.98031448935,False,,,0.0
2042,-53.75,-113.75,45690.98031448842,False,,,0.0
2043,-53.75,-111.25,45690.98031448842,False,,,0.0
2044,-53.75,-108.75,45690.98031448842,False,,,0.0
2045,-53.75,-106.25,45690.98031448842,False,,,0.0
2046,-53.75,-103.75,45690.98031448842,False,,,0.0
2047,-53.75,-101.25,45690.98031448842,False,,,0.0
2048,-53.75,-98.75,45690.98031448842,False,,,0.0
2049,-53.75,-96.25,45690.98031448842,False,,,0.0
2050,-53.75,-93.75,45690.98031448842,False,,,0.0
2051,-53.75,-91.25,45690.98031448842,False,,,0.0
2052,-53.75,-88.75,45690.98031448842,False,,,0.0
2053,-53.75,-86.25,45690.98031448842,False,,,0.0
2054,-53.75,-83.75,45690.98031448842,False,,,0.0
2055,-53.75,-81.25,45690.98031448842,False,,,0.0
2056,-53.75,-78.75,45690.98031448842,False,,0.0,0.0
2057,-53.75,-76.25,45690.98031448842,False,,0.0,0.0
2058,-53.75,-73.75,45690.98031448935,True,,2.0,22844.63
2059,-53.75,-71.25,45690.98031448842,True,0.0,2.0,103390.76
2060,-53.75,-68.75,45690.98031448842,True,-2.0,0.0,60920.906
2061,-53.75,-66.25,45690.98031448842,True,,0.0,100866.67
2062,-53.75,-63.75,45690.98031448842,False,,2.0,4364.763
2063,-53.75,-61.25,45690.98031448842,False,,2.0,0.0
2064,-53.75,-58.75,45690.98031448842,False,,0.0,0.0
2065,-53.75,-56.25,45690.98031448842,False,,0.0,0.0
2066,-53.75,-53.75,45690.98031448842,False,,,0.0
2067,-53.75,-51.25,45690.98031448842,False,,,0.0
2068,-53.75,-48.75,45690.98031448842,False,,,0.0
2069,-53.75,-46.25,45690.98031448842,False,,,0.0
2070,-53.75,-43.75,45690.98031448842,False,,0.0,0.0
2071,-53.75,-41.25,45690.98031448842,False,,0.0,0.0
2072,-53.75,-38.75,45690.98031448842,False,,0.0,0.0
2073,-53.75,-36.25,45690.98031448842,True,,0.0,0.0
2074,-53.75,-33.75,45690.98031448842,False,,0.0,0.0
2075,-53.75,-31.25,45690.98031448842,False,,0.0,0.0
2076,-53.75,-28.75,45690.98031448935,False,,,0.0
2077,-53.75,-26.25,45690.98031448842,False,,,0.0
2078,-53.75,-23.75,45690.98031448842,False,,,0.0
2079,-53.75,-21.25,45690.98031448842,False,,,0.0
2080,-53.75,-18.75,45690.98031448842,False,,,0.0
2081,-53.75,-16.25,45690.98031448842,False,,,0.0
2082,-53.75,-13.75,45690.98031448842,False,,,0.0
2083,-53.75,-11.25,45690.98031448842,False,,,0.0
2084,-53.75,-8.75,45690.98031448842,False,,,0.0
2085,-53.75,-6.25,45690.98031448842,False,,,0.0
2086,-53.75,-3.75,45690.98031448842,False,,,0.0
2087,-53.75,-1.25,45690.98031448842,False,,,0.0
2088,-53.75,1.25,45690.98031448847,False,,,0.0
2089,-53.75,3.75,45690.98031448847,False,,,0.0
2090,-53.75,6.25,45690.980314488465,False,,,0.0
2091,-53.75,8.75,45690.98031448848,False,,,0.0
2092,-53.75,11.25,45690.98031448848,False,,,0.0
2093,-53.75,13.75,45690.98031448845,False,,,0.0
2094,-53.75,16.25,45690.98031448848,False,,,0.0
2095,-53.75,18.75,45690.98031448848,False,,,0.0
2096,-53.75,21.25,45690.98031448848,False,,,0.0
2097,-53.75,23.75,45690.98031448848,False,,,0.0
2098,-53.75,26.25,45690.98031448848,False,,,0.0
2099,-53.75,28.75,45690.98031448842,False,,,0.0
2100,-53.75,31.25,45690.980314488545,False,,,0.0
2101,-53.75,33.75,45690.98031448842,False,,,0.0
2102,-53.75,36.25,45690.980314488545,False,,,0.0
2103,-53.75,38.75,45690.98031448842,False,,,0.0
2104,-53.75,41.25,45690.980314488545,False,,,0.0
2105,-53.75,43.75,45690.98031448842,False,,,0.0
2106,-53.75,46.25,45690.980314488545,False,,,0.0
2107,-53.75,48.75,45690.98031448842,False,,,0.0
2108,-53.75,51.25,45690.980314488545,False,,,0.0
2109,-53.75,53.75,45690.98031448842,False,,,0.0
2110,-53.75,56.25,45690.98031448842,False,,,0.0
2111,-53.75,58.75,45690.98031448842,False,,,0.0
2112,-53.75,61.25,45690.980314488654,False,,,0.0
2113,-53.75,63.75,45690.98031448842,False,,,0.0
2114,-53.75,66.25,45690.98031448842,False,,,0.0
2115,-53.75,68.75,45690.98031448842,False,,,0.0
2116,-53.75,71.25,45690.980314488654,False,,,0.0
2117,-53.75,73.75,45690.98031448842,True,,,0.0
2118,-53.75,76.25,45690.98031448842,False,,,0.0
2119,-53.75,78.75,45690.98031448842,False,,,0.0
2120,-53.75,81.25,45690.98031448842,False,,,0.0
2121,-53.75,83.75,45690.980314488654,False,,,0.0
2122,-53.75,86.25,45690.98031448842,False,,,0.0
2123,-53.75,88.75,45690.98031448842,False,,,0.0
2124,-53.75,91.25,45690.98031448842,False,,,0.0
2125,-53.75,93.75,45690.980314488654,False,,,0.0
2126,-53.75,96.25,45690.98031448842,False,,,0.0
2127,-53.75,98.75,45690.98031448842,False,,,0.0
2128,-53.75,101.25,45690.98031448842,False,,,0.0
2129,-53.75,103.75,45690.980314488654,False,,,0.0
2130,-53.75,106.25,45690.98031448842,False,,,0.0
2131,-53.75,108.75,45690.98031448842,False,,,0.0
2132,-53.75,111.25,45690.98031448842,False,,,0.0
2133,-53.75,113.75,45690.98031448842,False,,,0.0
2134,-53.75,116.25,45690.98031448842,False,,,0.0
2135,-53.75,118.75,45690.98031448842,False,,,0.0
2136,-53.75,121.25,45690.98031448889,False,,,0.0
2137,-53.75,123.75,45690.98031448842,False,,,0.0
2138,-53.75,126.25,45690.98031448842,False,,,0.0
2139,-53.75,128.75,45690.98031448842,False,,,0.0
2140,-53.75,131.25,45690.98031448842,False,,,0.0
2141,-53.75,133.75,45690.98031448842,False,,,0.0
2142,-53.75,136.25,45690.98031448842,False,,,0.0
2143,-53.75,138.75,45690.98031448842,False,,,0.0
2144,-53.75,141.25,45690.98031448842,False,,,0.0
2145,-53.75,143.75,45690.98031448889,False,,,0.0
2146,-53.75,146.25,45690.98031448842,False,,,0.0
2147,-53.75,148.75,45690.98031448842,False,,,0.0
2148,-53.75,151.25,45690.98031448842,False,,,0.0
2149,-53.75,153.75,45690.98031448842,False,,,0.0
2150,-53.75,156.25,45690.98031448842,False,,0.0,0.0
2151,-53.75,158.75,45690.98031448842,False,,0.0,0.0
2152,-53.75,161.25,45690.98031448842,False,,,0.0
2153,-53.75,163.75,45690.98031448842,False,,,0.0
2154,-53.75,166.25,45690.98031448889,False,,0.0,0.0
2155,-53.75,168.75,45690.98031448842,False,,0.0,0.0
2156,-53.75,171.25,45690.98031448842,False,,,0.0
2157,-53.75,173.75,45690.98031448842,False,,,0.0
2158,-53.75,176.25,45690.98031448842,False,,,0.0
2159,-53.75,178.75,45690.98031448842,False,,,0.0
2160,-51.25,-178.75,48365.61880071541,False,,,0.0
2161,-51.25,-176.25,48365.61880071541,False,,,0.0
2162,-51.25,-173.75,48365.61880071541,False,,,0.0
2163,-51.25,-171.25,48365.61880071591,False,,,0.0
2164,-51.25,-168.75,48365.61880071541,False,,,0.0
2165,-51.25,-166.25,48365.61880071541,False,,,0.0
2166,-51.25,-163.75,48365.61880071541,False,,,0.0
2167,-51.25,-161.25,48365.61880071541,False,,,0.0
2168,-51.25,-158.75,48365.61880071541,False,,,0.0
2169,-51.25,-156.25,48365.61880071541,False,,,0.0
2170,-51.25,-153.75,48365.61880071541,False,,,0.0
2171,-51.25,-151.25,48365.61880071591,False,,,0.0
2172,-51.25,-148.75,48365.61880071541,False,,,0.0
2173,-51.25,-146.25,48365.61880071541,False,,,0.0
2174,-51.25,-143.75,48365.61880071541,False,,,0.0
2175,-51.25,-141.25,48365.61880071541,False,,,0.0
2176,-51.25,-138.75,48365.61880071541,False,,,0.0
2177,-51.25,-136.25,48365.61880071541,False,,,0.0
2178,-51.25,-133.75,48365.61880071541,False,,,0.0
2179,-51.25,-131.25,48365.61880071541,False,,,0.0
2180,-51.25,-128.75,48365.61880071541,False,,,0.0
2181,-51.25,-126.25,48365.61880071541,False,,,0.0
2182,-51.25,-123.75,48365.61880071541,False,,,0.0
2183,-51.25,-121.25,48365.61880071541,False,,,0.0
2184,-51.25,-118.75,48365.61880071541,False,,,0.0
2185,-51.25,-116.25,48365.6188007164,False,,,0.0
2186,-51.25,-113.75,48365.61880071541,False,,,0.0
2187,-51.25,-111.25,48365.61880071541,False,,,0.0
2188,-51.25,-108.75,48365.61880071541,False,,,0.0
2189,-51.25,-106.25,48365.61880071541,False,,,0.0
2190,-51.25,-103.75,48365.61880071541,False,,,0.0
2191,-51.25,-101.25,48365.61880071541,False,,,0.0
2192,-51.25,-98.75,48365.61880071541,False,,,0.0
2193,-51.25,-96.25,48365.61880071541,False,,,0.0
2194,-51.25,-93.75,48365.61880071541,False,,,0.0
2195,-51.25,-91.25,48365.61880071541,False,,,0.0
2196,-51.25,-88.75,48365.61880071541,False,,,0.0
2197,-51.25,-86.25,48365.61880071541,False,,,0.0
2198,-51.25,-83.75,48365.61880071541,False,,,0.0
2199,-51.25,-81.25,48365.61880071541,False,,,0.0
2200,-51.25,-78.75,48365.61880071541,False,,0.0,0.0
2201,-51.25,-76.25,48365.61880071541,False,0.0,0.0,1335.9259
2202,-51.25,-73.75,48365.6188007164,True,,2.0,16509.229
2203,-51.25,-71.25,48365.61880071541,True,,2.0,126684.21
2204,-51.25,-68.75,48365.61880071541,True,0.0,0.0,56197.22
2205,-51.25,-66.25,48365.61880071541,False,,0.0,11.25372
2206,-51.25,-63.75,48365.61880071541,False,,2.0,0.0
2207,-51.25,-61.25,48365.61880071541,True,,2.0,76.56977
2208,-51.25,-58.75,48365.61880071541,True,0.0,0.0,492.721
2209,-51.25,-56.25,48365.61880071541,False,,0.0,2111.167
2210,-51.25,-53.75,48365.61880071541,False,,,0.0
2211,-51.25,-51.25,48365.61880071541,False,,,0.0
2212,-51.25,-48.75,48365.61880071541,False,,,0.0
2213,-51.25,-46.25,48365.61880071541,False,,,0.0
2214,-51.25,-43.75,48365.61880071541,False,,0.0,0.0
2215,-51.25,-41.25,48365.61880071541,False,,0.0,0.0
2216,-51.25,-38.75,48365.61880071541,False,,0.0,0.0
2217,-51.25,-36.25,48365.61880071541,False,,0.0,0.0
2218,-51.25,-33.75,48365.61880071541,False,,0.0,0.0
2219,-51.25,-31.25,48365.61880071541,False,,0.0,0.0
2220,-51.25,-28.75,48365.6188007164,False,,,0.0
2221,-51.25,-26.25,48365.61880071541,False,,,0.0
2222,-51.25,-23.75,48365.61880071541,False,,,0.0
2223,-51.25,-21.25,48365.61880071541,False,,,0.0
2224,-51.25,-18.75,48365.61880071541,False,,,0.0
2225,-51.25,-16.25,48365.61880071541,False,,,0.0
2226,-51.25,-13.75,48365.61880071541,False,,,0.0
2227,-51.25,-11.25,48365.61880071541,False,,,0.0
2228,-51.25,-8.75,48365.61880071541,False,,,0.0
2229,-51.25,-6.25,48365.61880071541,False,,,0.0
2230,-51.25,-3.75,48365.61880071541,False,,,0.0
2231,-51.25,-1.25,48365.61880071541,False,,,0.0
2232,-51.25,1.25,48365.61880071546,False,,,0.0
2233,-51.25,3.75,48365.61880071546,False,,,0.0
2234,-51.25,6.25,48365.618800715456,False,,,0.0
2235,-51.25,8.75,48365.61880071548,False,,,0.0
2236,-51.25,11.25,48365.61880071548,False,,,0.0
2237,-51.25,13.75,48365.61880071544,False,,,0.0
2238,-51.25,16.25,48365.61880071548,False,,,0.0
2239,-51.25,18.75,48365.61880071548,False,,,0.0
2240,-51.25,21.25,48365.61880071548,False,,,0.0
2241,-51.25,23.75,48365.61880071548,False,,,0.0
2242,-51.25,26.25,48365.61880071548,False,,,0.0
2243,-51.25,28.75,48365.61880071541,False,,,0.0
2244,-51.25,31.25,48365.618800715536,False,,,0.0
2245,-51.25,33.75,48365.61880071541,False,,,0.0
2246,-51.25,36.25,48365.618800715536,False,,,0.0
2247,-51.25,38.75,48365.61880071541,False,,,0.0
2248,-51.25,41.25,48365.618800715536,False,,,0.0
2249,-51.25,43.75,48365.61880071541,False,,,0.0
2250,-51.25,46.25,48365.618800715536,False,,,0.0
2251,-51.25,48.75,48365.61880071541,False,,,0.0
2252,-51.25,51.25,48365.618800715536,False,,,0.0
2253,-51.25,53.75,48365.61880071541,False,,,0.0
2254,-51.25,56.25,48365.61880071541,False,,,0.0
2255,-51.25,58.75,48365.61880071541,False,,,0.0
2256,-51.25,61.25,48365.61880071566,False,,,0.0
2257,-51.25,63.75,48365.61880071541,False,,,0.0
2258,-51.25,66.25,48365.61880071541,False,,,0.0
2259,-51.25,68.75,48365.61880071541,False,,,0.0
2260,-51.25,71.25,48365.61880071566,False,,,0.0
2261,-51.25,73.75,48365.61880071541,False,,,0.0
2262,-51.25,76.25,48365.61880071541,False,,,0.0
2263,-51.25,78.75,48365.61880071541,False,,,0.0
2264,-51.25,81.25,48365.61880071541,False,,,0.0
2265,-51.25,83.75,48365.61880071566,False,,,0.0
2266,-51.25,86.25,48365.61880071541,False,,,0.0
2267,-51.25,88.75,48365.61880071541,False,,,0.0
2268,-51.25,91.25,48365.61880071541,False,,,0.0
2269,-51.25,93.75,48365.61880071566,False,,,0.0
2270,-51.25,96.25,48365.61880071541,False,,,0.0
2271,-51.25,98.75,48365.61880071541,False,,,0.0
2272,-51.25,101.25,48365.61880071541,False,,,0.0
2273,-51.25,103.75,48365.61880071566,False,,,0.0
2274,-51.25,106.25,48365.61880071541,False,,,0.0
2275,-51.25,108.75,48365.61880071541,False,,,0.0
2276,-51.25,111.25,48365.61880071541,False,,,0.0
2277,-51.25,113.75,48365.61880071541,False,,,0.0
2278,-51.25,116.25,48365.61880071541,False,,,0.0
2279,-51.25,118.75,48365.61880071541,False,,,0.0
2280,-51.25,121.25,48365.61880071591,False,,,0.0
2281,-51.25,123.75,48365.61880071541,False,,,0.0
2282,-51.25,126.25,48365.61880071541,False,,,0.0
2283,-51.25,128.75,48365.61880071541,False,,,0.0
2284,-51.25,131.25,48365.61880071541,False,,,0.0
2285,-51.25,133.75,48365.61880071541,False,,,0.0
2286,-51.25,136.25,48365.61880071541,False,,,0.0
2287,-51.25,138.75,48365.61880071541,False,,,0.0
2288,-51.25,141.25,48365.61880071541,False,,,0.0
2289,-51.25,143.75,48365.61880071591,False,,,0.0
2290,-51.25,146.25,48365.61880071541,False,,,0.0
2291,-51.25,148.75,48365.61880071541,False,,,0.0
2292,-51.25,151.25,48365.61880071541,False,,,0.0
2293,-51.25,153.75,48365.61880071541,False,,,0.0
2294,-51.25,156.25,48365.61880071541,False,,0.0,0.0
2295,-51.25,158.75,48365.61880071541,False,,0.0,0.0
2296,-51.25,161.25,48365.61880071541,False,,,0.0
2297,-51.25,163.75,48365.61880071541,False,,,0.0
2298,-51.25,166.25,48365.61880071591,False,,0.0,0.0
2299,-51.25,168.75,48365.61880071541,False,,0.0,0.0
2300,-51.25,171.25,48365.61880071541,False,,,0.0
2301,-51.25,173.75,48365.61880071541,False,,,0.0
2302,-51.25,176.25,48365.61880071541,False,,,0.0
2303,-51.25,178.75,48365.61880071541,False,,,0.0
2304,-48.75,-178.75,50948.19058263299,False,,,0.0
2305,-48.75,-176.25,50948.19058263299,False,,,0.0
2306,-48.75,-173.75,50948.19058263299,False,,2.0,0.0
2307,-48.75,-171.25,50948.190582633506,False,,2.0,0.0
2308,-48.75,-168.75,50948.19058263299,False,,2.0,0.0
2309,-48.75,-166.25,50948.19058263299,False,,2.0,0.0
2310,-48.75,-163.75,50948.19058263299,False,,2.0,0.0
2311,-48.75,-161.25,50948.19058263299,False,,2.0,0.0
2312,-48.75,-158.75,50948.19058263299,False,,2.0,0.0
2313,-48.75,-156.25,50948.19058263299,False,,2.0,0.0
2314,-48.75,-153.75,50948.19058263299,False,,,0.0
2315,-48.75,-151.25,50948.190582633506,False,,,0.0
2316,-48.75,-148.75,50948.19058263299,False,,,0.0
2317,-48.75,-146.25,50948.19058263299,False,,,0.0
2318,-48.75,-143.75,50948.19058263299,False,,,0.0
2319,-48.75,-141.25,50948.19058263299,False,,,0.0
2320,-48.75,-138.75,50948.19058263299,False,,,0.0
2321,-48.75,-136.25,50948.19058263299,False,,,0.0
2322,-48.75,-133.75,50948.19058263299,False,,,0.0
2323,-48.75,-131.25,50948.19058263299,False,,,0.0
2324,-48.75,-128.75,50948.19058263299,False,,,0.0
2325,-48.75,-126.25,50948.19058263299,False,,,0.0
2326,-48.75,-123.75,50948.19058263299,False,,,0.0
2327,-48.75,-121.25,50948.19058263299,False,,,0.0
2328,-48.75,-118.75,50948.19058263299,False,,,0.0
2329,-48.75,-116.25,50948.19058263403,False,,,0.0
2330,-48.75,-113.75,50948.19058263299,False,,,0.0
2331,-48.75,-111.25,50948.19058263299,False,,,0.0
2332,-48.75,-108.75,50948.19058263299,False,,,0.0
2333,-48.75,-106.25,50948.19058263299,False,,,0.0
2334,-48.75,-103.75,50948.19058263299,False,,,0.0
2335,-48.75,-101.25,50948.19058263299,False,,,0.0
2336,-48.75,-98.75,50948.19058263299,False,,,0.0
2337,-48.75,-96.25,50948.19058263299,False,,,0.0
2338,-48.75,-93.75,50948.19058263299,False,,,0.0
2339,-48.75,-91.25,50948.19058263299,False,,,0.0
2340,-48.75,-88.75,50948.19058263299,False,,,0.0
2341,-48.75,-86.25,50948.19058263299,False,,,0.0
2342,-48.75,-83.75,50948.19058263299,False,,,0.0
2343,-48.75,-81.25,50948.19058263299,False,,,0.0
2344,-48.75,-78.75,50948.19058263299,False,,0.0,0.0
2345,-48.75,-76.25,50948.19058263299,True,,0.0,2335.3394
2346,-48.75,-73.75,50948.19058263403,True,,2.0,7688.191
2347,-48.75,-71.25,50948.19058263299,True,0.0,2.0,38532.4
2348,-48.75,-68.75,50948.19058263299,True,0.0,2.0,31433.543
2349,-48.75,-66.25,50948.19058263299,True,0.0,2.0,19120.387
2350,-48.75,-63.75,50948.19058263299,False,,2.0,0.0
2351,-48.75,-61.25,50948.19058263299,False,,2.0,0.0
2352,-48.75,-58.75,50948.19058263299,False,,2.0,0.0
2353,-48.75,-56.25,50948.19058263299,False,,2.0,0.0
2354,-48.75,-53.75,50948.19058263299,False,,3.0,0.0
2355,-48.75,-51.25,50948.19058263299,False,,3.0,0.0
2356,-48.75,-48.75,50948.19058263299,False,,,0.0
2357,-48.75,-46.25,50948.19058263299,False,,,0.0
2358,-48.75,-43.75,50948.19058263299,False,,,0.0
2359,-48.75,-41.25,50948.19058263299,False,,,0.0
2360,-48.75,-38.75,50948.19058263299,False,,,0.0
2361,-48.75,-36.25,50948.19058263299,False,,,0.0
2362,-48.75,-33.75,50948.19058263299,False,,,0.0
2363,-48.75,-31.25,50948.19058263299,False,,,0.0
2364,-48.75,-28.75,50948.19058263403,False,,,0.0
2365,-48.75,-26.25,50948.19058263299,False,,,0.0
2366,-48.75,-23.75,50948.19058263299,False,,,0.0
2367,-48.75,-21.25,50948.19058263299,False,,,0.0
2368,-48.75,-18.75,50948.19058263299,False,,,0.0
2369,-48.75,-16.25,50948.19058263299,False,,,0.0
2370,-48.75,-13.75,50948.19058263299,False,,,0.0
2371,-48.75,-11.25,50948.19058263299,False,,,0.0
2372,-48.75,-8.75,50948.19058263299,False,,,0.0
2373,-48.75,-6.25,50948.19058263299,False,,,0.0
2374,-48.75,-3.75,50948.19058263299,False,,,0.0
2375,-48.75,-1.25,50948.19058263299,False,,,0.0
2376,-48.75,1.25,50948.19058263305,False,,,0.0
2377,-48.75,3.75,50948.19058263305,False,,,0.0
2378,-48.75,6.25,50948.19058263304,False,,,0.0
2379,-48.75,8.75,50948.190582633055,False,,,0.0
2380,-48.75,11.25,50948.190582633055,False,,,0.0
2381,-48.75,13.75,50948.190582633026,False,,,0.0
2382,-48.75,16.25,50948.190582633055,False,,,0.0
2383,-48.75,18.75,50948.190582633055,False,,,0.0
2384,-48.75,21.25,50948.190582633055,False,,,0.0
2385,-48.75,23.75,50948.190582633055,False,,,0.0
2386,-48.75,26.25,50948.190582633055,False,,,0.0
2387,-48.75,28.75,50948.19058263299,False,,,0.0
2388,-48.75,31.25,50948.19058263312,False,,,0.0
2389,-48.75,33.75,50948.19058263299,False,,,0.0
2390,-48.75,36.25,50948.19058263312,False,,2.0,0.0
2391,-48.75,38.75,50948.19058263299,False,,2.0,0.0
2392,-48.75,41.25,50948.19058263312,False,,,0.0
2393,-48.75,43.75,50948.19058263299,False,,,0.0
2394,-48.75,46.25,50948.19058263312,False,,,0.0
2395,-48.75,48.75,50948.19058263299,False,,,0.0
2396,-48.75,51.25,50948.19058263312,False,,2.0,0.0
2397,-48.75,53.75,50948.19058263299,False,,2.0,0.0
2398,-48.75,56.25,50948.19058263299,False,,,0.0
2399,-48.75,58.75,50948.19058263299,False,,,0.0
2400,-48.75,61.25,50948.19058263325,False,,,0.0
2401,-48.75,63.75,50948.19058263299,False,,,0.0
2402,-48.75,66.25,50948.19058263299,False,,,0.0
2403,-48.75,68.75,50948.19058263299,True,,,0.0
2404,-48.75,71.25,50948.19058263325,False,,2.0,0.0
2405,-48.75,73.75,50948.19058263299,False,,2.0,0.0
2406,-48.75,76.25,50948.19058263299,False,,,0.0
2407,-48.75,78.75,50948.19058263299,False,,,0.0
2408,-48.75,81.25,50948.19058263299,False,,,0.0
2409,-48.75,83.75,50948.19058263325,False,,,0.0
2410,-48.75,86.25,50948.19058263299,False,,,0.0
2411,-48.75,88.75,50948.19058263299,False,,,0.0
2412,-48.75,91.25,50948.19058263299,False,,,0.0
2413,-48.75,93.75,50948.19058263325,False,,,0.0
2414,-48.75,96.25,50948.19058263299,False,,,0.0
2415,-48.75,98.75,50948.19058263299,False,,,0.0
2416,-48.75,101.25,50948.19058263299,False,,,0.0
2417,-48.75,103.75,50948.19058263325,False,,,0.0
2418,-48.75,106.25,50948.19058263299,False,,,0.0
2419,-48.75,108.75,50948.19058263299,False,,,0.0
2420,-48.75,111.25,50948.19058263299,False,,,0.0
2421,-48.75,113.75,50948.19058263299,False,,,0.0
2422,-48.75,116.25,50948.19058263299,False,,,0.0
2423,-48.75,118.75,50948.19058263299,False,,,0.0
2424,-48.75,121.25,50948.190582633506,False,,,0.0
2425,-48.75,123.75,50948.19058263299,False,,,0.0
2426,-48.75,126.25,50948.19058263299,False,,,0.0
2427,-48.75,128.75,50948.19058263299,False,,,0.0
2428,-48.75,131.25,50948.19058263299,False,,,0.0
2429,-48.75,133.75,50948.19058263299,False,,,0.0
2430,-48.75,136.25,50948.19058263299,False,,,0.0
2431,-48.75,138.75,50948.19058263299,False,,,0.0
2432,-48.75,141.25,50948.19058263299,False,,,0.0
2433,-48.75,143.75,50948.190582633506,False,,,0.0
2434,-48.75,146.25,50948.19058263299,False,,,0.0
2435,-48.75,148.75,50948.19058263299,False,,,0.0
2436,-48.75,151.25,50948.19058263299,False,,,0.0
2437,-48.75,153.75,50948.19058263299,False,,,0.0
2438,-48.75,156.25,50948.19058263299,False,,,0.0
2439,-48.75,158.75,50948.19058263299,False,,,0.0
2440,-48.75,161.25,50948.19058263299,False,,0.0,0.0
2441,-48.75,163.75,50948.19058263299,False,,0.0,0.0
2442,-48.75,166.25,50948.190582633506,False,,2.0,0.0
2443,-48.75,168.75,50948.19058263299,False,,2.0,0.0
2444,-48.75,171.25,50948.19058263299,False,,0.0,0.0
2445,-48.75,173.75,50948.19058263299,False,,0.0,0.0
2446,-48.75,176.25,50948.19058263299,False,,0.0,0.0
2447,-48.75,178.75,50948.19058263299,False,,0.0,0.0
2448,-46.25,-178.75,53433.77958807113,False,,,0.0
2449,-46.25,-176.25,53433.77958807113,False,,,0.0
2450,-46.25,-173.75,53433.77958807113,False,,2.0,0.0
2451,-46.25,-171.25,53433.77958807167,False,,2.0,0.0
2452,-46.25,-168.75,53433.77958807113,False,,2.0,0.0
2453,-46.25,-166.25,53433.77958807113,False,,2.0,0.0
2454,-46.25,-163.75,53433.77958807113,False,,2.0,0.0
2455,-46.25,-161.25,53433.77958807113,False,,2.0,0.0
2456,-46.25,-158.75,53433.77958807113,False,,2.0,0.0
2457,-46.25,-156.25,53433.77958807113,False,,2.0,0.0
2458,-46.25,-153.75,53433.77958807113,False,,,0.0
2459,-46.25,-151.25,53433.77958807167,False,,,0.0
2460,-46.25,-148.75,53433.77958807113,False,,,0.0
2461,-46.25,-146.25,53433.77958807113,False,,,0.0
2462,-46.25,-143.75,53433.77958807113,False,,,0.0
2463,-46.25,-141.25,53433.77958807113,False,,,0.0
2464,-46.25,-138.75,53433.77958807113,False,,,0.0
2465,-46.25,-136.25,53433.77958807113,False,,,0.0
2466,-46.25,-133.75,53433.77958807113,False,,,0.0
2467,-46.25,-131.25,53433.77958807113,False,,,0.0
2468,-46.25,-128.75,53433.77958807113,False,,,0.0
2469,-46.25,-126.25,53433.77958807113,False,,,0.0
2470,-46.25,-123.75,53433.77958807113,False,,,0.0
2471,-46.25,-121.25,53433.77958807113,False,,,0.0
2472,-46.25,-118.75,53433.77958807113,False,,,0.0
2473,-46.25,-116.25,53433.77958807222,False,,,0.0
2474,-46.25,-113.75,53433.77958807113,False,,,0.0
2475,-46.25,-111.25,53433.77958807113,False,,,0.0
2476,-46.25,-108.75,53433.77958807113,False,,,0.0
2477,-46.25,-106.25,53433.77958807113,False,,,0.0
2478,-46.25,-103.75,53433.77958807113,False,,,0.0
2479,-46.25,-101.25,53433.77958807113,False,,,0.0
2480,-46.25,-98.75,53433.77958807113,False,,,0.0
2481,-46.25,-96.25,53433.77958807113,False,,,0.0
2482,-46.25,-93.75,53433.77958807113,False,,,0.0
2483,-46.25,-91.25,53433.77958807113,False,,,0.0
2484,-46.25,-88.75,53433.77958807113,False,,,0.0
2485,-46.25,-86.25,53433.77958807113,False,,,0.0
2486,-46.25,-83.75,53433.77958807113,False,,,0.0
2487,-46.25,-81.25,53433.77958807113,False,,,0.0
2488,-46.25,-78.75,53433.77958807113,False,,0.0,0.0
2489,-46.25,-76.25,53433.77958807113,True,,0.0,2209.0234
2490,-46.25,-73.75,53433.77958807222,True,-2.0,2.0,26713.768
2491,-46.25,-71.25,53433.77958807113,True,,2.0,97121.414
2492,-46.25,-68.75,53433.77958807113,True,,2.0,145925.9
2493,-46.25,-66.25,53433.77958807113,True,0.0,2.0,193106.48
2494,-46.25,-63.75,53433.77958807113,False,,2.0,0.0
2495,-46.25,-61.25,53433.77958807113,False,,2.0,0.0
2496,-46.25,-58.75,53433.77958807113,False,,2.0,0.0
2497,-46.25,-56.25,53433.77958807113,False,,2.0,0.0
2498,-46.25,-53.75,53433.77958807113,False,,3.0,0.0
2499,-46.25,-51.25,53433.77958807113,False,,3.0,0.0
2500,-46.25,-48.75,53433.77958807113,False,,,0.0
2501,-46.25,-46.25,53433.77958807113,False,,,0.0
2502,-46.25,-43.75,53433.77958807113,False,,,0.0
2503,-46.25,-41.25,53433.77958807113,False,,,0.0
2504,-46.25,-38.75,53433.77958807113,False,,,0.0
2505,-46.25,-36.25,53433.77958807113,False,,,0.0
2506,-46.25,-33.75,53433.77958807113,False,,,0.0
2507,-46.25,-31.25,53433.77958807113,False,,,0.0
2508,-46.25,-28.75,53433.77958807222,False,,,0.0
2509,-46.25,-26.25,53433.77958807113,False,,,0.0
2510,-46.25,-23.75,53433.77958807113,False,,,0.0
2511,-46.25,-21.25,53433.77958807113,False,,,0.0
2512,-46.25,-18.75,53433.77958807113,False,,,0.0
2513,-46.25,-16.25,53433.77958807113,False,,,0.0
2514,-46.25,-13.75,53433.77958807113,False,,,0.0
2515,-46.25,-11.25,53433.77958807113,False,,,0.0
2516,-46.25,-8.75,53433.77958807113,False,,,0.0
2517,-46.25,-6.25,53433.77958807113,False,,,0.0
2518,-46.25,-3.75,53433.77958807113,False,,,0.0
2519,-46.25,-1.25,53433.77958807113,False,,,0.0
2520,-46.25,1.25,53433.779588071186,False,,,0.0
2521,-46.25,3.75,53433.779588071186,False,,,0.0
2522,-46.25,6.25,53433.77958807118,False,,,0.0
2523,-46.25,8.75,53433.77958807119,False,,,0.0
2524,-46.25,11.25,53433.77958807119,False,,,0.0
2525,-46.25,13.75,53433.779588071164,False,,,0.0
2526,-46.25,16.25,53433.77958807119,False,,,0.0
2527,-46.25,18.75,53433.77958807119,False,,,0.0
2528,-46.25,21.25,53433.77958807119,False,,,0.0
2529,-46.25,23.75,53433.77958807119,False,,,0.0
2530,-46.25,26.25,53433.77958807119,False,,,0.0
2531,-46.25,28.75,53433.77958807113,False,,,0.0
2532,-46.25,31.25,53433.779588071266,False,,,0.0
2533,-46.25,33.75,53433.77958807113,False,,,0.0
2534,-46.25,36.25,53433.779588071266,False,,2.0,0.0
2535,-46.25,38.75,53433.77958807113,False,,2.0,0.0
2536,-46.25,41.25,53433.779588071266,False,,,0.0
2537,-46.25,43.75,53433.77958807113,False,,,0.0
2538,-46.25,46.25,53433.779588071266,False,,,0.0
2539,-46.25,48.75,53433.77958807113,False,,,0.0
2540,-46.25,51.25,53433.779588071266,False,,2.0,0.0
2541,-46.25,53.75,53433.77958807113,False,,2.0,0.0
2542,-46.25,56.25,53433.77958807113,False,,,0.0
2543,-46.25,58.75,53433.77958807113,False,,,0.0
2544,-46.25,61.25,53433.7795880714,False,,,0.0
2545,-46.25,63.75,53433.77958807113,False,,,0.0
2546,-46.25,66.25,53433.77958807113,False,,,0.0
2547,-46.25,68.75,53433.77958807113,False,,,0.0
2548,-46.25,71.25,53433.7795880714,False,,2.0,0.0
2549,-46.25,73.75,53433.77958807113,False,,2.0,0.0
2550,-46.25,76.25,53433.77958807113,False,,,0.0
2551,-46.25,78.75,53433.77958807113,False,,,0.0
2552,-46.25,81.25,53433.77958807113,False,,,0.0
2553,-46.25,83.75,53433.7795880714,False,,,0.0
2554,-46.25,86.25,53433.77958807113,False,,,0.0
2555,-46.25,88.75,53433.77958807113,False,,,0.0
2556,-46.25,91.25,53433.77958807113,False,,,0.0
2557,-46.25,93.75,53433.7795880714,False,,,0.0
2558,-46.25,96.25,53433.77958807113,False,,,0.0
2559,-46.25,98.75,53433.77958807113,False,,,0.0
2560,-46.25,101.25,53433.77958807113,False,,,0.0
2561,-46.25,103.75,53433.7795880714,False,,,0.0
2562,-46.25,106.25,53433.77958807113,False,,,0.0
2563,-46.25,108.75,53433.77958807113,False,,,0.0
2564,-46.25,111.25,53433.77958807113,False,,,0.0
2565,-46.25,113.75,53433.77958807113,False,,,0.0
2566,-46.25,116.25,53433.77958807113,False,,,0.0
2567,-46.25,118.75,53433.77958807113,False,,,0.0
2568,-46.25,121.25,53433.77958807167,False,,,0.0
2569,-46.25,123.75,53433.77958807113,False,,,0.0
2570,-46.25,126.25,53433.77958807113,False,,,0.0
2571,-46.25,128.75,53433.77958807113,False,,,0.0
2572,-46.25,131.25,53433.77958807113,False,,,0.0
2573,-46.25,133.75,53433.77958807113,False,,,0.0
2574,-46.25,136.25,53433.77958807113,False,,,0.0
2575,-46.25,138.75,53433.77958807113,False,,,0.0
2576,-46.25,141.25,53433.77958807113,False,,,0.0
2577,-46.25,143.75,53433.77958807167,False,,,0.0
2578,-46.25,146.25,53433.77958807113,False,,,0.0
2579,-46.25,148.75,53433.77958807113,False,,,0.0
2580,-46.25,151.25,53433.77958807113,False,,,0.0
2581,-46.25,153.75,53433.77958807113,False,,,0.0
2582,-46.25,156.25,53433.77958807113,False,,,0.0
2583,-46.25,158.75,53433.77958807113,False,,,0.0
2584,-46.25,161.25,53433.77958807113,False,,0.0,0.0
2585,-46.25,163.75,53433.77958807113,False,,0.0,0.0
2586,-46.25,166.25,53433.77958807167,True,,2.0,9.356443
2587,-46.25,168.75,53433.77958807113,True,0.0,2.0,143890.7
2588,-46.25,171.25,53433.77958807113,True,0.0,0.0,142899.75
2589,-46.25,173.75,53433.77958807113,False,,0.0,0.0
2590,-46.25,176.25,53433.77958807113,False,,0.0,0.0
2591,-46.25,178.75,53433.77958807113,False,,0.0,0.0
2592,-43.75,-178.75,55817.654357085274,False,,0.0,0.0
2593,-43.75,-176.25,55817.654357085274,True,,0.0,591.133
2594,-43.75,-173.75,55817.654357085274,False,,2.0,0.0
2595,-43.75,-171.25,55817.65435708585,False,,2.0,0.0
2596,-43.75,-168.75,55817.654357085274,False,,2.0,0.0
2597,-43.75,-166.25,55817.654357085274,False,,2.0,0.0
2598,-43.75,-163.75,55817.654357085274,False,,2.0,0.0
2599,-43.75,-161.25,55817.654357085274,False,,2.0,0.0
2600,-43.75,-158.75,55817.654357085274,False,,,0.0
2601,-43.75,-156.25,55817.654357085274,False,,,0.0
2602,-43.75,-153.75,55817.654357085274,False,,,0.0
2603,-43.75,-151.25,55817.65435708585,False,,,0.0
2604,-43.75,-148.75,55817.654357085274,False,,,0.0
2605,-43.75,-146.25,55817.654357085274,False,,,0.0
2606,-43.75,-143.75,55817.654357085274,False,,,0.0
2607,-43.75,-141.25,55817.654357085274,False,,,0.0
2608,-43.75,-138.75,55817.654357085274,False,,,0.0
2609,-43.75,-136.25,55817.654357085274,False,,,0.0
2610,-43.75,-133.75,55817.654357085274,False,,,0.0
2611,-43.75,-131.25,55817.654357085274,False,,,0.0
2612,-43.75,-128.75,55817.654357085274,False,,,0.0
2613,-43.75,-126.25,55817.654357085274,False,,,0.0
2614,-43.75,-123.75,55817.654357085274,False,,,0.0
2615,-43.75,-121.25,55817.654357085274,False,,,0.0
2616,-43.75,-118.75,55817.654357085274,False,,,0.0
2617,-43.75,-116.25,55817.65435708641,False,,,0.0
2618,-43.75,-113.75,55817.654357085274,False,,,0.0
2619,-43.75,-111.25,55817.654357085274,False,,,0.0
2620,-43.75,-108.75,55817.654357085274,False,,,0.0
2621,-43.75,-106.25,55817.654357085274,False,,,0.0
2622,-43.75,-103.75,55817.654357085274,False,,,0.0
2623,-43.75,-101.25,55817.654357085274,False,,,0.0
2624,-43.75,-98.75,55817.654357085274,False,,,0.0
2625,-43.75,-96.25,55817.654357085274,False,,,0.0
2626,-43.75,-93.75,55817.654357085274,False,,,0.0
2627,-43.75,-91.25,55817.654357085274,False,,,0.0
2628,-43.75,-88.75,55817.654357085274,False,,,0.0
2629,-43.75,-86.25,55817.654357085274,False,,,0.0
2630,-43.75,-83.75,55817.654357085274,False,,,0.0
2631,-43.75,-81.25,55817.654357085274,False,,,0.0
2632,-43.75,-78.75,55817.654357085274,False,,,0.0
2633,-43.75,-76.25,55817.654357085274,False,,,67.71997
2634,-43.75,-73.75,55817.65435708641,True,,0.0,45106.734
2635,-43.75,-71.25,55817.654357085274,True,-2.0,0.0,53054.23
2636,-43.75,-68.75,55817.654357085274,True,,2.0,25831.268
2637,-43.75,-66.25,55817.654357085274,True,0.0,2.0,132830.33
2638,-43.75,-63.75,55817.654357085274,True,,0.0,28755.43
2639,-43.75,-61.25,55817.654357085274,False,,0.0,0.0
2640,-43.75,-58.75,55817.654357085274,False,,2.0,0.0
2641,-43.75,-56.25,55817.654357085274,False,,2.0,0.0
2642,-43.75,-53.75,55817.654357085274,False,,3.0,0.0
2643,-43.75,-51.25,55817.654357085274,False,,3.0,0.0
2644,-43.75,-48.75,55817.654357085274,False,,3.0,0.0
2645,-43.75,-46.25,55817.654357085274,False,,3.0,0.0
2646,-43.75,-43.75,55817.654357085274,False,,,0.0
2647,-43.75,-41.25,55817.654357085274,False,,,0.0
2648,-43.75,-38.75,55817.654357085274,False,,,0.0
2649,-43.75,-36.25,55817.654357085274,False,,,0.0
2650,-43.75,-33.75,55817.654357085274,False,,2.0,0.0
2651,-43.75,-31.25,55817.654357085274,False,,2.0,0.0
2652,-43.75,-28.75,55817.65435708641,False,,,0.0
2653,-43.75,-26.25,55817.654357085274,False,,,0.0
2654,-43.75,-23.75,55817.654357085274,False,,,0.0
2655,-43.75,-21.25,55817.654357085274,False,,,0.0
2656,-43.75,-18.75,55817.654357085274,False,,,0.0
2657,-43.75,-16.25,55817.654357085274,False,,,0.0
2658,-43.75,-13.75,55817.654357085274,False,,,0.0
2659,-43.75,-11.25,55817.654357085274,False,,,0.0
2660,-43.75,-8.75,55817.654357085274,False,,0.0,0.0
2661,-43.75,-6.25,55817.654357085274,False,,0.0,0.0
2662,-43.75,-3.75,55817.654357085274,False,,,0.0
2663,-43.75,-1.25,55817.654357085274,False,,,0.0
2664,-43.75,1.25,55817.65435708534,False,,,0.0
2665,-43.75,3.75,55817.65435708534,False,,,0.0
2666,-43.75,6.25,55817.65435708533,False,,,0.0
2667,-43.75,8.75,55817.65435708535,False,,,0.0
2668,-43.75,11.25,55817.65435708535,False,,,0.0
2669,-43.75,13.75,55817.65435708531,False,,,0.0
2670,-43.75,16.25,55817.65435708535,False,,,0.0
2671,-43.75,18.75,55817.65435708535,False,,,0.0
2672,-43.75,21.25,55817.65435708535,False,,,0.0
2673,-43.75,23.75,55817.65435708535,False,,,0.0
2674,-43.75,26.25,55817.65435708535,False,,,0.0
2675,-43.75,28.75,55817.654357085274,False,,,0.0
2676,-43.75,31.25,55817.65435708542,False,,,0.0
2677,-43.75,33.75,55817.654357085274,False,,,0.0
2678,-43.75,36.25,55817.65435708542,False,,,0.0
2679,-43.75,38.75,55817.654357085274,False,,,0.0
2680,-43.75,41.25,55817.65435708542,False,,,0.0
2681,-43.75,43.75,55817.654357085274,False,,,0.0
2682,-43.75,46.25,55817.65435708542,False,,,0.0
2683,-43.75,48.75,55817.654357085274,False,,,0.0
2684,-43.75,51.25,55817.65435708542,False,,,0.0
2685,-43.75,53.75,55817.654357085274,False,,,0.0
2686,-43.75,56.25,55817.654357085274,False,,,0.0
2687,-43.75,58.75,55817.654357085274,False,,,0.0
2688,-43.75,61.25,55817.654357085565,False,,,0.0
2689,-43.75,63.75,55817.654357085274,False,,,0.0
2690,-43.75,66.25,55817.654357085274,False,,,0.0
2691,-43.75,68.75,55817.654357085274,False,,,0.0
2692,-43.75,71.25,55817.654357085565,False,,,0.0
2693,-43.75,73.75,55817.654357085274,False,,,0.0
2694,-43.75,76.25,55817.654357085274,False,,,0.0
2695,-43.75,78.75,55817.654357085274,False,,,0.0
2696,-43.75,81.25,55817.654357085274,False,,,0.0
2697,-43.75,83.75,55817.654357085565,False,,,0.0
2698,-43.75,86.25,55817.654357085274,False,,,0.0
2699,-43.75,88.75,55817.654357085274,False,,,0.0
2700,-43.75,91.25,55817.654357085274,False,,,0.0
2701,-43.75,93.75,55817.654357085565,False,,,0.0
2702,-43.75,96.25,55817.654357085274,False,,,0.0
2703,-43.75,98.75,55817.654357085274,False,,,0.0
2704,-43.75,101.25,55817.654357085274,False,,,0.0
2705,-43.75,103.75,55817.654357085565,False,,,0.0
2706,-43.75,106.25,55817.654357085274,False,,,0.0
2707,-43.75,108.75,55817.654357085274,False,,,0.0
2708,-43.75,111.25,55817.654357085274,False,,,0.0
2709,-43.75,113.75,55817.654357085274,False,,,0.0
2710,-43.75,116.25,55817.654357085274,False,,,0.0
2711,-43.75,118.75,55817.654357085274,False,,,0.0
2712,-43.75,121.25,55817.65435708585,False,,,0.0
2713,-43.75,123.75,55817.654357085274,False,,,0.0
2714,-43.75,126.25,55817.654357085274,False,,,0.0
2715,-43.75,128.75,55817.654357085274,False,,,0.0
2716,-43.75,131.25,55817.654357085274,False,,3.0,0.0
2717,-43.75,133.75,55817.654357085274,False,,3.0,0.0
2718,-43.75,136.25,55817.654357085274,False,,,0.0
2719,-43.75,138.75,55817.654357085274,False,,,0.0
2720,-43.75,141.25,55817.654357085274,False,,,0.0
2721,-43.75,143.75,55817.65435708585,False,,,0.0
2722,-43.75,146.25,55817.654357085274,True,0.0,0.0,4141.476
2723,-43.75,148.75,55817.654357085274,True,0.0,0.0,25881.44
2724,-43.75,151.25,55817.654357085274,False,,2.0,0.0
2725,-43.75,153.75,55817.654357085274,False,,2.0,0.0
2726,-43.75,156.25,55817.654357085274,False,,2.0,0.0
2727,-43.75,158.75,55817.654357085274,False,,2.0,0.0
2728,-43.75,161.25,55817.654357085274,False,,2.0,0.0
2729,-43.75,163.75,55817.654357085274,False,,2.0,0.0
2730,-43.75,166.25,55817.65435708585,True,,0.0,0.0
2731,-43.75,168.75,55817.654357085274,True,0.0,0.0,20978.219
2732,-43.75,171.25,55817.654357085274,True,0.0,0.0,98448.89
2733,-43.75,173.75,55817.654357085274,True,0.0,0.0,456174.4
2734,-43.75,176.25,55817.654357085274,False,,0.0,0.0
2735,-43.75,178.75,55817.654357085274,False,,0.0,0.0
2736,-41.25,-178.75,58095.27704856318,False,,0.0,0.0
2737,-41.25,-176.25,58095.27704856318,False,,0.0,0.0
2738,-41.25,-173.75,58095.27704856318,False,,2.0,0.0
2739,-41.25,-171.25,58095.27704856377,False,,2.0,0.0
2740,-41.25,-168.75,58095.27704856318,False,,2.0,0.0
2741,-41.25,-166.25,58095.27704856318,False,,2.0,0.0
2742,-41.25,-163.75,58095.27704856318,False,,2.0,0.0
2743,-41.25,-161.25,58095.27704856318,False,,2.0,0.0
2744,-41.25,-158.75,58095.27704856318,False,,,0.0
2745,-41.25,-156.25,58095.27704856318,False,,,0.0
2746,-41.25,-153.75,58095.27704856318,False,,,0.0
2747,-41.25,-151.25,58095.27704856377,False,,,0.0
2748,-41.25,-148.75,58095.27704856318,False,,,0.0
2749,-41.25,-146.25,58095.27704856318,False,,,0.0
2750,-41.25,-143.75,58095.27704856318,False,,,0.0
2751,-41.25,-141.25,58095.27704856318,False,,,0.0
2752,-41.25,-138.75,58095.27704856318,False,,,0.0
2753,-41.25,-136.25,58095.27704856318,False,,,0.0
2754,-41.25,-133.75,58095.27704856318,False,,,0.0
2755,-41.25,-131.25,58095.27704856318,False,,,0.0
2756,-41.25,-128.75,58095.27704856318,False,,,0.0
2757,-41.25,-126.25,58095.27704856318,False,,,0.0
2758,-41.25,-123.75,58095.27704856318,False,,,0.0
2759,-41.25,-121.25,58095.27704856318,False,,,0.0
2760,-41.25,-118.75,58095.27704856318,False,,,0.0
2761,-41.25,-116.25,58095.277048564356,False,,,0.0
2762,-41.25,-113.75,58095.27704856318,False,,,0.0
2763,-41.25,-111.25,58095.27704856318,False,,,0.0
2764,-41.25,-108.75,58095.27704856318,False,,,0.0
2765,-41.25,-106.25,58095.27704856318,False,,,0.0
2766,-41.25,-103.75,58095.27704856318,False,,,0.0
2767,-41.25,-101.25,58095.27704856318,False,,,0.0
2768,-41.25,-98.75,58095.27704856318,False,,,0.0
2769,-41.25,-96.25,58095.27704856318,False,,,0.0
2770,-41.25,-93.75,58095.27704856318,False,,,0.0
2771,-41.25,-91.25,58095.27704856318,False,,,0.0
2772,-41.25,-88.75,58095.27704856318,False,,,0.0
2773,-41.25,-86.25,58095.27704856318,False,,,0.0
2774,-41.25,-83.75,58095.27704856318,False,,,0.0
2775,-41.25,-81.25,58095.27704856318,False,,,0.0
2776,-41.25,-78.75,58095.27704856318,False,,,0.0
2777,-41.25,-76.25,58095.27704856318,False,,,0.0
2778,-41.25,-73.75,58095.277048564356,True,-2.0,0.0,633555.1
2779,-41.25,-71.25,58095.27704856318,True,0.0,0.0,751502.2
2780,-41.25,-68.75,58095.27704856318,True,0.0,2.0,29477.236
2781,-41.25,-66.25,58095.27704856318,True,0.0,2.0,141454.72
2782,-41.25,-63.75,58095.27704856318,True,0.0,0.0,155614.97
2783,-41.25,-61.25,58095.27704856318,True,,0.0,17282.91
2784,-41.25,-58.75,58095.27704856318,False,,2.0,0.0
2785,-41.25,-56.25,58095.27704856318,False,,2.0,0.0
2786,-41.25,-53.75,58095.27704856318,False,,3.0,0.0
2787,-41.25,-51.25,58095.27704856318,False,,3.0,0.0
2788,-41.25,-48.75,58095.27704856318,False,,3.0,0.0
2789,-41.25,-46.25,58095.27704856318,False,,3.0,0.0
2790,-41.25,-43.75,58095.27704856318,False,,,0.0
2791,-41.25,-41.25,58095.27704856318,False,,,0.0
2792,-41.25,-38.75,58095.27704856318,False,,,0.0
2793,-41.25,-36.25,58095.27704856318,False,,,0.0
2794,-41.25,-33.75,58095.27704856318,False,,2.0,0.0
2795,-41.25,-31.25,58095.27704856318,False,,2.0,0.0
2796,-41.25,-28.75,58095.277048564356,False,,,0.0
2797,-41.25,-26.25,58095.27704856318,False,,,0.0
2798,-41.25,-23.75,58095.27704856318,False,,,0.0
2799,-41.25,-21.25,58095.27704856318,False,,,0.0
2800,-41.25,-18.75,58095.27704856318,False,,,0.0
2801,-41.25,-16.25,58095.27704856318,False,,,0.0
2802,-41.25,-13.75,58095.27704856318,False,,,0.0
2803,-41.25,-11.25,58095.27704856318,False,,,0.0
2804,-41.25,-8.75,58095.27704856318,False,,0.0,0.0
2805,-41.25,-6.25,58095.27704856318,False,,0.0,0.0
2806,-41.25,-3.75,58095.27704856318,False,,,0.0
2807,-41.25,-1.25,58095.27704856318,False,,,0.0
2808,-41.25,1.25,58095.277048563235,False,,,0.0
2809,-41.25,3.75,58095.277048563235,False,,,0.0
2810,-41.25,6.25,58095.27704856323,False,,,0.0
2811,-41.25,8.75,58095.27704856324,False,,,0.0
2812,-41.25,11.25,58095.27704856324,False,,,0.0
2813,-41.25,13.75,58095.27704856321,False,,,0.0
2814,-41.25,16.25,58095.27704856324,False,,,0.0
2815,-41.25,18.75,58095.27704856324,False,,,0.0
2816,-41.25,21.25,58095.27704856324,False,,,0.0
2817,-41.25,23.75,58095.27704856324,False,,,0.0
2818,-41.25,26.25,58095.27704856324,False,,,0.0
2819,-41.25,28.75,58095.27704856318,False,,,0.0
2820,-41.25,31.25,58095.277048563315,False,,,0.0
2821,-41.25,33.75,58095.27704856318,False,,,0.0
2822,-41.25,36.25,58095.277048563315,False,,,0.0
2823,-41.25,38.75,58095.27704856318,False,,,0.0
2824,-41.25,41.25,58095.277048563315,False,,,0.0
2825,-41.25,43.75,58095.27704856318,False,,,0.0
2826,-41.25,46.25,58095.277048563315,False,,,0.0
2827,-41.25,48.75,58095.27704856318,False,,,0.0
2828,-41.25,51.25,58095.277048563315,False,,,0.0
2829,-41.25,53.75,58095.27704856318,False,,,0.0
2830,-41.25,56.25,58095.27704856318,False,,,0.0
2831,-41.25,58.75,58095.27704856318,False,,,0.0
2832,-41.25,61.25,58095.27704856347,False,,,0.0
2833,-41.25,63.75,58095.27704856318,False,,,0.0
2834,-41.25,66.25,58095.27704856318,False,,,0.0
2835,-41.25,68.75,58095.27704856318,False,,,0.0
2836,-41.25,71.25,58095.27704856347,False,,,0.0
2837,-41.25,73.75,58095.27704856318,False,,,0.0
2838,-41.25,76.25,58095.27704856318,False,,,0.0
2839,-41.25,78.75,58095.27704856318,False,,,0.0
2840,-41.25,81.25,58095.27704856318,False,,,0.0
2841,-41.25,83.75,58095.27704856347,False,,,0.0
2842,-41.25,86.25,58095.27704856318,False,,,0.0
2843,-41.25,88.75,58095.27704856318,False,,,0.0
2844,-41.25,91.25,58095.27704856318,False,,,0.0
2845,-41.25,93.75,58095.27704856347,False,,,0.0
2846,-41.25,96.25,58095.27704856318,False,,,0.0
2847,-41.25,98.75,58095.27704856318,False,,,0.0
2848,-41.25,101.25,58095.27704856318,False,,,0.0
2849,-41.25,103.75,58095.27704856347,False,,,0.0
2850,-41.25,106.25,58095.27704856318,False,,,0.0
2851,-41.25,108.75,58095.27704856318,False,,,0.0
2852,-41.25,111.25,58095.27704856318,False,,,0.0
2853,-41.25,113.75,58095.27704856318,False,,,0.0
2854,-41.25,116.25,58095.27704856318,False,,,0.0
2855,-41.25,118.75,58095.27704856318,False,,,0.0
2856,-41.25,121.25,58095.27704856377,False,,,0.0
2857,-41.25,123.75,58095.27704856318,False,,,0.0
2858,-41.25,126.25,58095.27704856318,False,,,0.0
2859,-41.25,128.75,58095.27704856318,False,,,0.0
2860,-41.25,131.25,58095.27704856318,False,,3.0,0.0
2861,-41.25,133.75,58095.27704856318,False,,3.0,0.0
2862,-41.25,136.25,58095.27704856318,False,,,0.0
2863,-41.25,138.75,58095.27704856318,False,,,0.0
2864,-41.25,141.25,58095.27704856318,False,,,0.0
2865,-41.25,143.75,58095.27704856377,True,0.0,,1165.5256
2866,-41.25,146.25,58095.27704856318,True,0.0,0.0,134763.45
2867,-41.25,148.75,58095.27704856318,True,,0.0,326608.72
2868,-41.25,151.25,58095.27704856318,False,,2.0,0.0
2869,-41.25,153.75,58095.27704856318,False,,2.0,0.0
2870,-41.25,156.25,58095.27704856318,False,,2.0,0.0
2871,-41.25,158.75,58095.27704856318,False,,2.0,0.0
2872,-41.25,161.25,58095.27704856318,False,,2.0,0.0
2873,-41.25,163.75,58095.27704856318,False,,2.0,0.0
2874,-41.25,166.25,58095.27704856377,False,,0.0,0.0
2875,-41.25,168.75,58095.27704856318,False,,0.0,0.0
2876,-41.25,171.25,58095.27704856318,True,,0.0,30179.574
2877,-41.25,173.75,58095.27704856318,True,0.0,0.0,532782.75
2878,-41.25,176.25,58095.27704856318,True,0.0,0.0,289323.75
2879,-41.25,178.75,58095.27704856318,False,,0.0,0.0
2880,-38.75,-178.75,60262.3120782589,False,,0.0,0.0
2881,-38.75,-176.25,60262.3120782589,False,,0.0,0.0
2882,-38.75,-173.75,60262.3120782589,False,,2.0,0.0
2883,-38.75,-171.25,60262.312078259514,False,,2.0,0.0
2884,-38.75,-168.75,60262.3120782589,False,,2.0,0.0
2885,-38.75,-166.25,60262.3120782589,False,,2.0,0.0
2886,-38.75,-163.75,60262.3120782589,False,,2.0,0.0
2887,-38.75,-161.25,60262.3120782589,False,,2.0,0.0
2888,-38.75,-158.75,60262.3120782589,False,,3.0,0.0
2889,-38.75,-156.25,60262.3120782589,False,,3.0,0.0
2890,-38.75,-153.75,60262.3120782589,False,,3.0,0.0
2891,-38.75,-151.25,60262.312078259514,False,,3.0,0.0
2892,-38.75,-148.75,60262.3120782589,False,,3.0,0.0
2893,-38.75,-146.25,60262.3120782589,False,,3.0,0.0
2894,-38.75,-143.75,60262.3120782589,False,,3.0,0.0
2895,-38.75,-141.25,60262.3120782589,False,,3.0,0.0
2896,-38.75,-138.75,60262.3120782589,False,,,0.0
2897,-38.75,-136.25,60262.3120782589,False,,,0.0
2898,-38.75,-133.75,60262.3120782589,False,,,0.0
2899,-38.75,-131.25,60262.3120782589,False,,,0.0
2900,-38.75,-128.75,60262.3120782589,False,,,0.0
2901,-38.75,-126.25,60262.3120782589,False,,,0.0
2902,-38.75,-123.75,60262.3120782589,False,,,0.0
2903,-38.75,-121.25,60262.3120782589,False,,,0.0
2904,-38.75,-118.75,60262.3120782589,False,,,0.0
2905,-38.75,-116.25,60262.31207826013,False,,,0.0
2906,-38.75,-113.75,60262.3120782589,False,,,0.0
2907,-38.75,-111.25,60262.3120782589,False,,,0.0
2908,-38.75,-108.75,60262.3120782589,False,,,0.0
2909,-38.75,-106.25,60262.3120782589,False,,,0.0
2910,-38.75,-103.75,60262.3120782589,False,,,0.0
2911,-38.75,-101.25,60262.3120782589,False,,,0.0
2912,-38.75,-98.75,60262.3120782589,False,,,0.0
2913,-38.75,-96.25,60262.3120782589,False,,,0.0
2914,-38.75,-93.75,60262.3120782589,False,,,0.0
2915,-38.75,-91.25,60262.3120782589,False,,,0.0
2916,-38.75,-88.75,60262.3120782589,False,,,0.0
2917,-38.75,-86.25,60262.3120782589,False,,,0.0
2918,-38.75,-83.75,60262.3120782589,False,,,0.0
2919,-38.75,-81.25,60262.3120782589,False,,,0.0
2920,-38.75,-78.75,60262.3120782589,False,,2.0,0.0
2921,-38.75,-76.25,60262.3120782589,False,,2.0,0.0
2922,-38.75,-73.75,60262.31207826013,True,-2.0,0.0,299491.34
2923,-38.75,-71.25,60262.3120782589,True,,0.0,1137941.9
2924,-38.75,-68.75,60262.3120782589,True,0.0,2.0,524024.7
2925,-38.75,-66.25,60262.3120782589,True,,2.0,320373.44
2926,-38.75,-63.75,60262.3120782589,True,0.0,2.0,40061.32
2927,-38.75,-61.25,60262.3120782589,True,0.0,2.0,526748.0
2928,-38.75,-58.75,60262.3120782589,True,0.0,2.0,141388.48
2929,-38.75,-56.25,60262.3120782589,True,,2.0,266021.9
2930,-38.75,-53.75,60262.3120782589,False,,3.0,0.0
2931,-38.75,-51.25,60262.3120782589,False,,3.0,0.0
2932,-38.75,-48.75,60262.3120782589,False,,3.0,0.0
2933,-38.75,-46.25,60262.3120782589,False,,3.0,0.0
2934,-38.75,-43.75,60262.3120782589,False,,2.0,0.0
2935,-38.75,-41.25,60262.3120782589,False,,2.0,0.0
2936,-38.75,-38.75,60262.3120782589,False,,2.0,0.0
2937,-38.75,-36.25,60262.3120782589,False,,2.0,0.0
2938,-38.75,-33.75,60262.3120782589,False,,2.0,0.0
2939,-38.75,-31.25,60262.3120782589,False,,2.0,0.0
2940,-38.75,-28.75,60262.31207826013,False,,2.0,0.0
2941,-38.75,-26.25,60262.3120782589,False,,2.0,0.0
2942,-38.75,-23.75,60262.3120782589,False,,,0.0
2943,-38.75,-21.25,60262.3120782589,False,,,0.0
2944,-38.75,-18.75,60262.3120782589,False,,0.0,0.0
2945,-38.75,-16.25,60262.3120782589,False,,0.0,0.0
2946,-38.75,-13.75,60262.3120782589,False,,2.0,0.0
2947,-38.75,-11.25,60262.3120782589,False,,2.0,0.0
2948,-38.75,-8.75,60262.3120782589,False,,2.0,0.0
2949,-38.75,-6.25,60262.3120782589,False,,2.0,0.0
2950,-38.75,-3.75,60262.3120782589,False,,2.0,0.0
2951,-38.75,-1.25,60262.3120782589,False,,2.0,0.0
2952,-38.75,1.25,60262.31207825897,False,,2.0,0.0
2953,-38.75,3.75,60262.31207825897,False,,2.0,0.0
2954,-38.75,6.25,60262.31207825896,False,,2.0,0.0
2955,-38.75,8.75,60262.312078258976,False,,2.0,0.0
2956,-38.75,11.25,60262.312078258976,False,,2.0,0.0
2957,-38.75,13.75,60262.31207825895,False,,2.0,0.0
2958,-38.75,16.25,60262.312078258976,False,,2.0,0.0
2959,-38.75,18.75,60262.312078258976,False,,2.0,0.0
2960,-38.75,21.25,60262.312078258976,False,,2.0,0.0
2961,-38.75,23.75,60262.312078258976,False,,2.0,0.0
2962,-38.75,26.25,60262.312078258976,False,,0.0,0.0
2963,-38.75,28.75,60262.3120782589,False,,0.0,0.0
2964,-38.75,31.25,60262.312078259056,False,,0.0,0.0
2965,-38.75,33.75,60262.3120782589,False,,0.0,0.0
2966,-38.75,36.25,60262.312078259056,False,,2.0,0.0
2967,-38.75,38.75,60262.3120782589,False,,2.0,0.0
2968,-38.75,41.25,60262.312078259056,False,,2.0,0.0
2969,-38.75,43.75,60262.3120782589,False,,2.0,0.0
2970,-38.75,46.25,60262.312078259056,False,,2.0,0.0
2971,-38.75,48.75,60262.3120782589,False,,2.0,0.0
2972,-38.75,51.25,60262.312078259056,False,,2.0,0.0
2973,-38.75,53.75,60262.3120782589,False,,2.0,0.0
2974,-38.75,56.25,60262.3120782589,False,,2.0,0.0
2975,-38.75,58.75,60262.3120782589,False,,2.0,0.0
2976,-38.75,61.25,60262.31207825921,False,,2.0,0.0
2977,-38.75,63.75,60262.3120782589,False,,2.0,0.0
2978,-38.75,66.25,60262.3120782589,False,,2.0,0.0
2979,-38.75,68.75,60262.3120782589,False,,2.0,0.0
2980,-38.75,71.25,60262.31207825921,False,,2.0,0.0
2981,-38.75,73.75,60262.3120782589,False,,2.0,0.0
2982,-38.75,76.25,60262.3120782589,False,,2.0,0.0
2983,-38.75,78.75,60262.3120782589,False,,2.0,0.0
2984,-38.75,81.25,60262.3120782589,False,,2.0,0.0
2985,-38.75,83.75,60262.31207825921,False,,2.0,0.0
2986,-38.75,86.25,60262.3120782589,False,,2.0,0.0
2987,-38.75,88.75,60262.3120782589,False,,2.0,0.0
2988,-38.75,91.25,60262.3120782589,False,,2.0,0.0
2989,-38.75,93.75,60262.31207825921,False,,2.0,0.0
2990,-38.75,96.25,60262.3120782589,False,,2.0,0.0
2991,-38.75,98.75,60262.3120782589,False,,2.0,0.0
2992,-38.75,101.25,60262.3120782589,False,,2.0,0.0
2993,-38.75,103.75,60262.31207825921,False,,2.0,0.0
2994,-38.75,106.25,60262.3120782589,False,,2.0,0.0
2995,-38.75,108.75,60262.3120782589,False,,2.0,0.0
2996,-38.75,111.25,60262.3120782589,False,,2.0,0.0
2997,-38.75,113.75,60262.3120782589,False,,2.0,0.0
2998,-38.75,116.25,60262.3120782589,False,,2.0,0.0
2999,-38.75,118.75,60262.3120782589,False,,2.0,0.0
3000,-38.75,121.25,60262.312078259514,False,,2.0,0.0
3001,-38.75,123.75,60262.3120782589,False,,2.0,0.0
3002,-38.75,126.25,60262.3120782589,False,,2.0,0.0
3003,-38.75,128.75,60262.3120782589,False,,2.0,0.0
3004,-38.75,131.25,60262.3120782589,False,,2.0,0.0
3005,-38.75,133.75,60262.3120782589,False,,2.0,0.0
3006,-38.75,136.25,60262.3120782589,False,,3.0,0.0
3007,-38.75,138.75,60262.3120782589,False,,3.0,0.0
3008,-38.75,141.25,60262.3120782589,True,0.0,2.0,17386.715
3009,-38.75,143.75,60262.312078259514,True,-2.0,2.0,374847.4
3010,-38.75,146.25,60262.3120782589,True,,2.0,730639.1
3011,-38.75,148.75,60262.3120782589,True,0.0,2.0,18939.086
3012,-38.75,151.25,60262.3120782589,False,,2.0,0.0
3013,-38.75,153.75,60262.3120782589,False,,2.0,0.0
3014,-38.75,156.25,60262.3120782589,False,,2.0,0.0
3015,-38.75,158.75,60262.3120782589,False,,2.0,0.0
3016,-38.75,161.25,60262.3120782589,False,,2.0,0.0
3017,-38.75,163.75,60262.3120782589,False,,2.0,0.0
3018,-38.75,166.25,60262.312078259514,False,,2.0,0.0
3019,-38.75,168.75,60262.3120782589,False,,2.0,0.0
3020,-38.75,171.25,60262.3120782589,False,,2.0,0.0
3021,-38.75,173.75,60262.3120782589,True,0.0,2.0,122862.2
3022,-38.75,176.25,60262.3120782589,True,0.0,0.0,357047.06
3023,-38.75,178.75,60262.3120782589,True,0.0,0.0,56227.84
3024,-36.25,-178.75,62314.63437182832,False,,0.0,0.0
3025,-36.25,-176.25,62314.63437182832,False,,0.0,0.0
3026,-36.25,-173.75,62314.63437182832,False,,2.0,0.0
3027,-36.25,-171.25,62314.63437182895,False,,2.0,0.0
3028,-36.25,-168.75,62314.63437182832,False,,2.0,0.0
3029,-36.25,-166.25,62314.63437182832,False,,2.0,0.0
3030,-36.25,-163.75,62314.63437182832,False,,2.0,0.0
3031,-36.25,-161.25,62314.63437182832,False,,2.0,0.0
3032,-36.25,-158.75,62314.63437182832,False,,3.0,0.0
3033,-36.25,-156.25,62314.63437182832,False,,3.0,0.0
3034,-36.25,-153.75,62314.63437182832,False,,3.0,0.0
3035,-36.25,-151.25,62314.63437182895,False,,3.0,0.0
3036,-36.25,-148.75,62314.63437182832,False,,3.0,0.0
3037,-36.25,-146.25,62314.63437182832,False,,3.0,0.0
3038,-36.25,-143.75,62314.63437182832,False,,3.0,0.0
3039,-36.25,-141.25,62314.63437182832,False,,3.0,0.0
3040,-36.25,-138.75,62314.63437182832,False,,,0.0
3041,-36.25,-136.25,62314.63437182832,False,,,0.0
3042,-36.25,-133.75,62314.63437182832,False,,,0.0
3043,-36.25,-131.25,62314.63437182832,False,,,0.0
3044,-36.25,-128.75,62314.63437182832,False,,,0.0
3045,-36.25,-126.25,62314.63437182832,False,,,0.0
3046,-36.25,-123.75,62314.63437182832,False,,,0.0
3047,-36.25,-121.25,62314.63437182832,False,,,0.0
3048,-36.25,-118.75,62314.63437182832,False,,,0.0
3049,-36.25,-116.25,62314.63437182958,False,,,0.0
3050,-36.25,-113.75,62314.63437182832,False,,,0.0
3051,-36.25,-111.25,62314.63437182832,False,,,0.0
3052,-36.25,-108.75,62314.63437182832,False,,,0.0
3053,-36.25,-106.25,62314.63437182832,False,,,0.0
3054,-36.25,-103.75,62314.63437182832,False,,,0.0
3055,-36.25,-101.25,62314.63437182832,False,,,0.0
3056,-36.25,-98.75,62314.63437182832,False,,,0.0
3057,-36.25,-96.25,62314.63437182832,False,,,0.0
3058,-36.25,-93.75,62314.63437182832,False,,,0.0
3059,-36.25,-91.25,62314.63437182832,False,,,0.0
3060,-36.25,-88.75,62314.63437182832,False,,,0.0
3061,-36.25,-86.25,62314.63437182832,False,,,0.0
3062,-36.25,-83.75,62314.63437182832,False,,,0.0
3063,-36.25,-81.25,62314.63437182832,False,,,0.0
3064,-36.25,-78.75,62314.63437182832,False,,2.0,0.0
3065,-36.25,-76.25,62314.63437182832,False,,2.0,0.0
3066,-36.25,-73.75,62314.63437182958,True,-3.0,0.0,904688.75
3067,-36.25,-71.25,62314.63437182832,True,-2.0,0.0,2568366.0
3068,-36.25,-68.75,62314.63437182832,True,,2.0,157274.05
3069,-36.25,-66.25,62314.63437182832,True,,2.0,130995.19
3070,-36.25,-63.75,62314.63437182832,True,2.0,2.0,346747.66
3071,-36.25,-61.25,62314.63437182832,True,0.0,2.0,626849.44
3072,-36.25,-58.75,62314.63437182832,True,0.0,2.0,922076.9
3073,-36.25,-56.25,62314.63437182832,True,,2.0,931501.3
3074,-36.25,-53.75,62314.63437182832,False,,3.0,0.0
3075,-36.25,-51.25,62314.63437182832,False,,3.0,0.0
3076,-36.25,-48.75,62314.63437182832,False,,3.0,0.0
3077,-36.25,-46.25,62314.63437182832,False,,3.0,0.0
3078,-36.25,-43.75,62314.63437182832,False,,2.0,0.0
3079,-36.25,-41.25,62314.63437182832,False,,2.0,0.0
3080,-36.25,-38.75,62314.63437182832,False,,2.0,0.0
3081,-36.25,-36.25,62314.63437182832,False,,2.0,0.0
3082,-36.25,-33.75,62314.63437182832,False,,2.0,0.0
3083,-36.25,-31.25,62314.63437182832,False,,2.0,0.0
3084,-36.25,-28.75,62314.63437182958,False,,2.0,0.0
3085,-36.25,-26.25,62314.63437182832,False,,2.0,0.0
3086,-36.25,-23.75,62314.63437182832,False,,,0.0
3087,-36.25,-21.25,62314.63437182832,False,,,0.0
3088,-36.25,-18.75,62314.63437182832,False,,0.0,0.0
3089,-36.25,-16.25,62314.63437182832,False,,0.0,0.0
3090,-36.25,-13.75,62314.63437182832,False,,2.0,0.0
3091,-36.25,-11.25,62314.63437182832,False,,2.0,260.0597
3092,-36.25,-8.75,62314.63437182832,False,,2.0,0.0
3093,-36.25,-6.25,62314.63437182832,False,,2.0,0.0
3094,-36.25,-3.75,62314.63437182832,False,,2.0,0.0
3095,-36.25,-1.25,62314.63437182832,False,,2.0,0.0
3096,-36.25,1.25,62314.63437182839,False,,2.0,0.0
3097,-36.25,3.75,62314.63437182839,False,,2.0,0.0
3098,-36.25,6.25,62314.634371828375,False,,2.0,0.0
3099,-36.25,8.75,62314.6343718284,False,,2.0,0.0
3100,-36.25,11.25,62314.6343718284,False,,2.0,0.0
3101,-36.25,13.75,62314.63437182836,False,,2.0,0.0
3102,-36.25,16.25,62314.6343718284,False,,2.0,0.0
3103,-36.25,18.75,62314.6343718284,False,,2.0,0.0
3104,-36.25,21.25,62314.6343718284,False,,2.0,0.0
3105,-36.25,23.75,62314.6343718284,False,,2.0,0.0
3106,-36.25,26.25,62314.6343718284,False,,0.0,0.0
3107,-36.25,28.75,62314.63437182832,False,,0.0,0.0
3108,-36.25,31.25,62314.63437182848,False,,0.0,0.0
3109,-36.25,33.75,62314.63437182832,False,,0.0,0.0
3110,-36.25,36.25,62314.63437182848,False,,2.0,0.0
3111,-36.25,38.75,62314.63437182832,False,,2.0,0.0
3112,-36.25,41.25,62314.63437182848,False,,2.0,0.0
3113,-36.25,43.75,62314.63437182832,False,,2.0,0.0
3114,-36.25,46.25,62314.63437182848,False,,2.0,0.0
3115,-36.25,48.75,62314.63437182832,False,,2.0,0.0
3116,-36.25,51.25,62314.63437182848,False,,2.0,0.0
3117,-36.25,53.75,62314.63437182832,False,,2.0,0.0
3118,-36.25,56.25,62314.63437182832,False,,2.0,0.0
3119,-36.25,58.75,62314.63437182832,False,,2.0,0.0
3120,-36.25,61.25,62314.63437182863,False,,2.0,0.0
3121,-36.25,63.75,62314.63437182832,False,,2.0,0.0
3122,-36.25,66.25,62314.63437182832,False,,2.0,0.0
3123,-36.25,68.75,62314.63437182832,False,,2.0,0.0
3124,-36.25,71.25,62314.63437182863,False,,2.0,0.0
3125,-36.25,73.75,62314.63437182832,False,,2.0,0.0
3126,-36.25,76.25,62314.63437182832,False,,2.0,0.0
3127,-36.25,78.75,62314.63437182832,False,,2.0,0.0
3128,-36.25,81.25,62314.63437182832,False,,2.0,0.0
3129,-36.25,83.75,62314.63437182863,False,,2.0,0.0
3130,-36.25,86.25,62314.63437182832,False,,2.0,0.0
3131,-36.25,88.75,62314.63437182832,False,,2.0,0.0
3132,-36.25,91.25,62314.63437182832,False,,2.0,0.0
3133,-36.25,93.75,62314.63437182863,False,,2.0,0.0
3134,-36.25,96.25,62314.63437182832,False,,2.0,0.0
3135,-36.25,98.75,62314.63437182832,False,,2.0,0.0
3136,-36.25,101.25,62314.63437182832,False,,2.0,0.0
3137,-36.25,103.75,62314.63437182863,False,,2.0,0.0
3138,-36.25,106.25,62314.63437182832,False,,2.0,0.0
3139,-36.25,108.75,62314.63437182832,False,,2.0,0.0
3140,-36.25,111.25,62314.63437182832,False,,2.0,0.0
3141,-36.25,113.75,62314.63437182832,False,,2.0,0.0
3142,-36.25,116.25,62314.63437182832,True,0.0,2.0,126.1605
3143,-36.25,118.75,62314.63437182832,True,0.0,2.0,18560.014
3144,-36.25,121.25,62314.63437182895,False,,2.0,0.0
3145,-36.25,123.75,62314.63437182832,False,,2.0,0.0
3146,-36.25,126.25,62314.63437182832,False,,2.0,0.0
3147,-36.25,128.75,62314.63437182832,False,,2.0,0.0
3148,-36.25,131.25,62314.63437182832,False,,2.0,0.0
3149,-36.25,133.75,62314.63437182832,False,,2.0,0.0
3150,-36.25,136.25,62314.63437182832,True,0.0,3.0,329.92178
3151,-36.25,138.75,62314.63437182832,True,0.0,3.0,374438.62
3152,-36.25,141.25,62314.63437182832,True,-2.0,2.0,79094.38
3153,-36.25,143.75,62314.63437182895,True,0.0,2.0,1860061.5
3154,-36.25,146.25,62314.63437182832,True,0.0,2.0,2311040.2
3155,-36.25,148.75,62314.63437182832,True,0.0,2.0,605991.25
3156,-36.25,151.25,62314.63437182832,True,0.0,2.0,82008.85
3157,-36.25,153.75,62314.63437182832,False,,2.0,0.0
3158,-36.25,156.25,62314.63437182832,False,,2.0,0.0
3159,-36.25,158.75,62314.63437182832,False,,2.0,0.0
3160,-36.25,161.25,62314.63437182832,False,,2.0,0.0
3161,-36.25,163.75,62314.63437182832,False,,2.0,0.0
3162,-36.25,166.25,62314.63437182895,False,,2.0,0.0
3163,-36.25,168.75,62314.63437182832,False,,2.0,0.0
3164,-36.25,171.25,62314.63437182832,False,,2.0,0.0
3165,-36.25,173.75,62314.63437182832,True,-4.0,2.0,1681066.6
3166,-36.25,176.25,62314.63437182832,True,,0.0,532955.3
3167,-36.25,178.75,62314.63437182832,False,,0.0,8987.794
3168,-33.75,-178.75,64248.337217138105,False,,0.0,0.0
3169,-33.75,-176.25,64248.337217138105,False,,0.0,0.0
3170,-33.75,-173.75,64248.337217138105,False,,2.0,0.0
3171,-33.75,-171.25,64248.33721713876,False,,2.0,0.0
3172,-33.75,-168.75,64248.337217138105,False,,2.0,0.0
3173,-33.75,-166.25,64248.337217138105,False,,2.0,0.0
3174,-33.75,-163.75,64248.337217138105,False,,2.0,0.0
3175,-33.75,-161.25,64248.337217138105,False,,2.0,0.0
3176,-33.75,-158.75,64248.337217138105,False,,2.0,0.0
3177,-33.75,-156.25,64248.337217138105,False,,2.0,0.0
3178,-33.75,-153.75,64248.337217138105,False,,2.0,0.0
3179,-33.75,-151.25,64248.33721713876,False,,2.0,0.0
3180,-33.75,-148.75,64248.337217138105,False,,2.0,0.0
3181,-33.75,-146.25,64248.337217138105,False,,2.0,0.0
3182,-33.75,-143.75,64248.337217138105,False,,2.0,0.0
3183,-33.75,-141.25,64248.337217138105,False,,2.0,0.0
3184,-33.75,-138.75,64248.337217138105,False,,2.0,0.0
3185,-33.75,-136.25,64248.337217138105,False,,2.0,0.0
3186,-33.75,-133.75,64248.337217138105,False,,2.0,0.0
3187,-33.75,-131.25,64248.337217138105,False,,2.0,0.0
3188,-33.75,-128.75,64248.337217138105,False,,2.0,0.0
3189,-33.75,-126.25,64248.337217138105,False,,2.0,0.0
3190,-33.75,-123.75,64248.337217138105,False,,,0.0
3191,-33.75,-121.25,64248.337217138105,False,,,0.0
3192,-33.75,-118.75,64248.337217138105,False,,,0.0
3193,-33.75,-116.25,64248.33721713941,False,,,0.0
3194,-33.75,-113.75,64248.337217138105,False,,,0.0
3195,-33.75,-111.25,64248.337217138105,False,,,0.0
3196,-33.75,-108.75,64248.337217138105,False,,,0.0
3197,-33.75,-106.25,64248.337217138105,False,,,0.0
3198,-33.75,-103.75,64248.337217138105,False,,,0.0
3199,-33.75,-101.25,64248.337217138105,False,,,0.0
3200,-33.75,-98.75,64248.337217138105,False,,,0.0
3201,-33.75,-96.25,64248.337217138105,False,,,0.0
3202,-33.75,-93.75,64248.337217138105,False,,,0.0
3203,-33.75,-91.25,64248.337217138105,False,,,0.0
3204,-33.75,-88.75,64248.337217138105,False,,,0.0
3205,-33.75,-86.25,64248.337217138105,False,,,0.0
3206,-33.75,-83.75,64248.337217138105,False,,0.0,0.0
3207,-33.75,-81.25,64248.337217138105,False,,0.0,591.9621
3208,-33.75,-78.75,64248.337217138105,False,,0.0,578.9461
3209,-33.75,-76.25,64248.337217138105,False,,0.0,0.0
3210,-33.75,-73.75,64248.33721713941,False,,2.0,0.0
3211,-33.75,-71.25,64248.337217138105,True,0.0,2.0,11037950.0
3212,-33.75,-68.75,64248.337217138105,True,0.0,2.0,527580.44
3213,-33.75,-66.25,64248.337217138105,True,3.0,2.0,508483.03
3214,-33.75,-63.75,64248.337217138105,True,2.0,2.0,330138.34
3215,-33.75,-61.25,64248.337217138105,True,3.0,2.0,2275297.5
3216,-33.75,-58.75,64248.337217138105,True,3.0,2.0,16897020.0
3217,-33.75,-56.25,64248.337217138105,True,3.0,2.0,2625956.8
3218,-33.75,-53.75,64248.337217138105,True,3.0,2.0,316561.38
3219,-33.75,-51.25,64248.337217138105,True,,2.0,1115.729
3220,-33.75,-48.75,64248.337217138105,False,,2.0,0.0
3221,-33.75,-46.25,64248.337217138105,False,,2.0,0.0
3222,-33.75,-43.75,64248.337217138105,False,,2.0,0.0
3223,-33.75,-41.25,64248.337217138105,False,,2.0,0.0
3224,-33.75,-38.75,64248.337217138105,False,,2.0,0.0
3225,-33.75,-36.25,64248.337217138105,False,,2.0,0.0
3226,-33.75,-33.75,64248.337217138105,False,,2.0,0.0
3227,-33.75,-31.25,64248.337217138105,False,,2.0,0.0
3228,-33.75,-28.75,64248.33721713941,False,,2.0,0.0
3229,-33.75,-26.25,64248.337217138105,False,,2.0,0.0
3230,-33.75,-23.75,64248.337217138105,False,,2.0,0.0
3231,-33.75,-21.25,64248.337217138105,False,,2.0,0.0
3232,-33.75,-18.75,64248.337217138105,False,,2.0,0.0
3233,-33.75,-16.25,64248.337217138105,False,,2.0,0.0
3234,-33.75,-13.75,64248.337217138105,False,,2.0,0.0
3235,-33.75,-11.25,64248.337217138105,False,,2.0,0.0
3236,-33.75,-8.75,64248.337217138105,False,,2.0,0.0
3237,-33.75,-6.25,64248.337217138105,False,,2.0,0.0
3238,-33.75,-3.75,64248.337217138105,False,,2.0,0.0
3239,-33.75,-1.25,64248.337217138105,False,,2.0,0.0
3240,-33.75,1.25,64248.33721713818,False,,2.0,0.0
3241,-33.75,3.75,64248.33721713818,False,,2.0,0.0
3242,-33.75,6.25,64248.33721713817,False,,2.0,0.0
3243,-33.75,8.75,64248.337217138185,False,,2.0,0.0
3244,-33.75,11.25,64248.337217138185,False,,2.0,0.0
3245,-33.75,13.75,64248.33721713814,False,,2.0,0.0
3246,-33.75,16.25,64248.337217138185,False,,2.0,0.0
3247,-33.75,18.75,64248.337217138185,True,0.0,2.0,6080705.5
3248,-33.75,21.25,64248.337217138185,True,0.0,2.0,247790.83
3249,-33.75,23.75,64248.337217138185,True,0.0,2.0,850083.2
3250,-33.75,26.25,64248.337217138185,True,0.0,2.0,1538798.5
3251,-33.75,28.75,64248.337217138105,True,0.0,2.0,259811.6
3252,-33.75,31.25,64248.337217138265,False,,2.0,0.0
3253,-33.75,33.75,64248.337217138105,False,,2.0,0.0
3254,-33.75,36.25,64248.337217138265,False,,2.0,0.0
3255,-33.75,38.75,64248.337217138105,False,,2.0,0.0
3256,-33.75,41.25,64248.337217138265,False,,2.0,0.0
3257,-33.75,43.75,64248.337217138105,False,,2.0,0.0
3258,-33.75,46.25,64248.337217138265,False,,2.0,0.0
3259,-33.75,48.75,64248.337217138105,False,,2.0,0.0
3260,-33.75,51.25,64248.337217138265,False,,2.0,0.0
3261,-33.75,53.75,64248.337217138105,False,,2.0,0.0
3262,-33.75,56.25,64248.337217138105,False,,2.0,0.0
3263,-33.75,58.75,64248.337217138105,False,,2.0,0.0
3264,-33.75,61.25,64248.33721713843,False,,2.0,0.0
3265,-33.75,63.75,64248.337217138105,False,,2.0,0.0
3266,-33.75,66.25,64248.337217138105,False,,2.0,0.0
3267,-33.75,68.75,64248.337217138105,False,,2.0,0.0
3268,-33.75,71.25,64248.33721713843,False,,2.0,0.0
3269,-33.75,73.75,64248.337217138105,False,,2.0,0.0
3270,-33.75,76.25,64248.337217138105,False,,2.0,0.0
3271,-33.75,78.75,64248.337217138105,False,,2.0,0.0
3272,-33.75,81.25,64248.337217138105,False,,2.0,0.0
3273,-33.75,83.75,64248.33721713843,False,,2.0,0.0
3274,-33.75,86.25,64248.337217138105,False,,3.0,0.0
3275,-33.75,88.75,64248.337217138105,False,,3.0,0.0
3276,-33.75,91.25,64248.337217138105,False,,3.0,0.0
3277,-33.75,93.75,64248.33721713843,False,,3.0,0.0
3278,-33.75,96.25,64248.337217138105,False,,3.0,0.0
3279,-33.75,98.75,64248.337217138105,False,,3.0,0.0
3280,-33.75,101.25,64248.337217138105,False,,2.0,0.0
3281,-33.75,103.75,64248.33721713843,False,,2.0,0.0
3282,-33.75,106.25,64248.337217138105,False,,2.0,0.0
3283,-33.75,108.75,64248.337217138105,False,,2.0,0.0
3284,-33.75,111.25,64248.337217138105,False,,2.0,0.0
3285,-33.75,113.75,64248.337217138105,True,,2.0,572.5227
3286,-33.75,116.25,64248.337217138105,True,-2.0,2.0,155173.58
3287,-33.75,118.75,64248.337217138105,True,0.0,2.0,40169.66
3288,-33.75,121.25,64248.33721713876,True,0.0,2.0,14385.562
3289,-33.75,123.75,64248.337217138105,True,0.0,2.0,706.6761
3290,-33.75,126.25,64248.337217138105,True,,2.0,0.0
3291,-33.75,128.75,64248.337217138105,False,,2.0,0.0
3292,-33.75,131.25,64248.337217138105,False,,2.0,0.0
3293,-33.75,133.75,64248.337217138105,True,0.0,2.0,653.45917
3294,-33.75,136.25,64248.337217138105,True,0.0,2.0,27075.773
3295,-33.75,138.75,64248.337217138105,True,0.0,2.0,1061308.0
3296,-33.75,141.25,64248.337217138105,True,0.0,2.0,30551.05
3297,-33.75,143.75,64248.33721713876,True,0.0,2.0,62603.355
3298,-33.75,146.25,64248.337217138105,True,0.0,2.0,50697.07
3299,-33.75,148.75,64248.337217138105,True,0.0,2.0,233685.03
3300,-33.75,151.25,64248.337217138105,True,0.0,2.0,4866155.0
3301,-33.75,153.75,64248.337217138105,False,,2.0,0.0
3302,-33.75,156.25,64248.337217138105,False,,2.0,0.0
3303,-33.75,158.75,64248.337217138105,False,,2.0,0.0
3304,-33.75,161.25,64248.337217138105,False,,0.0,0.0
3305,-33.75,163.75,64248.337217138105,False,,0.0,0.0
3306,-33.75,166.25,64248.33721713876,False,,0.0,0.0
3307,-33.75,168.75,64248.337217138105,False,,0.0,0.0
3308,-33.75,171.25,64248.337217138105,False,,2.0,0.0
3309,-33.75,173.75,64248.337217138105,False,,2.0,5176.57
3310,-33.75,176.25,64248.337217138105,False,,0.0,0.0
3311,-33.75,178.75,64248.337217138105,False,,0.0,0.0
3312,-31.25,-178.75,66059.73970091897,False,,0.0,0.0
3313,-31.25,-176.25,66059.73970091897,False,,0.0,0.0
3314,-31.25,-173.75,66059.73970091897,False,,2.0,0.0
3315,-31.25,-171.25,66059.73970091964,False,,2.0,0.0
3316,-31.25,-168.75,66059.73970091897,False,,2.0,0.0
3317,-31.25,-166.25,66059.73970091897,False,,2.0,0.0
3318,-31.25,-163.75,66059.73970091897,False,,2.0,0.0
3319,-31.25,-161.25,66059.73970091897,False,,2.0,0.0
3320,-31.25,-158.75,66059.73970091897,False,,2.0,0.0
3321,-31.25,-156.25,66059.73970091897,False,,2.0,0.0
3322,-31.25,-153.75,66059.73970091897,False,,2.0,0.0
3323,-31.25,-151.25,66059.73970091964,False,,2.0,0.0
3324,-31.25,-148.75,66059.73970091897,False,,2.0,0.0
3325,-31.25,-146.25,66059.73970091897,False,,2.0,0.0
3326,-31.25,-143.75,66059.73970091897,False,,2.0,0.0
3327,-31.25,-141.25,66059.73970091897,False,,2.0,0.0
3328,-31.25,-138.75,66059.73970091897,False,,2.0,0.0
3329,-31.25,-136.25,66059.73970091897,False,,2.0,0.0
3330,-31.25,-133.75,66059.73970091897,False,,2.0,0.0
3331,-31.25,-131.25,66059.73970091897,False,,2.0,0.0
3332,-31.25,-128.75,66059.73970091897,False,,2.0,0.0
3333,-31.25,-126.25,66059.73970091897,False,,2.0,0.0
3334,-31.25,-123.75,66059.73970091897,False,,,0.0
3335,-31.25,-121.25,66059.73970091897,False,,,0.0
3336,-31.25,-118.75,66059.73970091897,False,,,0.0
3337,-31.25,-116.25,66059.73970092031,False,,,0.0
3338,-31.25,-113.75,66059.73970091897,False,,,0.0
3339,-31.25,-111.25,66059.73970091897,False,,,0.0
3340,-31.25,-108.75,66059.73970091897,False,,,0.0
3341,-31.25,-106.25,66059.73970091897,False,,,0.0
3342,-31.25,-103.75,66059.73970091897,False,,,0.0
3343,-31.25,-101.25,66059.73970091897,False,,,0.0
3344,-31.25,-98.75,66059.73970091897,False,,,0.0
3345,-31.25,-96.25,66059.73970091897,False,,,0.0
3346,-31.25,-93.75,66059.73970091897,False,,,0.0
3347,-31.25,-91.25,66059.73970091897,False,,,0.0
3348,-31.25,-88.75,66059.73970091897,False,,,0.0
3349,-31.25,-86.25,66059.73970091897,False,,,0.0
3350,-31.25,-83.75,66059.73970091897,False,,0.0,0.0
3351,-31.25,-81.25,66059.73970091897,False,,0.0,0.0
3352,-31.25,-78.75,66059.73970091897,False,,0.0,0.0
3353,-31.25,-76.25,66059.73970091897,False,,0.0,0.0
3354,-31.25,-73.75,66059.73970092031,False,,2.0,0.0
3355,-31.25,-71.25,66059.73970091897,True,,2.0,1520453.5
3356,-31.25,-68.75,66059.73970091897,True,0.0,2.0,1819224.2
3357,-31.25,-66.25,66059.73970091897,True,0.0,2.0,382152.28
3358,-31.25,-63.75,66059.73970091897,True,0.0,2.0,2702872.8
3359,-31.25,-61.25,66059.73970091897,True,3.0,2.0,2240746.8
3360,-31.25,-58.75,66059.73970091897,True,3.0,2.0,1068052.9
3361,-31.25,-56.25,66059.73970091897,True,0.0,2.0,587791.4
3362,-31.25,-53.75,66059.73970091897,True,3.0,2.0,531941.94
3363,-31.25,-51.25,66059.73970091897,True,3.0,2.0,2994004.5
3364,-31.25,-48.75,66059.73970091897,False,,2.0,0.0
3365,-31.25,-46.25,66059.73970091897,False,,2.0,0.0
3366,-31.25,-43.75,66059.73970091897,False,,2.0,0.0
3367,-31.25,-41.25,66059.73970091897,False,,2.0,0.0
3368,-31.25,-38.75,66059.73970091897,False,,2.0,0.0
3369,-31.25,-36.25,66059.73970091897,False,,2.0,0.0
3370,-31.25,-33.75,66059.73970091897,False,,2.0,0.0
3371,-31.25,-31.25,66059.73970091897,False,,2.0,0.0
3372,-31.25,-28.75,66059.73970092031,False,,2.0,0.0
3373,-31.25,-26.25,66059.73970091897,False,,2.0,0.0
3374,-31.25,-23.75,66059.73970091897,False,,2.0,0.0
3375,-31.25,-21.25,66059.73970091897,False,,2.0,0.0
3376,-31.25,-18.75,66059.73970091897,False,,2.0,0.0
3377,-31.25,-16.25,66059.73970091897,False,,2.0,0.0
3378,-31.25,-13.75,66059.73970091897,False,,2.0,0.0
3379,-31.25,-11.25,66059.73970091897,False,,2.0,0.0
3380,-31.25,-8.75,66059.73970091897,False,,2.0,0.0
3381,-31.25,-6.25,66059.73970091897,False,,2.0,0.0
3382,-31.25,-3.75,66059.73970091897,False,,2.0,0.0
3383,-31.25,-1.25,66059.73970091897,False,,2.0,0.0
3384,-31.25,1.25,66059.73970091905,False,,2.0,0.0
3385,-31.25,3.75,66059.73970091905,False,,2.0,0.0
3386,-31.25,6.25,66059.73970091903,False,,2.0,0.0
3387,-31.25,8.75,66059.73970091905,False,,2.0,0.0
3388,-31.25,11.25,66059.73970091905,False,,2.0,0.0
3389,-31.25,13.75,66059.73970091902,False,,2.0,0.0
3390,-31.25,16.25,66059.73970091905,True,,2.0,0.0
3391,-31.25,18.75,66059.73970091905,True,0.0,2.0,347728.8
3392,-31.25,21.25,66059.73970091905,True,0.0,2.0,30309.16
3393,-31.25,23.75,66059.73970091905,True,0.0,2.0,234442.72
3394,-31.25,26.25,66059.73970091905,True,0.0,2.0,633749.1
3395,-31.25,28.75,66059.73970091897,True,0.0,2.0,4841945.5
3396,-31.25,31.25,66059.73970091913,True,0.0,2.0,1155372.5
3397,-31.25,33.75,66059.73970091897,False,,2.0,0.0
3398,-31.25,36.25,66059.73970091913,False,,2.0,0.0
3399,-31.25,38.75,66059.73970091897,False,,2.0,0.0
3400,-31.25,41.25,66059.73970091913,False,,2.0,0.0
3401,-31.25,43.75,66059.73970091897,False,,2.0,0.0
3402,-31.25,46.25,66059.73970091913,False,,2.0,0.0
3403,-31.25,48.75,66059.73970091897,False,,2.0,0.0
3404,-31.25,51.25,66059.73970091913,False,,2.0,0.0
3405,-31.25,53.75,66059.73970091897,False,,2.0,0.0
3406,-31.25,56.25,66059.73970091897,False,,2.0,0.0
3407,-31.25,58.75,66059.73970091897,False,,2.0,0.0
3408,-31.25,61.25,66059.73970091931,False,,2.0,0.0
3409,-31.25,63.75,66059.73970091897,False,,2.0,0.0
3410,-31.25,66.25,66059.73970091897,False,,2.0,0.0
3411,-31.25,68.75,66059.73970091897,False,,2.0,0.0
3412,-31.25,71.25,66059.73970091931,False,,2.0,0.0
3413,-31.25,73.75,66059.73970091897,False,,2.0,0.0
3414,-31.25,76.25,66059.73970091897,False,,2.0,0.0
3415,-31.25,78.75,66059.73970091897,False,,2.0,0.0
3416,-31.25,81.25,66059.73970091897,False,,2.0,0.0
3417,-31.25,83.75,66059.73970091931,False,,2.0,0.0
3418,-31.25,86.25,66059.73970091897,False,,3.0,0.0
3419,-31.25,88.75,66059.73970091897,False,,3.0,0.0
3420,-31.25,91.25,66059.73970091897,False,,3.0,0.0
3421,-31.25,93.75,66059.73970091931,False,,3.0,0.0
3422,-31.25,96.25,66059.73970091897,False,,3.0,0.0
3423,-31.25,98.75,66059.73970091897,False,,3.0,0.0
3424,-31.25,101.25,66059.73970091897,False,,2.0,0.0
3425,-31.25,103.75,66059.73970091931,False,,2.0,0.0
3426,-31.25,106.25,66059.73970091897,False,,2.0,0.0
3427,-31.25,108.75,66059.73970091897,False,,2.0,0.0
3428,-31.25,111.25,66059.73970091897,False,,2.0,0.0
3429,-31.25,113.75,66059.73970091897,True,,2.0,259.2796
3430,-31.25,116.25,66059.73970091897,True,-2.0,2.0,1776538.0
3431,-31.25,118.75,66059.73970091897,True,0.0,2.0,25784.588
3432,-31.25,121.25,66059.73970091964,True,0.0,2.0,35705.24
3433,-31.25,123.75,66059.73970091897,True,0.0,2.0,450.48557
3434,-31.25,126.25,66059.73970091897,True,3.0,2.0,193.51411
3435,-31.25,128.75,66059.73970091897,True,0.0,2.0,206.1848
3436,-31.25,131.25,66059.73970091897,True,0.0,2.0,414.57816
3437,-31.25,133.75,66059.73970091897,True,0.0,2.0,5636.6562
3438,-31.25,136.25,66059.73970091897,True,0.0,2.0,5512.56
3439,-31.25,138.75,66059.73970091897,True,0.0,2.0,22068.178
3440,-31.25,141.25,66059.73970091897,True,0.0,2.0,18977.8
3441,-31.25,143.75,66059.73970091964,True,0.0,2.0,2414.8855
3442,-31.25,146.25,66059.73970091897,True,0.0,2.0,7850.9424
3443,-31.25,148.75,66059.73970091897,True,0.0,2.0,117607.0
3444,-31.25,151.25,66059.73970091897,True,0.0,2.0,585719.75
3445,-31.25,153.75,66059.73970091897,True,0.0,2.0,311159.16
3446,-31.25,156.25,66059.73970091897,False,,2.0,0.0
3447,-31.25,158.75,66059.73970091897,False,,2.0,360.1646
3448,-31.25,161.25,66059.73970091897,False,,0.0,0.0
3449,-31.25,163.75,66059.73970091897,False,,0.0,0.0
3450,-31.25,166.25,66059.73970091964,False,,0.0,0.0
3451,-31.25,168.75,66059.73970091897,False,,0.0,0.0
3452,-31.25,171.25,66059.73970091897,False,,2.0,0.0
3453,-31.25,173.75,66059.73970091897,False,,2.0,0.0
3454,-31.25,176.25,66059.73970091897,False,,0.0,0.0
3455,-31.25,178.75,66059.73970091897,False,,0.0,0.0
3456,-28.75,-178.75,67745.39371558835,False,,2.0,0.0
3457,-28.75,-176.25,67745.39371558835,False,,2.0,0.0
3458,-28.75,-173.75,67745.39371558835,False,,2.0,0.0
3459,-28.75,-171.25,67745.39371558903,False,,2.0,0.0
3460,-28.75,-168.75,67745.39371558835,False,,2.0,0.0
3461,-28.75,-166.25,67745.39371558835,False,,2.0,0.0
3462,-28.75,-163.75,67745.39371558835,False,,2.0,0.0
3463,-28.75,-161.25,67745.39371558835,False,,2.0,0.0
3464,-28.75,-158.75,67745.39371558835,False,,2.0,0.0
3465,-28.75,-156.25,67745.39371558835,False,,2.0,0.0
3466,-28.75,-153.75,67745.39371558835,False,,2.0,0.0
3467,-28.75,-151.25,67745.39371558903,False,,2.0,0.0
3468,-28.75,-148.75,67745.39371558835,False,,2.0,0.0
3469,-28.75,-146.25,67745.39371558835,False,,2.0,0.0
3470,-28.75,-143.75,67745.39371558835,False,,2.0,0.0
3471,-28.75,-141.25,67745.39371558835,False,,2.0,0.0
3472,-28.75,-138.75,67745.39371558835,False,,0.0,0.0
3473,-28.75,-136.25,67745.39371558835,False,,0.0,0.0
3474,-28.75,-133.75,67745.39371558835,False,,2.0,0.0
3475,-28.75,-131.25,67745.39371558835,False,,2.0,0.0
3476,-28.75,-128.75,67745.39371558835,False,,2.0,0.0
3477,-28.75,-126.25,67745.39371558835,False,,2.0,0.0
3478,-28.75,-123.75,67745.39371558835,False,,2.0,0.0
3479,-28.75,-121.25,67745.39371558835,False,,2.0,0.0
3480,-28.75,-118.75,67745.39371558835,False,,2.0,0.0
3481,-28.75,-116.25,67745.39371558971,False,,2.0,0.0
3482,-28.75,-113.75,67745.39371558835,False,,,0.0
3483,-28.75,-111.25,67745.39371558835,False,,,0.0
3484,-28.75,-108.75,67745.39371558835,False,,0.0,0.0
3485,-28.75,-106.25,67745.39371558835,False,,0.0,0.0
3486,-28.75,-103.75,67745.39371558835,False,,,0.0
3487,-28.75,-101.25,67745.39371558835,False,,,0.0
3488,-28.75,-98.75,67745.39371558835,False,,2.0,0.0
3489,-28.75,-96.25,67745.39371558835,False,,2.0,0.0
3490,-28.75,-93.75,67745.39371558835,False,,0.0,0.0
3491,-28.75,-91.25,67745.39371558835,False,,0.0,0.0
3492,-28.75,-88.75,67745.39371558835,False,,,0.0
3493,-28.75,-86.25,67745.39371558835,False,,,0.0
3494,-28.75,-83.75,67745.39371558835,False,,0.0,0.0
3495,-28.75,-81.25,67745.39371558835,False,,0.0,0.0
3496,-28.75,-78.75,67745.39371558835,False,,0.0,0.0
3497,-28.75,-76.25,67745.39371558835,False,,0.0,0.0
3498,-28.75,-73.75,67745.39371558971,False,,0.0,0.0
3499,-28.75,-71.25,67745.39371558835,True,0.0,0.0,384133.7
3500,-28.75,-68.75,67745.39371558835,True,0.0,2.0,32512.625
3501,-28.75,-66.25,67745.39371558835,True,0.0,2.0,631356.44
3502,-28.75,-63.75,67745.39371558835,True,0.0,0.0,234915.14
3503,-28.75,-61.25,67745.39371558835,True,0.0,0.0,185116.98
3504,-28.75,-58.75,67745.39371558835,True,0.0,0.0,501927.94
3505,-28.75,-56.25,67745.39371558835,True,4.0,0.0,560133.6
3506,-28.75,-53.75,67745.39371558835,True,3.0,2.0,1060146.8
3507,-28.75,-51.25,67745.39371558835,True,3.0,2.0,5373297.5
3508,-28.75,-48.75,67745.39371558835,True,3.0,2.0,1161677.9
3509,-28.75,-46.25,67745.39371558835,False,,2.0,0.0
3510,-28.75,-43.75,67745.39371558835,False,,0.0,0.0
3511,-28.75,-41.25,67745.39371558835,False,,0.0,0.0
3512,-28.75,-38.75,67745.39371558835,False,,2.0,0.0
3513,-28.75,-36.25,67745.39371558835,False,,2.0,0.0
3514,-28.75,-33.75,67745.39371558835,False,,2.0,0.0
3515,-28.75,-31.25,67745.39371558835,False,,2.0,0.0
3516,-28.75,-28.75,67745.39371558971,False,,2.0,0.0
3517,-28.75,-26.25,67745.39371558835,False,,2.0,0.0
3518,-28.75,-23.75,67745.39371558835,False,,2.0,0.0
3519,-28.75,-21.25,67745.39371558835,False,,2.0,0.0
3520,-28.75,-18.75,67745.39371558835,False,,2.0,0.0
3521,-28.75,-16.25,67745.39371558835,False,,2.0,0.0
3522,-28.75,-13.75,67745.39371558835,False,,2.0,0.0
3523,-28.75,-11.25,67745.39371558835,False,,2.0,0.0
3524,-28.75,-8.75,67745.39371558835,False,,2.0,0.0
3525,-28.75,-6.25,67745.39371558835,False,,2.0,0.0
3526,-28.75,-3.75,67745.39371558835,False,,2.0,0.0
3527,-28.75,-1.25,67745.39371558835,False,,2.0,0.0
3528,-28.75,1.25,67745.39371558842,False,,0.0,0.0
3529,-28.75,3.75,67745.39371558842,False,,0.0,0.0
3530,-28.75,6.25,67745.3937155884,False,,2.0,0.0
3531,-28.75,8.75,67745.39371558842,False,,2.0,0.0
3532,-28.75,11.25,67745.39371558842,False,,2.0,0.0
3533,-28.75,13.75,67745.39371558838,False,,2.0,0.0
3534,-28.75,16.25,67745.39371558842,True,0.0,2.0,17995.44
3535,-28.75,18.75,67745.39371558842,True,0.0,2.0,81974.7
3536,-28.75,21.25,67745.39371558842,True,0.0,2.0,195854.55
3537,-28.75,23.75,67745.39371558842,True,0.0,2.0,561432.06
3538,-28.75,26.25,67745.39371558842,True,0.0,2.0,1086332.5
3539,-28.75,28.75,67745.39371558835,True,0.0,2.0,2958966.2
3540,-28.75,31.25,67745.3937155885,True,0.0,2.0,6960480.0
3541,-28.75,33.75,67745.39371558835,True,,2.0,424920.1
3542,-28.75,36.25,67745.3937155885,False,,2.0,0.0
3543,-28.75,38.75,67745.39371558835,False,,2.0,0.0
3544,-28.75,41.25,67745.3937155885,False,,2.0,0.0
3545,-28.75,43.75,67745.39371558835,False,,2.0,0.0
3546,-28.75,46.25,67745.3937155885,False,,2.0,0.0
3547,-28.75,48.75,67745.39371558835,False,,2.0,0.0
3548,-28.75,51.25,67745.3937155885,False,,2.0,0.0
3549,-28.75,53.75,67745.39371558835,False,,2.0,0.0
3550,-28.75,56.25,67745.39371558835,False,,2.0,0.0
3551,-28.75,58.75,67745.39371558835,False,,2.0,0.0
3552,-28.75,61.25,67745.39371558868,False,,2.0,0.0
3553,-28.75,63.75,67745.39371558835,False,,2.0,0.0
3554,-28.75,66.25,67745.39371558835,False,,2.0,0.0
3555,-28.75,68.75,67745.39371558835,False,,2.0,0.0
3556,-28.75,71.25,67745.39371558868,False,,3.0,0.0
3557,-28.75,73.75,67745.39371558835,False,,3.0,0.0
3558,-28.75,76.25,67745.39371558835,False,,2.0,0.0
3559,-28.75,78.75,67745.39371558835,False,,2.0,0.0
3560,-28.75,81.25,67745.39371558835,False,,2.0,0.0
3561,-28.75,83.75,67745.39371558868,False,,2.0,0.0
3562,-28.75,86.25,67745.39371558835,False,,2.0,0.0
3563,-28.75,88.75,67745.39371558835,False,,2.0,0.0
3564,-28.75,91.25,67745.39371558835,False,,2.0,0.0
3565,-28.75,93.75,67745.39371558868,False,,2.0,0.0
3566,-28.75,96.25,67745.39371558835,False,,2.0,0.0
3567,-28.75,98.75,67745.39371558835,False,,2.0,0.0
3568,-28.75,101.25,67745.39371558835,False,,2.0,0.0
3569,-28.75,103.75,67745.39371558868,False,,2.0,0.0
3570,-28.75,106.25,67745.39371558835,False,,2.0,0.0
3571,-28.75,108.75,67745.39371558835,False,,2.0,0.0
3572,-28.75,111.25,67745.39371558835,False,,2.0,0.0
3573,-28.75,113.75,67745.39371558835,True,-2.0,2.0,42035.098
3574,-28.75,116.25,67745.39371558835,True,0.0,2.0,5586.397
3575,-28.75,118.75,67745.39371558835,True,0.0,2.0,1155.9001
3576,-28.75,121.25,67745.39371558903,True,0.0,2.0,1468.9095
3577,-28.75,123.75,67745.39371558835,True,,2.0,1125.0956
3578,-28.75,126.25,67745.39371558835,True,,,51.01309
3579,-28.75,128.75,67745.39371558835,True,,,264.19098
3580,-28.75,131.25,67745.39371558835,True,,,81.98899
3581,-28.75,133.75,67745.39371558835,True,0.0,,1809.0782
3582,-28.75,136.25,67745.39371558835,True,0.0,2.0,137.05559
3583,-28.75,138.75,67745.39371558835,True,0.0,2.0,151.21973
3584,-28.75,141.25,67745.39371558835,True,0.0,2.0,150.80997
3585,-28.75,143.75,67745.39371558903,True,0.0,2.0,387.1758
3586,-28.75,146.25,67745.39371558835,True,0.0,2.0,2919.2827
3587,-28.75,148.75,67745.39371558835,True,0.0,2.0,21297.457
3588,-28.75,151.25,67745.39371558835,True,0.0,2.0,58296.04
3589,-28.75,153.75,67745.39371558835,True,0.0,2.0,556225.0
3590,-28.75,156.25,67745.39371558835,False,,2.0,0.0
3591,-28.75,158.75,67745.39371558835,False,,2.0,0.0
3592,-28.75,161.25,67745.39371558835,False,,2.0,0.0
3593,-28.75,163.75,67745.39371558835,False,,2.0,0.0
3594,-28.75,166.25,67745.39371558903,False,,2.0,0.0
3595,-28.75,168.75,67745.39371558835,False,,2.0,2062.4045
3596,-28.75,171.25,67745.39371558835,False,,2.0,0.0
3597,-28.75,173.75,67745.39371558835,False,,2.0,0.0
3598,-28.75,176.25,67745.39371558835,False,,2.0,0.0
3599,-28.75,178.75,67745.39371558835,False,,2.0,0.0
3600,-26.25,-178.75,69302.0905229239,False,,2.0,0.0
3601,-26.25,-176.25,69302.0905229239,False,,2.0,0.0
3602,-26.25,-173.75,69302.0905229239,False,,2.0,0.0
3603,-26.25,-171.25,69302.0905229246,False,,2.0,0.0
3604,-26.25,-168.75,69302.0905229239,False,,2.0,0.0
3605,-26.25,-166.25,69302.0905229239,False,,2.0,0.0
3606,-26.25,-163.75,69302.0905229239,False,,2.0,0.0
3607,-26.25,-161.25,69302.0905229239,False,,2.0,0.0
3608,-26.25,-158.75,69302.0905229239,False,,2.0,0.0
3609,-26.25,-156.25,69302.0905229239,False,,2.0,0.0
3610,-26.25,-153.75,69302.0905229239,False,,2.0,0.0
3611,-26.25,-151.25,69302.0905229246,False,,2.0,0.0
3612,-26.25,-148.75,69302.0905229239,False,,2.0,0.0
3613,-26.25,-146.25,69302.0905229239,False,,2.0,0.0
3614,-26.25,-143.75,69302.0905229239,False,,2.0,438.24854
3615,-26.25,-141.25,69302.0905229239,False,,2.0,0.0
3616,-26.25,-138.75,69302.0905229239,False,,0.0,0.0
3617,-26.25,-136.25,69302.0905229239,False,,0.0,0.0
3618,-26.25,-133.75,69302.0905229239,False,,2.0,0.0
3619,-26.25,-131.25,69302.0905229239,False,,2.0,8.162893
3620,-26.25,-128.75,69302.0905229239,False,,2.0,0.0
3621,-26.25,-126.25,69302.0905229239,False,,2.0,0.0
3622,-26.25,-123.75,69302.0905229239,False,,2.0,0.0
3623,-26.25,-121.25,69302.0905229239,False,,2.0,0.0
3624,-26.25,-118.75,69302.0905229239,False,,2.0,0.0
3625,-26.25,-116.25,69302.09052292531,False,,2.0,0.0
3626,-26.25,-113.75,69302.0905229239,False,,,0.0
3627,-26.25,-111.25,69302.0905229239,False,,,0.0
3628,-26.25,-108.75,69302.0905229239,False,,0.0,6702.378
3629,-26.25,-106.25,69302.0905229239,False,,0.0,13.5023
3630,-26.25,-103.75,69302.0905229239,False,,,0.0
3631,-26.25,-101.25,69302.0905229239,False,,,0.0
3632,-26.25,-98.75,69302.0905229239,False,,2.0,0.0
3633,-26.25,-96.25,69302.0905229239,False,,2.0,0.0
3634,-26.25,-93.75,69302.0905229239,False,,0.0,0.0
3635,-26.25,-91.25,69302.0905229239,False,,0.0,0.0
3636,-26.25,-88.75,69302.0905229239,False,,,0.0
3637,-26.25,-86.25,69302.0905229239,False,,,0.0
3638,-26.25,-83.75,69302.0905229239,False,,0.0,0.0
3639,-26.25,-81.25,69302.0905229239,False,,0.0,2773.13
3640,-26.25,-78.75,69302.0905229239,False,,0.0,3936.897
3641,-26.25,-76.25,69302.0905229239,False,,0.0,0.0
3642,-26.25,-73.75,69302.09052292531,False,,0.0,0.0
3643,-26.25,-71.25,69302.0905229239,True,,0.0,120211.95
3644,-26.25,-68.75,69302.0905229239,True,,2.0,187469.9
3645,-26.25,-66.25,69302.0905229239,True,0.0,2.0,1777368.2
3646,-26.25,-63.75,69302.0905229239,True,,0.0,837364.06
3647,-26.25,-61.25,69302.0905229239,True,,0.0,600968.06
3648,-26.25,-58.75,69302.0905229239,True,0.0,0.0,1507725.4
3649,-26.25,-56.25,69302.0905229239,True,0.0,0.0,6064289.5
3650,-26.25,-53.75,69302.0905229239,True,4.0,2.0,2941850.0
3651,-26.25,-51.25,69302.0905229239,True,4.0,2.0,3411755.8
3652,-26.25,-48.75,69302.0905229239,True,4.0,2.0,8439822.0
3653,-26.25,-46.25,69302.0905229239,False,,2.0,8931.013
3654,-26.25,-43.75,69302.0905229239,False,,0.0,0.0
3655,-26.25,-41.25,69302.0905229239,False,,0.0,0.0
3656,-26.25,-38.75,69302.0905229239,False,,2.0,0.0
3657,-26.25,-36.25,69302.0905229239,False,,2.0,0.0
3658,-26.25,-33.75,69302.0905229239,False,,2.0,0.0
3659,-26.25,-31.25,69302.0905229239,False,,2.0,0.0
3660,-26.25,-28.75,69302.09052292531,False,,2.0,0.0
3661,-26.25,-26.25,69302.0905229239,False,,2.0,0.0
3662,-26.25,-23.75,69302.0905229239,False,,2.0,0.0
3663,-26.25,-21.25,69302.0905229239,False,,2.0,0.0
3664,-26.25,-18.75,69302.0905229239,False,,2.0,0.0
3665,-26.25,-16.25,69302.0905229239,False,,2.0,0.0
3666,-26.25,-13.75,69302.0905229239,False,,2.0,0.0
3667,-26.25,-11.25,69302.0905229239,False,,2.0,0.0
3668,-26.25,-8.75,69302.0905229239,False,,2.0,0.0
3669,-26.25,-6.25,69302.0905229239,False,,2.0,0.0
3670,-26.25,-3.75,69302.0905229239,False,,2.0,0.0
3671,-26.25,-1.25,69302.0905229239,False,,2.0,0.0
3672,-26.25,1.25,69302.09052292397,False,,0.0,0.0
3673,-26.25,3.75,69302.09052292397,False,,0.0,0.0
3674,-26.25,6.25,69302.09052292396,False,,2.0,0.0
3675,-26.25,8.75,69302.09052292399,False,,2.0,0.0
3676,-26.25,11.25,69302.09052292399,False,,2.0,0.0
3677,-26.25,13.75,69302.09052292394,True,,2.0,14.934526
3678,-26.25,16.25,69302.09052292399,True,0.0,2.0,21772.86
3679,-26.25,18.75,69302.09052292399,True,0.0,2.0,51243.324
3680,-26.25,21.25,69302.09052292399,True,0.0,2.0,22636.846
3681,-26.25,23.75,69302.09052292399,True,0.0,2.0,811933.25
3682,-26.25,26.25,69302.09052292399,True,0.0,2.0,2480071.5
3683,-26.25,28.75,69302.0905229239,True,0.0,2.0,20938144.0
3684,-26.25,31.25,69302.09052292407,True,0.0,2.0,3912965.5
3685,-26.25,33.75,69302.0905229239,True,0.0,2.0,4114945.0
3686,-26.25,36.25,69302.09052292407,False,,2.0,0.0
3687,-26.25,38.75,69302.0905229239,False,,2.0,0.0
3688,-26.25,41.25,69302.09052292407,False,,2.0,0.0
3689,-26.25,43.75,69302.0905229239,True,,2.0,84550.23
3690,-26.25,46.25,69302.09052292407,True,0.0,2.0,749225.25
3691,-26.25,48.75,69302.0905229239,False,,2.0,22.26423
3692,-26.25,51.25,69302.09052292407,False,,2.0,0.0
3693,-26.25,53.75,69302.0905229239,False,,2.0,0.0
3694,-26.25,56.25,69302.0905229239,False,,2.0,0.0
3695,-26.25,58.75,69302.0905229239,False,,2.0,0.0
3696,-26.25,61.25,69302.09052292425,False,,2.0,0.0
3697,-26.25,63.75,69302.0905229239,False,,2.0,0.0
3698,-26.25,66.25,69302.0905229239,False,,2.0,0.0
3699,-26.25,68.75,69302.0905229239,False,,2.0,0.0
3700,-26.25,71.25,69302.09052292425,False,,3.0,0.0
3701,-26.25,73.75,69302.0905229239,False,,3.0,0.0
3702,-26.25,76.25,69302.0905229239,False,,2.0,0.0
3703,-26.25,78.75,69302.0905229239,False,,2.0,0.0
3704,-26.25,81.25,69302.0905229239,False,,2.0,0.0
3705,-26.25,83.75,69302.09052292425,False,,2.0,0.0
3706,-26.25,86.25,69302.0905229239,False,,2.0,0.0
3707,-26.25,88.75,69302.0905229239,False,,2.0,0.0
3708,-26.25,91.25,69302.0905229239,False,,2.0,0.0
3709,-26.25,93.75,69302.09052292425,False,,2.0,0.0
3710,-26.25,96.25,69302.0905229239,False,,2.0,0.0
3711,-26.25,98.75,69302.0905229239,False,,2.0,0.0
3712,-26.25,101.25,69302.0905229239,False,,2.0,0.0
3713,-26.25,103.75,69302.09052292425,False,,2.0,0.0
3714,-26.25,106.25,69302.0905229239,False,,2.0,0.0
3715,-26.25,108.75,69302.0905229239,False,,2.0,0.0
3716,-26.25,111.25,69302.0905229239,False,,2.0,0.0
3717,-26.25,113.75,69302.0905229239,True,0.0,2.0,2487.2363
3718,-26.25,116.25,69302.0905229239,True,0.0,2.0,304.06177
3719,-26.25,118.75,69302.0905229239,True,0.0,2.0,1528.304
3720,-26.25,121.25,69302.0905229246,True,0.0,2.0,1664.2018
3721,-26.25,123.75,69302.0905229239,True,,2.0,307.58505
3722,-26.25,126.25,69302.0905229239,True,,,534.50494
3723,-26.25,128.75,69302.0905229239,True,,,1032.9131
3724,-26.25,131.25,69302.0905229239,True,0.0,,1922.2164
3725,-26.25,133.75,69302.0905229239,True,0.0,,2080.9678
3726,-26.25,136.25,69302.0905229239,True,0.0,2.0,300.18704
3727,-26.25,138.75,69302.0905229239,True,0.0,2.0,233.86977
3728,-26.25,141.25,69302.0905229239,True,0.0,2.0,240.70468
3729,-26.25,143.75,69302.0905229246,True,0.0,2.0,1340.33
3730,-26.25,146.25,69302.0905229239,True,0.0,2.0,4768.989
3731,-26.25,148.75,69302.0905229239,True,0.0,2.0,17026.984
3732,-26.25,151.25,69302.0905229239,True,0.0,2.0,213340.75
3733,-26.25,153.75,69302.0905229239,True,,2.0,2802022.5
3734,-26.25,156.25,69302.0905229239,False,,2.0,0.0
3735,-26.25,158.75,69302.0905229239,False,,2.0,0.0
3736,-26.25,161.25,69302.0905229239,False,,2.0,0.0
3737,-26.25,163.75,69302.0905229239,False,,2.0,0.0
3738,-26.25,166.25,69302.0905229246,False,,2.0,0.0
3739,-26.25,168.75,69302.0905229239,False,,2.0,0.0
3740,-26.25,171.25,69302.0905229239,False,,2.0,0.0
3741,-26.25,173.75,69302.0905229239,False,,2.0,0.0
3742,-26.25,176.25,69302.0905229239,False,,2.0,0.0
3743,-26.25,178.75,69302.0905229239,False,,2.0,0.0
3744,-23.75,-178.75,70726.86686207575,False,,2.0,0.0
3745,-23.75,-176.25,70726.86686207575,False,,2.0,0.0
3746,-23.75,-173.75,70726.86686207575,False,,0.0,0.0
3747,-23.75,-171.25,70726.86686207647,False,,0.0,0.0
3748,-23.75,-168.75,70726.86686207575,False,,0.0,0.0
3749,-23.75,-166.25,70726.86686207575,False,,0.0,0.0
3750,-23.75,-163.75,70726.86686207575,False,,0.0,0.0
3751,-23.75,-161.25,70726.86686207575,False,,0.0,0.0
3752,-23.75,-158.75,70726.86686207575,False,,2.0,0.0
3753,-23.75,-156.25,70726.86686207575,False,,2.0,0.0
3754,-23.75,-153.75,70726.86686207575,False,,2.0,0.0
3755,-23.75,-151.25,70726.86686207647,False,,2.0,0.0
3756,-23.75,-148.75,70726.86686207575,False,,0.0,2247.848
3757,-23.75,-146.25,70726.86686207575,False,,0.0,727.0703
3758,-23.75,-143.75,70726.86686207575,False,,2.0,0.0
3759,-23.75,-141.25,70726.86686207575,False,,2.0,0.0
3760,-23.75,-138.75,70726.86686207575,False,,2.0,0.0
3761,-23.75,-136.25,70726.86686207575,True,,2.0,320.2922
3762,-23.75,-133.75,70726.86686207575,True,,0.0,798.3879
3763,-23.75,-131.25,70726.86686207575,False,,0.0,4.821795
3764,-23.75,-128.75,70726.86686207575,False,,0.0,73.96384
3765,-23.75,-126.25,70726.86686207575,False,,0.0,0.0
3766,-23.75,-123.75,70726.86686207575,False,,0.0,3.020835
3767,-23.75,-121.25,70726.86686207575,False,,0.0,0.0
3768,-23.75,-118.75,70726.86686207575,False,,2.0,0.0
3769,-23.75,-116.25,70726.8668620772,False,,2.0,0.0
3770,-23.75,-113.75,70726.86686207575,False,,0.0,0.0
3771,-23.75,-111.25,70726.86686207575,False,,0.0,0.0
3772,-23.75,-108.75,70726.86686207575,False,,,0.0
3773,-23.75,-106.25,70726.86686207575,False,,,0.0
3774,-23.75,-103.75,70726.86686207575,False,,,0.0
3775,-23.75,-101.25,70726.86686207575,False,,,0.0
3776,-23.75,-98.75,70726.86686207575,False,,,0.0
3777,-23.75,-96.25,70726.86686207575,False,,,0.0
3778,-23.75,-93.75,70726.86686207575,False,,,0.0
3779,-23.75,-91.25,70726.86686207575,False,,,0.0
3780,-23.75,-88.75,70726.86686207575,False,,0.0,0.0
3781,-23.75,-86.25,70726.86686207575,False,,0.0,0.0
3782,-23.75,-83.75,70726.86686207575,False,,0.0,0.0
3783,-23.75,-81.25,70726.86686207575,False,,0.0,0.0
3784,-23.75,-78.75,70726.86686207575,False,,0.0,0.0
3785,-23.75,-76.25,70726.86686207575,False,,0.0,0.0
3786,-23.75,-73.75,70726.8668620772,False,,0.0,0.0
3787,-23.75,-71.25,70726.86686207575,True,0.0,0.0,129481.01
3788,-23.75,-68.75,70726.86686207575,True,,2.0,330346.12
3789,-23.75,-66.25,70726.86686207575,True,0.0,2.0,1095310.2
3790,-23.75,-63.75,70726.86686207575,True,0.0,0.0,467610.03
3791,-23.75,-61.25,70726.86686207575,True,0.0,0.0,124714.266
3792,-23.75,-58.75,70726.86686207575,True,,0.0,88037.28
3793,-23.75,-56.25,70726.86686207575,True,0.0,0.0,1100209.1
3794,-23.75,-53.75,70726.86686207575,True,0.0,2.0,1412741.0
3795,-23.75,-51.25,70726.86686207575,True,0.0,2.0,3462992.0
3796,-23.75,-48.75,70726.86686207575,True,4.0,2.0,1373202.0
3797,-23.75,-46.25,70726.86686207575,True,0.0,2.0,29288222.0
3798,-23.75,-43.75,70726.86686207575,True,,2.0,399695.3
3799,-23.75,-41.25,70726.86686207575,True,,2.0,405.7203
3800,-23.75,-38.75,70726.86686207575,False,,2.0,0.0
3801,-23.75,-36.25,70726.86686207575,False,,2.0,0.0
3802,-23.75,-33.75,70726.86686207575,False,,2.0,0.0
3803,-23.75,-31.25,70726.86686207575,False,,2.0,0.0
3804,-23.75,-28.75,70726.8668620772,False,,2.0,0.0
3805,-23.75,-26.25,70726.86686207575,False,,2.0,0.0
3806,-23.75,-23.75,70726.86686207575,False,,2.0,0.0
3807,-23.75,-21.25,70726.86686207575,False,,2.0,0.0
3808,-23.75,-18.75,70726.86686207575,False,,,0.0
3809,-23.75,-16.25,70726.86686207575,False,,,0.0
3810,-23.75,-13.75,70726.86686207575,False,,0.0,0.0
3811,-23.75,-11.25,70726.86686207575,False,,0.0,0.0
3812,-23.75,-8.75,70726.86686207575,False,,0.0,0.0
3813,-23.75,-6.25,70726.86686207575,False,,0.0,0.0
3814,-23.75,-3.75,70726.86686207575,False,,0.0,0.0
3815,-23.75,-1.25,70726.86686207575,False,,0.0,0.0
3816,-23.75,1.25,70726.86686207583,False,,2.0,0.0
3817,-23.75,3.75,70726.86686207583,False,,2.0,0.0
3818,-23.75,6.25,70726.86686207583,False,,2.0,0.0
3819,-23.75,8.75,70726.86686207584,False,,2.0,0.0
3820,-23.75,11.25,70726.86686207584,False,,2.0,0.0
3821,-23.75,13.75,70726.8668620758,True,0.0,2.0,360.89813
3822,-23.75,16.25,70726.86686207584,True,0.0,3.0,9480.057
3823,-23.75,18.75,70726.86686207584,True,0.0,3.0,93386.23
3824,-23.75,21.25,70726.86686207584,True,,,21728.281
3825,-23.75,23.75,70726.86686207584,True,,,93799.05
3826,-23.75,26.25,70726.86686207584,True,0.0,2.0,872948.0
3827,-23.75,28.75,70726.86686207575,True,0.0,2.0,2772145.0
3828,-23.75,31.25,70726.86686207594,True,0.0,2.0,2581981.2
3829,-23.75,33.75,70726.86686207575,True,0.0,2.0,1539935.6
3830,-23.75,36.25,70726.86686207594,True,0.0,2.0,786283.4
3831,-23.75,38.75,70726.86686207575,False,,2.0,0.0
3832,-23.75,41.25,70726.86686207594,False,,2.0,0.0
3833,-23.75,43.75,70726.86686207575,True,0.0,2.0,1010802.0
3834,-23.75,46.25,70726.86686207594,True,,2.0,1271776.8
3835,-23.75,48.75,70726.86686207575,True,,2.0,770750.7
3836,-23.75,51.25,70726.86686207594,False,,2.0,0.0
3837,-23.75,53.75,70726.86686207575,False,,2.0,0.0
3838,-23.75,56.25,70726.86686207575,False,,3.0,0.0
3839,-23.75,58.75,70726.86686207575,False,,3.0,0.0
3840,-23.75,61.25,70726.86686207612,False,,2.0,0.0
3841,-23.75,63.75,70726.86686207575,False,,2.0,0.0
3842,-23.75,66.25,70726.86686207575,False,,2.0,0.0
3843,-23.75,68.75,70726.86686207575,False,,2.0,0.0
3844,-23.75,71.25,70726.86686207612,False,,2.0,0.0
3845,-23.75,73.75,70726.86686207575,False,,2.0,0.0
3846,-23.75,76.25,70726.86686207575,False,,2.0,0.0
3847,-23.75,78.75,70726.86686207575,False,,2.0,0.0
3848,-23.75,81.25,70726.86686207575,False,,2.0,0.0
3849,-23.75,83.75,70726.86686207612,False,,2.0,0.0
3850,-23.75,86.25,70726.86686207575,False,,2.0,0.0
3851,-23.75,88.75,70726.86686207575,False,,2.0,0.0
3852,-23.75,91.25,70726.86686207575,False,,2.0,0.0
3853,-23.75,93.75,70726.86686207612,False,,2.0,0.0
3854,-23.75,96.25,70726.86686207575,False,,2.0,0.0
3855,-23.75,98.75,70726.86686207575,False,,2.0,0.0
3856,-23.75,101.25,70726.86686207575,False,,2.0,0.0
3857,-23.75,103.75,70726.86686207612,False,,2.0,0.0
3858,-23.75,106.25,70726.86686207575,False,,2.0,0.0
3859,-23.75,108.75,70726.86686207575,False,,2.0,0.0
3860,-23.75,111.25,70726.86686207575,False,,2.0,0.0
3861,-23.75,113.75,70726.86686207575,True,0.0,2.0,5777.7563
3862,-23.75,116.25,70726.86686207575,True,0.0,2.0,536.7129
3863,-23.75,118.75,70726.86686207575,True,3.0,2.0,9203.432
3864,-23.75,121.25,70726.86686207647,True,,,585.5854
3865,-23.75,123.75,70726.86686207575,True,,,229.37643
3866,-23.75,126.25,70726.86686207575,True,,2.0,33.088844
3867,-23.75,128.75,70726.86686207575,True,,2.0,915.5645
3868,-23.75,131.25,70726.86686207575,True,0.0,2.0,953.82275
3869,-23.75,133.75,70726.86686207575,True,0.0,2.0,28338.295
3870,-23.75,136.25,70726.86686207575,True,0.0,2.0,209.41673
3871,-23.75,138.75,70726.86686207575,True,0.0,2.0,177.30995
3872,-23.75,141.25,70726.86686207575,True,0.0,2.0,180.47018
3873,-23.75,143.75,70726.86686207647,True,0.0,2.0,4402.1943
3874,-23.75,146.25,70726.86686207575,True,0.0,2.0,4435.356
3875,-23.75,148.75,70726.86686207575,True,0.0,2.0,32391.834
3876,-23.75,151.25,70726.86686207575,True,0.0,2.0,180581.14
3877,-23.75,153.75,70726.86686207575,False,0.0,2.0,77666.7
3878,-23.75,156.25,70726.86686207575,False,,2.0,0.0141434
3879,-23.75,158.75,70726.86686207575,False,,2.0,0.0
3880,-23.75,161.25,70726.86686207575,False,,2.0,0.0
3881,-23.75,163.75,70726.86686207575,False,,2.0,0.0
3882,-23.75,166.25,70726.86686207647,False,,2.0,0.0
3883,-23.75,168.75,70726.86686207575,False,,2.0,0.0
3884,-23.75,171.25,70726.86686207575,False,,2.0,0.0
3885,-23.75,173.75,70726.86686207575,False,,2.0,0.0
3886,-23.75,176.25,70726.86686207575,False,,2.0,0.0
3887,-23.75,178.75,70726.86686207575,False,,2.0,0.0
3888,-21.25,-178.75,72017.01059030335,False,,2.0,401.31354
3889,-21.25,-176.25,72017.01059030335,False,,2.0,81529.516
3890,-21.25,-173.75,72017.01059030335,False,,0.0,5659.6504
3891,-21.25,-171.25,72017.01059030408,False,,0.0,0.0
3892,-21.25,-168.75,72017.01059030335,False,,0.0,0.0
3893,-21.25,-166.25,72017.01059030335,False,,0.0,0.0
3894,-21.25,-163.75,72017.01059030335,False,,0.0,0.0
3895,-21.25,-161.25,72017.01059030335,False,,0.0,0.0
3896,-21.25,-158.75,72017.01059030335,True,,2.0,14124.971
3897,-21.25,-156.25,72017.01059030335,False,,2.0,660.7327
3898,-21.25,-153.75,72017.01059030335,False,,2.0,109.8307
3899,-21.25,-151.25,72017.01059030408,False,,2.0,2689.4453
3900,-21.25,-148.75,72017.01059030335,False,,0.0,0.0
3901,-21.25,-146.25,72017.01059030335,False,,0.0,0.0
3902,-21.25,-143.75,72017.01059030335,False,,2.0,32.4519
3903,-21.25,-141.25,72017.01059030335,False,,2.0,70.16855
3904,-21.25,-138.75,72017.01059030335,False,,2.0,235.61972
3905,-21.25,-136.25,72017.01059030335,False,,2.0,1120.4769
3906,-21.25,-133.75,72017.01059030335,False,,0.0,2.635987
3907,-21.25,-131.25,72017.01059030335,False,,0.0,0.0
3908,-21.25,-128.75,72017.01059030335,False,,0.0,0.0
3909,-21.25,-126.25,72017.01059030335,False,,0.0,0.0
3910,-21.25,-123.75,72017.01059030335,False,,0.0,0.0
3911,-21.25,-121.25,72017.01059030335,False,,0.0,0.0
3912,-21.25,-118.75,72017.01059030335,False,,2.0,0.0
3913,-21.25,-116.25,72017.01059030481,False,,2.0,0.0
3914,-21.25,-113.75,72017.01059030335,False,,0.0,0.0
3915,-21.25,-111.25,72017.01059030335,False,,0.0,0.0
3916,-21.25,-108.75,72017.01059030335,False,,,0.0
3917,-21.25,-106.25,72017.01059030335,False,,,0.0
3918,-21.25,-103.75,72017.01059030335,False,,,0.0
3919,-21.25,-101.25,72017.01059030335,False,,,0.0
3920,-21.25,-98.75,72017.01059030335,False,,,0.0
3921,-21.25,-96.25,72017.01059030335,False,,,0.0
3922,-21.25,-93.75,72017.01059030335,False,,,0.0
3923,-21.25,-91.25,72017.01059030335,False,,,0.0
3924,-21.25,-88.75,72017.01059030335,False,,0.0,0.0
3925,-21.25,-86.25,72017.01059030335,False,,0.0,0.0
3926,-21.25,-83.75,72017.01059030335,False,,0.0,0.0
3927,-21.25,-81.25,72017.01059030335,False,,0.0,0.0
3928,-21.25,-78.75,72017.01059030335,False,,0.0,0.0
3929,-21.25,-76.25,72017.01059030335,False,,0.0,0.0
3930,-21.25,-73.75,72017.01059030481,False,,0.0,0.0
3931,-21.25,-71.25,72017.01059030335,True,0.0,0.0,256297.34
3932,-21.25,-68.75,72017.01059030335,True,,2.0,385702.66
3933,-21.25,-66.25,72017.01059030335,True,0.0,2.0,336212.78
3934,-21.25,-63.75,72017.01059030335,True,0.0,0.0,806163.75
3935,-21.25,-61.25,72017.01059030335,True,0.0,0.0,109836.08
3936,-21.25,-58.75,72017.01059030335,True,0.0,0.0,62226.86
3937,-21.25,-56.25,72017.01059030335,True,,0.0,607977.6
3938,-21.25,-53.75,72017.01059030335,True,,2.0,1641699.2
3939,-21.25,-51.25,72017.01059030335,True,0.0,2.0,2845091.8
3940,-21.25,-48.75,72017.01059030335,True,0.0,2.0,4895911.0
3941,-21.25,-46.25,72017.01059030335,True,0.0,2.0,11507270.0
3942,-21.25,-43.75,72017.01059030335,True,0.0,2.0,16852260.0
3943,-21.25,-41.25,72017.01059030335,True,0.0,2.0,8373013.0
3944,-21.25,-38.75,72017.01059030335,False,,2.0,0.0
3945,-21.25,-36.25,72017.01059030335,False,,2.0,0.0
3946,-21.25,-33.75,72017.01059030335,False,,2.0,0.0
3947,-21.25,-31.25,72017.01059030335,False,,2.0,0.0
3948,-21.25,-28.75,72017.01059030481,False,,2.0,0.0
3949,-21.25,-26.25,72017.01059030335,False,,2.0,0.0
3950,-21.25,-23.75,72017.01059030335,False,,2.0,0.0
3951,-21.25,-21.25,72017.01059030335,False,,2.0,0.0
3952,-21.25,-18.75,72017.01059030335,False,,,0.0
3953,-21.25,-16.25,72017.01059030335,False,,,0.0
3954,-21.25,-13.75,72017.01059030335,False,,0.0,0.0
3955,-21.25,-11.25,72017.01059030335,False,,0.0,0.0
3956,-21.25,-8.75,72017.01059030335,False,,0.0,0.0
3957,-21.25,-6.25,72017.01059030335,False,,0.0,0.0
3958,-21.25,-3.75,72017.01059030335,False,,0.0,0.0
3959,-21.25,-1.25,72017.01059030335,False,,0.0,0.0
3960,-21.25,1.25,72017.01059030343,False,,2.0,0.0
3961,-21.25,3.75,72017.01059030343,False,,2.0,0.0
3962,-21.25,6.25,72017.01059030343,False,,2.0,0.0
3963,-21.25,8.75,72017.01059030344,False,,2.0,0.0
3964,-21.25,11.25,72017.01059030344,False,,2.0,0.0
3965,-21.25,13.75,72017.0105903034,True,0.0,2.0,187671.23
3966,-21.25,16.25,72017.01059030344,True,0.0,3.0,132687.08
3967,-21.25,18.75,72017.01059030344,True,0.0,3.0,532691.0
3968,-21.25,21.25,72017.01059030344,True,0.0,,54675.41
3969,-21.25,23.75,72017.01059030344,True,,,114366.39
3970,-21.25,26.25,72017.01059030344,True,0.0,2.0,290662.53
3971,-21.25,28.75,72017.01059030335,True,0.0,2.0,1884320.2
3972,-21.25,31.25,72017.01059030354,True,0.0,2.0,2255145.0
3973,-21.25,33.75,72017.01059030335,True,0.0,2.0,1533611.9
3974,-21.25,36.25,72017.01059030354,True,0.0,2.0,190923.23
3975,-21.25,38.75,72017.01059030335,False,,2.0,0.0
3976,-21.25,41.25,72017.01059030354,False,,2.0,0.0
3977,-21.25,43.75,72017.01059030335,True,,2.0,897493.44
3978,-21.25,46.25,72017.01059030354,True,,2.0,1549516.6
3979,-21.25,48.75,72017.01059030335,True,,2.0,3890624.8
3980,-21.25,51.25,72017.01059030354,False,,2.0,0.0
3981,-21.25,53.75,72017.01059030335,False,,2.0,0.0
3982,-21.25,56.25,72017.01059030335,True,,3.0,963135.4
3983,-21.25,58.75,72017.01059030335,False,,3.0,1240075.0
3984,-21.25,61.25,72017.01059030372,False,,2.0,0.0
3985,-21.25,63.75,72017.01059030335,False,,2.0,0.0
3986,-21.25,66.25,72017.01059030335,False,,2.0,0.0
3987,-21.25,68.75,72017.01059030335,False,,2.0,0.0
3988,-21.25,71.25,72017.01059030372,False,,2.0,0.0
3989,-21.25,73.75,72017.01059030335,False,,2.0,0.0
3990,-21.25,76.25,72017.01059030335,False,,2.0,0.0
3991,-21.25,78.75,72017.01059030335,False,,2.0,0.0
3992,-21.25,81.25,72017.01059030335,False,,2.0,0.0
3993,-21.25,83.75,72017.01059030372,False,,2.0,0.0
3994,-21.25,86.25,72017.01059030335,False,,2.0,0.0
3995,-21.25,88.75,72017.01059030335,False,,2.0,0.0
3996,-21.25,91.25,72017.01059030335,False,,2.0,0.0
3997,-21.25,93.75,72017.01059030372,False,,2.0,0.0
3998,-21.25,96.25,72017.01059030335,False,,2.0,0.0
3999,-21.25,98.75,72017.01059030335,False,,2.0,0.0
4000,-21.25,101.25,72017.01059030335,False,,2.0,0.0
4001,-21.25,103.75,72017.01059030372,False,,2.0,0.0
4002,-21.25,106.25,72017.01059030335,False,,2.0,0.0
4003,-21.25,108.75,72017.01059030335,False,,2.0,0.0
4004,-21.25,111.25,72017.01059030335,False,,2.0,0.0
4005,-21.25,113.75,72017.01059030335,True,0.0,2.0,2535.5974
4006,-21.25,116.25,72017.01059030335,True,0.0,2.0,20903.012
4007,-21.25,118.75,72017.01059030335,True,,2.0,26636.916
4008,-21.25,121.25,72017.01059030408,True,,,1205.2333
4009,-21.25,123.75,72017.01059030335,True,,,831.1034
4010,-21.25,126.25,72017.01059030335,True,,2.0,148.0626
4011,-21.25,128.75,72017.01059030335,True,2.0,2.0,1024.4385
4012,-21.25,131.25,72017.01059030335,True,0.0,2.0,991.4843
4013,-21.25,133.75,72017.01059030335,True,0.0,2.0,3064.6157
4014,-21.25,136.25,72017.01059030335,True,0.0,2.0,1139.094
4015,-21.25,138.75,72017.01059030335,True,0.0,2.0,21960.916
4016,-21.25,141.25,72017.01059030335,True,0.0,2.0,3733.2778
4017,-21.25,143.75,72017.01059030408,True,0.0,2.0,3924.6165
4018,-21.25,146.25,72017.01059030335,True,0.0,2.0,11352.177
4019,-21.25,148.75,72017.01059030335,True,0.0,2.0,162761.06
4020,-21.25,151.25,72017.01059030335,True,0.0,2.0,717.3547
4021,-21.25,153.75,72017.01059030335,False,,2.0,1.0662141
4022,-21.25,156.25,72017.01059030335,False,,2.0,0.008623366
4023,-21.25,158.75,72017.01059030335,False,,2.0,0.0
4024,-21.25,161.25,72017.01059030335,False,,2.0,0.0
4025,-21.25,163.75,72017.01059030335,True,0.0,2.0,26791.164
4026,-21.25,166.25,72017.01059030408,True,0.0,2.0,260790.58
4027,-21.25,168.75,72017.01059030335,False,,2.0,11911.768
4028,-21.25,171.25,72017.01059030335,False,,2.0,4.269829
4029,-21.25,173.75,72017.01059030335,False,,2.0,3.279152
4030,-21.25,176.25,72017.01059030335,False,,2.0,0.0
4031,-21.25,178.75,72017.01059030335,False,,2.0,0.0
4032,-18.75,-178.75,73170.06584569285,False,,2.0,3927.5024
4033,-18.75,-176.25,73170.06584569285,False,,2.0,2403.934
4034,-18.75,-173.75,73170.06584569285,False,,2.0,13504.719
4035,-18.75,-171.25,73170.0658456936,False,,2.0,0.0
4036,-18.75,-168.75,73170.06584569285,False,,0.0,1390.2648
4037,-18.75,-166.25,73170.06584569285,False,,0.0,0.0
4038,-18.75,-163.75,73170.06584569285,False,,0.0,73.34496
4039,-18.75,-161.25,73170.06584569285,False,,0.0,0.0
4040,-18.75,-158.75,73170.06584569285,True,,0.0,2348.0063
4041,-18.75,-156.25,73170.06584569285,False,,0.0,158.388
4042,-18.75,-153.75,73170.06584569285,False,,2.0,0.0
4043,-18.75,-151.25,73170.0658456936,False,,2.0,0.0
4044,-18.75,-148.75,73170.06584569285,False,,2.0,0.0
4045,-18.75,-146.25,73170.06584569285,False,,2.0,0.921491
4046,-18.75,-143.75,73170.06584569285,False,,2.0,19.71949
4047,-18.75,-141.25,73170.06584569285,False,,2.0,1246.2566
4048,-18.75,-138.75,73170.06584569285,False,,2.0,603.2251
4049,-18.75,-136.25,73170.06584569285,False,,2.0,612.6366
4050,-18.75,-133.75,73170.06584569285,False,,2.0,0.0
4051,-18.75,-131.25,73170.06584569285,False,,2.0,0.0
4052,-18.75,-128.75,73170.06584569285,False,,0.0,0.0
4053,-18.75,-126.25,73170.06584569285,False,,0.0,0.0
4054,-18.75,-123.75,73170.06584569285,False,,0.0,0.0
4055,-18.75,-121.25,73170.06584569285,False,,0.0,0.0
4056,-18.75,-118.75,73170.06584569285,False,,0.0,0.0
4057,-18.75,-116.25,73170.06584569435,False,,0.0,0.0
4058,-18.75,-113.75,73170.06584569285,False,,0.0,0.0
4059,-18.75,-111.25,73170.06584569285,False,,0.0,0.0
4060,-18.75,-108.75,73170.06584569285,False,,0.0,0.0
4061,-18.75,-106.25,73170.06584569285,False,,0.0,0.0
4062,-18.75,-103.75,73170.06584569285,False,,2.0,0.0
4063,-18.75,-101.25,73170.06584569285,False,,2.0,0.0
4064,-18.75,-98.75,73170.06584569285,False,,,0.0
4065,-18.75,-96.25,73170.06584569285,False,,,0.0
4066,-18.75,-93.75,73170.06584569285,False,,,0.0
4067,-18.75,-91.25,73170.06584569285,False,,,0.0
4068,-18.75,-88.75,73170.06584569285,False,,0.0,0.0
4069,-18.75,-86.25,73170.06584569285,False,,0.0,0.0
4070,-18.75,-83.75,73170.06584569285,False,,0.0,0.0
4071,-18.75,-81.25,73170.06584569285,False,,0.0,0.0
4072,-18.75,-78.75,73170.06584569285,False,,2.0,0.0
4073,-18.75,-76.25,73170.06584569285,False,,2.0,0.0
4074,-18.75,-73.75,73170.06584569435,False,,2.0,0.0
4075,-18.75,-71.25,73170.06584569285,True,-3.0,2.0,283181.0
4076,-18.75,-68.75,73170.06584569285,True,0.0,0.0,192438.86
4077,-18.75,-66.25,73170.06584569285,True,0.0,0.0,1293212.9
4078,-18.75,-63.75,73170.06584569285,True,0.0,0.0,418765.0
4079,-18.75,-61.25,73170.06584569285,True,0.0,0.0,91303.56
4080,-18.75,-58.75,73170.06584569285,True,0.0,2.0,42237.254
4081,-18.75,-56.25,73170.06584569285,True,,2.0,168350.53
4082,-18.75,-53.75,73170.06584569285,True,,2.0,157008.53
4083,-18.75,-51.25,73170.06584569285,True,,2.0,384805.66
4084,-18.75,-48.75,73170.06584569285,True,0.0,2.0,1403938.6
4085,-18.75,-46.25,73170.06584569285,True,0.0,2.0,1532481.2
4086,-18.75,-43.75,73170.06584569285,True,0.0,3.0,6334432.5
4087,-18.75,-41.25,73170.06584569285,True,0.0,3.0,2746194.8
4088,-18.75,-38.75,73170.06584569285,True,0.0,2.0,210233.61
4089,-18.75,-36.25,73170.06584569285,False,,2.0,0.0
4090,-18.75,-33.75,73170.06584569285,False,,0.0,0.0
4091,-18.75,-31.25,73170.06584569285,False,,0.0,0.0
4092,-18.75,-28.75,73170.06584569435,False,,0.0,0.0
4093,-18.75,-26.25,73170.06584569285,False,,0.0,0.0
4094,-18.75,-23.75,73170.06584569285,False,,2.0,0.0
4095,-18.75,-21.25,73170.06584569285,False,,2.0,0.0
4096,-18.75,-18.75,73170.06584569285,False,,0.0,0.0
4097,-18.75,-16.25,73170.06584569285,False,,0.0,0.0
4098,-18.75,-13.75,73170.06584569285,False,,0.0,0.0
4099,-18.75,-11.25,73170.06584569285,False,,0.0,0.0
4100,-18.75,-8.75,73170.06584569285,False,,2.0,0.0
4101,-18.75,-6.25,73170.06584569285,False,,2.0,0.0
4102,-18.75,-3.75,73170.06584569285,False,,2.0,0.0
4103,-18.75,-1.25,73170.06584569285,False,,2.0,0.0
4104,-18.75,1.25,73170.06584569294,False,,2.0,0.0
4105,-18.75,3.75,73170.06584569294,False,,2.0,0.0
4106,-18.75,6.25,73170.06584569292,False,,2.0,0.0
4107,-18.75,8.75,73170.06584569295,False,,2.0,0.0
4108,-18.75,11.25,73170.06584569295,True,,2.0,22.81063
4109,-18.75,13.75,73170.06584569291,True,0.0,2.0,48844.363
4110,-18.75,16.25,73170.06584569295,True,0.0,,128818.27
4111,-18.75,18.75,73170.06584569295,True,0.0,,123323.94
4112,-18.75,21.25,73170.06584569295,True,0.0,3.0,66021.375
4113,-18.75,23.75,73170.06584569295,True,0.0,3.0,124024.83
4114,-18.75,26.25,73170.06584569295,True,0.0,2.0,199833.84
4115,-18.75,28.75,73170.06584569285,True,0.0,2.0,1652972.5
4116,-18.75,31.25,73170.06584569304,True,0.0,2.0,1979523.1
4117,-18.75,33.75,73170.06584569285,True,-3.0,2.0,3973608.0
4118,-18.75,36.25,73170.06584569304,True,-3.0,2.0,683785.1
4119,-18.75,38.75,73170.06584569285,True,,2.0,0.8090438
4120,-18.75,41.25,73170.06584569304,False,,2.0,0.0
4121,-18.75,43.75,73170.06584569285,True,0.0,2.0,451188.75
4122,-18.75,46.25,73170.06584569304,True,0.0,2.0,1826489.9
4123,-18.75,48.75,73170.06584569285,True,0.0,2.0,7483143.0
4124,-18.75,51.25,73170.06584569304,False,,2.0,0.0
4125,-18.75,53.75,73170.06584569285,False,,2.0,0.0
4126,-18.75,56.25,73170.06584569285,False,,2.0,0.0
4127,-18.75,58.75,73170.06584569285,False,,2.0,6221.444
4128,-18.75,61.25,73170.06584569323,False,,2.0,0.0
4129,-18.75,63.75,73170.06584569285,False,,2.0,44689.69
4130,-18.75,66.25,73170.06584569285,False,,2.0,0.0
4131,-18.75,68.75,73170.06584569285,False,,2.0,0.0
4132,-18.75,71.25,73170.06584569323,False,,2.0,0.0
4133,-18.75,73.75,73170.06584569285,False,,2.0,0.0
4134,-18.75,76.25,73170.06584569285,False,,2.0,0.0
4135,-18.75,78.75,73170.06584569285,False,,2.0,0.0
4136,-18.75,81.25,73170.06584569285,False,,2.0,0.0
4137,-18.75,83.75,73170.06584569323,False,,2.0,0.0
4138,-18.75,86.25,73170.06584569285,False,,2.0,0.0
4139,-18.75,88.75,73170.06584569285,False,,2.0,0.0
4140,-18.75,91.25,73170.06584569285,False,,2.0,0.0
4141,-18.75,93.75,73170.06584569323,False,,2.0,0.0
4142,-18.75,96.25,73170.06584569285,False,,2.0,0.0
4143,-18.75,98.75,73170.06584569285,False,,2.0,0.0
4144,-18.75,101.25,73170.06584569285,False,,2.0,0.0
4145,-18.75,103.75,73170.06584569323,False,,2.0,0.0
4146,-18.75,106.25,73170.06584569285,False,,2.0,0.0
4147,-18.75,108.75,73170.06584569285,False,,2.0,0.0
4148,-18.75,111.25,73170.06584569285,False,,2.0,0.0
4149,-18.75,113.75,73170.06584569285,False,,2.0,0.0
4150,-18.75,116.25,73170.06584569285,False,,2.0,0.0
4151,-18.75,118.75,73170.06584569285,True,,2.0,8.052033
4152,-18.75,121.25,73170.0658456936,True,,0.0,667.95734
4153,-18.75,123.75,73170.06584569285,True,3.0,0.0,1185.3058
4154,-18.75,126.25,73170.06584569285,True,3.0,0.0,2374.3774
4155,-18.75,128.75,73170.06584569285,True,3.0,0.0,2155.8313
4156,-18.75,131.25,73170.06584569285,True,3.0,0.0,747.27954
4157,-18.75,133.75,73170.06584569285,True,2.0,0.0,3198.2913
4158,-18.75,136.25,73170.06584569285,True,0.0,2.0,148.03583
4159,-18.75,138.75,73170.06584569285,True,0.0,2.0,726.3949
4160,-18.75,141.25,73170.06584569285,True,0.0,2.0,471.26642
4161,-18.75,143.75,73170.0658456936,True,0.0,2.0,1342.5706
4162,-18.75,146.25,73170.06584569285,True,0.0,2.0,192603.53
4163,-18.75,148.75,73170.06584569285,True,0.0,2.0,22140.984
4164,-18.75,151.25,73170.06584569285,False,,2.0,0.0
4165,-18.75,153.75,73170.06584569285,False,,2.0,0.0
4166,-18.75,156.25,73170.06584569285,False,,2.0,0.0
4167,-18.75,158.75,73170.06584569285,False,,2.0,0.0
4168,-18.75,161.25,73170.06584569285,False,,2.0,0.0
4169,-18.75,163.75,73170.06584569285,False,,2.0,824.1986
4170,-18.75,166.25,73170.0658456936,False,,2.0,0.0
4171,-18.75,168.75,73170.06584569285,False,0.0,2.0,35236.63
4172,-18.75,171.25,73170.06584569285,False,,0.0,595.9827
4173,-18.75,173.75,73170.06584569285,False,,0.0,0.0
4174,-18.75,176.25,73170.06584569285,True,0.0,2.0,0.0
4175,-18.75,178.75,73170.06584569285,True,0.0,2.0,405655.6
4176,-16.25,-178.75,74183.83772203056,True,,2.0,17186.283
4177,-16.25,-176.25,74183.83772203056,True,,2.0,2598.524
4178,-16.25,-173.75,74183.83772203056,False,,2.0,800.8309
4179,-16.25,-171.25,74183.83772203131,False,,2.0,0.0
4180,-16.25,-168.75,74183.83772203056,False,,0.0,0.0
4181,-16.25,-166.25,74183.83772203056,False,,0.0,0.0
4182,-16.25,-163.75,74183.83772203056,False,,0.0,0.0
4183,-16.25,-161.25,74183.83772203056,False,,0.0,0.0
4184,-16.25,-158.75,74183.83772203056,False,,0.0,0.0
4185,-16.25,-156.25,74183.83772203056,False,,0.0,0.0
4186,-16.25,-153.75,74183.83772203056,False,,2.0,789.1804
4187,-16.25,-151.25,74183.83772203131,False,,2.0,43458.438
4188,-16.25,-148.75,74183.83772203056,False,,2.0,230932.61
4189,-16.25,-146.25,74183.83772203056,False,,2.0,8054.419
4190,-16.25,-143.75,74183.83772203056,False,,2.0,1421.2163
4191,-16.25,-141.25,74183.83772203056,False,,2.0,1308.8529
4192,-16.25,-138.75,74183.83772203056,False,,2.0,170.3995
4193,-16.25,-136.25,74183.83772203056,False,,2.0,0.0
4194,-16.25,-133.75,74183.83772203056,False,,2.0,0.0
4195,-16.25,-131.25,74183.83772203056,False,,2.0,0.0
4196,-16.25,-128.75,74183.83772203056,False,,0.0,0.0
4197,-16.25,-126.25,74183.83772203056,False,,0.0,0.0
4198,-16.25,-123.75,74183.83772203056,False,,0.0,0.0
4199,-16.25,-121.25,74183.83772203056,False,,0.0,0.0
4200,-16.25,-118.75,74183.83772203056,False,,0.0,0.0
4201,-16.25,-116.25,74183.83772203207,False,,0.0,0.0
4202,-16.25,-113.75,74183.83772203056,False,,0.0,0.0
4203,-16.25,-111.25,74183.83772203056,False,,0.0,0.0
4204,-16.25,-108.75,74183.83772203056,False,,0.0,0.0
4205,-16.25,-106.25,74183.83772203056,False,,0.0,0.0
4206,-16.25,-103.75,74183.83772203056,False,,2.0,0.0
4207,-16.25,-101.25,74183.83772203056,False,,2.0,0.0
4208,-16.25,-98.75,74183.83772203056,False,,,0.0
4209,-16.25,-96.25,74183.83772203056,False,,,0.0
4210,-16.25,-93.75,74183.83772203056,False,,,0.0
4211,-16.25,-91.25,74183.83772203056,False,,,0.0
4212,-16.25,-88.75,74183.83772203056,False,,0.0,0.0
4213,-16.25,-86.25,74183.83772203056,False,,0.0,0.0
4214,-16.25,-83.75,74183.83772203056,False,,0.0,0.0
4215,-16.25,-81.25,74183.83772203056,False,,0.0,0.0
4216,-16.25,-78.75,74183.83772203056,False,,2.0,0.0
4217,-16.25,-76.25,74183.83772203056,True,,2.0,9211.06
4218,-16.25,-73.75,74183.83772203207,True,0.0,2.0,117126.78
4219,-16.25,-71.25,74183.83772203056,True,0.0,2.0,2495067.2
4220,-16.25,-68.75,74183.83772203056,True,0.0,0.0,2692893.0
4221,-16.25,-66.25,74183.83772203056,True,0.0,0.0,3137088.5
4222,-16.25,-63.75,74183.83772203056,True,4.0,0.0,1713096.4
4223,-16.25,-61.25,74183.83772203056,True,0.0,0.0,1184077.0
4224,-16.25,-58.75,74183.83772203056,True,0.0,2.0,198788.16
4225,-16.25,-56.25,74183.83772203056,True,0.0,2.0,1226479.8
4226,-16.25,-53.75,74183.83772203056,True,0.0,2.0,533424.06
4227,-16.25,-51.25,74183.83772203056,True,0.0,2.0,952481.25
4228,-16.25,-48.75,74183.83772203056,True,0.0,2.0,6410982.5
4229,-16.25,-46.25,74183.83772203056,True,0.0,2.0,2594794.0
4230,-16.25,-43.75,74183.83772203056,True,0.0,3.0,1285531.1
4231,-16.25,-41.25,74183.83772203056,True,0.0,3.0,1663969.8
4232,-16.25,-38.75,74183.83772203056,True,0.0,2.0,935086.1
4233,-16.25,-36.25,74183.83772203056,False,,2.0,0.0
4234,-16.25,-33.75,74183.83772203056,False,,0.0,0.0
4235,-16.25,-31.25,74183.83772203056,False,,0.0,0.0
4236,-16.25,-28.75,74183.83772203207,False,,0.0,0.0
4237,-16.25,-26.25,74183.83772203056,False,,0.0,0.0
4238,-16.25,-23.75,74183.83772203056,False,,2.0,0.0
4239,-16.25,-21.25,74183.83772203056,False,,2.0,0.0
4240,-16.25,-18.75,74183.83772203056,False,,0.0,0.0
4241,-16.25,-16.25,74183.83772203056,False,,0.0,0.0
4242,-16.25,-13.75,74183.83772203056,False,,0.0,0.0
4243,-16.25,-11.25,74183.83772203056,False,,0.0,0.0
4244,-16.25,-8.75,74183.83772203056,False,,2.0,0.0
4245,-16.25,-6.25,74183.83772203056,False,,2.0,3049.6523
4246,-16.25,-3.75,74183.83772203056,False,,2.0,0.0
4247,-16.25,-1.25,74183.83772203056,False,,2.0,0.0
4248,-16.25,1.25,74183.83772203064,False,,2.0,0.0
4249,-16.25,3.75,74183.83772203064,False,,2.0,0.0
4250,-16.25,6.25,74183.83772203064,False,,2.0,0.0
4251,-16.25,8.75,74183.83772203066,False,,2.0,0.0
4252,-16.25,11.25,74183.83772203066,True,,2.0,16000.0625
4253,-16.25,13.75,74183.83772203061,True,0.0,2.0,1411687.4
4254,-16.25,16.25,74183.83772203066,True,,,1628001.1
4255,-16.25,18.75,74183.83772203066,True,,,524967.7
4256,-16.25,21.25,74183.83772203066,True,,3.0,84706.85
4257,-16.25,23.75,74183.83772203066,True,0.0,3.0,801056.2
4258,-16.25,26.25,74183.83772203066,True,0.0,2.0,1249486.9
4259,-16.25,28.75,74183.83772203056,True,0.0,2.0,5987395.5
4260,-16.25,31.25,74183.83772203074,True,0.0,2.0,4647019.0
4261,-16.25,33.75,74183.83772203056,True,0.0,2.0,4588990.0
4262,-16.25,36.25,74183.83772203074,True,,2.0,8422857.0
4263,-16.25,38.75,74183.83772203056,True,0.0,2.0,5474703.5
4264,-16.25,41.25,74183.83772203074,True,0.0,2.0,421532.56
4265,-16.25,43.75,74183.83772203056,True,,2.0,195196.56
4266,-16.25,46.25,74183.83772203074,True,-4.0,2.0,1394960.2
4267,-16.25,48.75,74183.83772203056,True,,2.0,3733017.0
4268,-16.25,51.25,74183.83772203074,True,,2.0,172977.17
4269,-16.25,53.75,74183.83772203056,False,,2.0,0.0
4270,-16.25,56.25,74183.83772203056,False,,2.0,0.0
4271,-16.25,58.75,74183.83772203056,False,,2.0,0.0
4272,-16.25,61.25,74183.83772203093,False,,2.0,0.0
4273,-16.25,63.75,74183.83772203056,False,,2.0,0.0
4274,-16.25,66.25,74183.83772203056,False,,2.0,0.0
4275,-16.25,68.75,74183.83772203056,False,,2.0,0.0
4276,-16.25,71.25,74183.83772203093,False,,2.0,0.0
4277,-16.25,73.75,74183.83772203056,False,,2.0,0.0
4278,-16.25,76.25,74183.83772203056,False,,2.0,0.0
4279,-16.25,78.75,74183.83772203056,False,,2.0,0.0
4280,-16.25,81.25,74183.83772203056,False,,2.0,0.0
4281,-16.25,83.75,74183.83772203093,False,,2.0,0.0
4282,-16.25,86.25,74183.83772203056,False,,2.0,0.0
4283,-16.25,88.75,74183.83772203056,False,,2.0,0.0
4284,-16.25,91.25,74183.83772203056,False,,2.0,0.0
4285,-16.25,93.75,74183.83772203093,False,,2.0,0.0
4286,-16.25,96.25,74183.83772203056,False,,2.0,0.0
4287,-16.25,98.75,74183.83772203056,False,,2.0,0.0
4288,-16.25,101.25,74183.83772203056,False,,2.0,0.0
4289,-16.25,103.75,74183.83772203093,False,,2.0,0.0
4290,-16.25,106.25,74183.83772203056,False,,2.0,0.0
4291,-16.25,108.75,74183.83772203056,False,,2.0,0.0
4292,-16.25,111.25,74183.83772203056,False,,2.0,0.0
4293,-16.25,113.75,74183.83772203056,False,,2.0,0.0
4294,-16.25,116.25,74183.83772203056,False,,2.0,0.0
4295,-16.25,118.75,74183.83772203056,False,,2.0,0.016593885
4296,-16.25,121.25,74183.83772203131,True,,0.0,0.0
4297,-16.25,123.75,74183.83772203056,True,3.0,0.0,19294.56
4298,-16.25,126.25,74183.83772203056,True,3.0,0.0,412.9504
4299,-16.25,128.75,74183.83772203056,True,3.0,0.0,7708.9937
4300,-16.25,131.25,74183.83772203056,True,2.0,0.0,1576.3845
4301,-16.25,133.75,74183.83772203056,True,2.0,0.0,1199.0967
4302,-16.25,136.25,74183.83772203056,True,0.0,2.0,1646.8755
4303,-16.25,138.75,74183.83772203056,True,0.0,2.0,2829.9453
4304,-16.25,141.25,74183.83772203056,True,0.0,2.0,2965.2302
4305,-16.25,143.75,74183.83772203131,True,0.0,2.0,1615.0334
4306,-16.25,146.25,74183.83772203056,True,0.0,2.0,229810.86
4307,-16.25,148.75,74183.83772203056,False,,2.0,0.05063288
4308,-16.25,151.25,74183.83772203056,False,,2.0,0.0
4309,-16.25,153.75,74183.83772203056,False,,2.0,0.0
4310,-16.25,156.25,74183.83772203056,False,,2.0,0.0
4311,-16.25,158.75,74183.83772203056,False,,2.0,0.0
4312,-16.25,161.25,74183.83772203056,False,,2.0,0.0
4313,-16.25,163.75,74183.83772203056,False,,2.0,0.0
4314,-16.25,166.25,74183.83772203131,True,0.0,2.0,17240.08
4315,-16.25,168.75,74183.83772203056,True,,2.0,234796.61
4316,-16.25,171.25,74183.83772203056,False,,0.0,0.0
4317,-16.25,173.75,74183.83772203056,False,,0.0,0.0
4318,-16.25,176.25,74183.83772203056,False,,2.0,324.075
4319,-16.25,178.75,74183.83772203056,True,0.0,2.0,501662.4
4320,-13.75,-178.75,75056.39644693054,False,,0.0,3037.936
4321,-13.75,-176.25,75056.39644693054,False,,0.0,7456.5625
4322,-13.75,-173.75,75056.39644693054,True,,2.0,0.0
4323,-13.75,-171.25,75056.3964469313,True,,2.0,255652.69
4324,-13.75,-168.75,75056.39644693054,False,,2.0,1104.7408
4325,-13.75,-166.25,75056.39644693054,False,,2.0,0.0
4326,-13.75,-163.75,75056.39644693054,False,,2.0,0.0
4327,-13.75,-161.25,75056.39644693054,False,,2.0,0.0
4328,-13.75,-158.75,75056.39644693054,False,,0.0,0.0
4329,-13.75,-156.25,75056.39644693054,False,,0.0,0.0
4330,-13.75,-153.75,75056.39644693054,False,,0.0,0.0
4331,-13.75,-151.25,75056.3964469313,False,,0.0,0.0
4332,-13.75,-148.75,75056.39644693054,False,,2.0,598.549
4333,-13.75,-146.25,75056.39644693054,False,,2.0,3437.2222
4334,-13.75,-143.75,75056.39644693054,False,,2.0,1039.237
4335,-13.75,-141.25,75056.39644693054,False,,2.0,354.2439
4336,-13.75,-138.75,75056.39644693054,False,,2.0,101.7752
4337,-13.75,-136.25,75056.39644693054,False,,2.0,0.0
4338,-13.75,-133.75,75056.39644693054,False,,2.0,0.0
4339,-13.75,-131.25,75056.39644693054,False,,2.0,0.0
4340,-13.75,-128.75,75056.39644693054,False,,0.0,0.0
4341,-13.75,-126.25,75056.39644693054,False,,0.0,0.0
4342,-13.75,-123.75,75056.39644693054,False,,0.0,0.0
4343,-13.75,-121.25,75056.39644693054,False,,0.0,0.0
4344,-13.75,-118.75,75056.39644693054,False,,0.0,0.0
4345,-13.75,-116.25,75056.39644693208,False,,0.0,0.0
4346,-13.75,-113.75,75056.39644693054,False,,0.0,0.0
4347,-13.75,-111.25,75056.39644693054,False,,0.0,0.0
4348,-13.75,-108.75,75056.39644693054,False,,0.0,0.0
4349,-13.75,-106.25,75056.39644693054,False,,0.0,0.0
4350,-13.75,-103.75,75056.39644693054,False,,2.0,0.0
4351,-13.75,-101.25,75056.39644693054,False,,2.0,0.0
4352,-13.75,-98.75,75056.39644693054,False,,2.0,0.0
4353,-13.75,-96.25,75056.39644693054,False,,2.0,0.0
4354,-13.75,-93.75,75056.39644693054,False,,,0.0
4355,-13.75,-91.25,75056.39644693054,False,,,0.0
4356,-13.75,-88.75,75056.39644693054,False,,0.0,0.0
4357,-13.75,-86.25,75056.39644693054,False,,0.0,0.0
4358,-13.75,-83.75,75056.39644693054,False,,0.0,0.0
4359,-13.75,-81.25,75056.39644693054,False,,0.0,0.0
4360,-13.75,-78.75,75056.39644693054,False,,0.0,0.0
4361,-13.75,-76.25,75056.39644693054,True,0.0,0.0,1037891.4
4362,-13.75,-73.75,75056.39644693208,True,,0.0,930347.06
4363,-13.75,-71.25,75056.39644693054,True,0.0,0.0,1632235.8
4364,-13.75,-68.75,75056.39644693054,True,0.0,0.0,283479.7
4365,-13.75,-66.25,75056.39644693054,True,0.0,0.0,108692.78
4366,-13.75,-63.75,75056.39644693054,True,0.0,0.0,167822.61
4367,-13.75,-61.25,75056.39644693054,True,,0.0,93419.98
4368,-13.75,-58.75,75056.39644693054,True,,2.0,86344.69
4369,-13.75,-56.25,75056.39644693054,True,0.0,2.0,505648.22
4370,-13.75,-53.75,75056.39644693054,True,,,54465.688
4371,-13.75,-51.25,75056.39644693054,True,,,163576.67
4372,-13.75,-48.75,75056.39644693054,True,,2.0,323243.06
4373,-13.75,-46.25,75056.39644693054,True,,2.0,220133.53
4374,-13.75,-43.75,75056.39644693054,True,0.0,2.0,418665.44
4375,-13.75,-41.25,75056.39644693054,True,0.0,2.0,1644437.0
4376,-13.75,-38.75,75056.39644693054,True,-2.0,2.0,1662241.0
4377,-13.75,-36.25,75056.39644693054,False,,2.0,0.0
4378,-13.75,-33.75,75056.39644693054,False,,2.0,0.0
4379,-13.75,-31.25,75056.39644693054,False,,2.0,0.0
4380,-13.75,-28.75,75056.39644693208,False,,0.0,0.0
4381,-13.75,-26.25,75056.39644693054,False,,0.0,0.0
4382,-13.75,-23.75,75056.39644693054,False,,0.0,0.0
4383,-13.75,-21.25,75056.39644693054,False,,0.0,0.0
4384,-13.75,-18.75,75056.39644693054,False,,0.0,0.0
4385,-13.75,-16.25,75056.39644693054,False,,0.0,0.0
4386,-13.75,-13.75,75056.39644693054,False,,2.0,0.0
4387,-13.75,-11.25,75056.39644693054,False,,2.0,0.0
4388,-13.75,-8.75,75056.39644693054,False,,2.0,0.0
4389,-13.75,-6.25,75056.39644693054,False,,2.0,0.0
4390,-13.75,-3.75,75056.39644693054,False,,2.0,0.0
4391,-13.75,-1.25,75056.39644693054,False,,2.0,0.0
4392,-13.75,1.25,75056.39644693062,False,,2.0,0.0
4393,-13.75,3.75,75056.39644693062,False,,2.0,0.0
4394,-13.75,6.25,75056.39644693061,False,,2.0,0.0
4395,-13.75,8.75,75056.39644693064,False,,2.0,0.0
4396,-13.75,11.25,75056.39644693064,True,,2.0,0.0
4397,-13.75,13.75,75056.3964469306,True,,2.0,2614004.2
4398,-13.75,16.25,75056.39644693064,True,0.0,2.0,1114097.2
4399,-13.75,18.75,75056.39644693064,True,,2.0,200471.89
4400,-13.75,21.25,75056.39644693064,True,,,99282.39
4401,-13.75,23.75,75056.39644693064,True,0.0,,603992.2
4402,-13.75,26.25,75056.39644693064,True,,3.0,268426.22
4403,-13.75,28.75,75056.39644693054,True,0.0,3.0,1857307.5
4404,-13.75,31.25,75056.39644693074,True,0.0,3.0,1054592.4
4405,-13.75,33.75,75056.39644693054,True,0.0,3.0,9784802.0
4406,-13.75,36.25,75056.39644693074,True,0.0,2.0,2795030.0
4407,-13.75,38.75,75056.39644693054,True,3.0,2.0,2420981.8
4408,-13.75,41.25,75056.39644693074,True,4.0,2.0,1625659.0
4409,-13.75,43.75,75056.39644693054,False,,2.0,0.0
4410,-13.75,46.25,75056.39644693074,False,0.0,2.0,49.88663
4411,-13.75,48.75,75056.39644693054,True,-4.0,2.0,1841081.2
4412,-13.75,51.25,75056.39644693074,True,-4.0,2.0,248481.89
4413,-13.75,53.75,75056.39644693054,False,,2.0,0.0
4414,-13.75,56.25,75056.39644693054,False,,2.0,0.0
4415,-13.75,58.75,75056.39644693054,False,,2.0,0.0
4416,-13.75,61.25,75056.39644693091,False,,2.0,0.0
4417,-13.75,63.75,75056.39644693054,False,,2.0,0.0
4418,-13.75,66.25,75056.39644693054,False,,2.0,0.0
4419,-13.75,68.75,75056.39644693054,False,,2.0,0.0
4420,-13.75,71.25,75056.39644693091,False,,2.0,0.0
4421,-13.75,73.75,75056.39644693054,False,,2.0,0.0
4422,-13.75,76.25,75056.39644693054,False,,2.0,0.0
4423,-13.75,78.75,75056.39644693054,False,,2.0,0.0
4424,-13.75,81.25,75056.39644693054,False,,2.0,0.0
4425,-13.75,83.75,75056.39644693091,False,,2.0,0.0
4426,-13.75,86.25,75056.39644693054,False,,2.0,0.0
4427,-13.75,88.75,75056.39644693054,False,,2.0,0.0
4428,-13.75,91.25,75056.39644693054,False,,2.0,0.0
4429,-13.75,93.75,75056.39644693091,False,,2.0,0.0
4430,-13.75,96.25,75056.39644693054,False,,2.0,0.0
4431,-13.75,98.75,75056.39644693054,False,,2.0,0.0
4432,-13.75,101.25,75056.39644693054,False,,1.0,0.0
4433,-13.75,103.75,75056.39644693091,False,,1.0,0.0
4434,-13.75,106.25,75056.39644693054,False,,2.0,0.0
4435,-13.75,108.75,75056.39644693054,False,,2.0,0.0
4436,-13.75,111.25,75056.39644693054,False,,2.0,0.0
4437,-13.75,113.75,75056.39644693054,False,,2.0,0.0
4438,-13.75,116.25,75056.39644693054,False,,0.0,0.0
4439,-13.75,118.75,75056.39644693054,False,,0.0,0.0
4440,-13.75,121.25,75056.3964469313,False,,0.0,0.1144205
4441,-13.75,123.75,75056.39644693054,False,,0.0,0.16956136
4442,-13.75,126.25,75056.39644693054,True,0.0,0.0,518.04285
4443,-13.75,128.75,75056.39644693054,True,,0.0,2740.9482
4444,-13.75,131.25,75056.39644693054,True,0.0,0.0,3009.0444
4445,-13.75,133.75,75056.39644693054,True,0.0,0.0,12255.088
4446,-13.75,136.25,75056.39644693054,True,0.0,2.0,3758.3115
4447,-13.75,138.75,75056.39644693054,False,,2.0,0.0
4448,-13.75,141.25,75056.39644693054,True,0.0,0.0,2008.985
4449,-13.75,143.75,75056.3964469313,True,0.0,0.0,469.0716
4450,-13.75,146.25,75056.39644693054,True,,0.0,5.417762
4451,-13.75,148.75,75056.39644693054,False,,0.0,0.0
4452,-13.75,151.25,75056.39644693054,False,,2.0,0.0
4453,-13.75,153.75,75056.39644693054,False,,2.0,0.0
4454,-13.75,156.25,75056.39644693054,False,,2.0,0.0
4455,-13.75,158.75,75056.39644693054,False,,2.0,0.0
4456,-13.75,161.25,75056.39644693054,False,,2.0,0.0
4457,-13.75,163.75,75056.39644693054,False,,2.0,0.0
4458,-13.75,166.25,75056.3964469313,True,,2.0,3850.7642
4459,-13.75,168.75,75056.39644693054,True,,2.0,11313.133
4460,-13.75,171.25,75056.39644693054,False,,2.0,0.0
4461,-13.75,173.75,75056.39644693054,False,,2.0,0.0
4462,-13.75,176.25,75056.39644693054,False,,2.0,0.0
4463,-13.75,178.75,75056.39644693054,False,,2.0,0.0
4464,-11.25,-178.75,75786.08105526722,False,,0.0,0.0
4465,-11.25,-176.25,75786.08105526722,False,,0.0,0.0
4466,-11.25,-173.75,75786.08105526722,False,,2.0,0.0
4467,-11.25,-171.25,75786.08105526799,False,,2.0,7.810811
4468,-11.25,-168.75,75786.08105526722,False,,2.0,0.0
4469,-11.25,-166.25,75786.08105526722,False,,2.0,392.31998
4470,-11.25,-163.75,75786.08105526722,False,,2.0,0.0
4471,-11.25,-161.25,75786.08105526722,False,,2.0,153.16191
4472,-11.25,-158.75,75786.08105526722,False,,0.0,0.0
4473,-11.25,-156.25,75786.08105526722,False,,0.0,0.0
4474,-11.25,-153.75,75786.08105526722,False,,0.0,0.0
4475,-11.25,-151.25,75786.08105526799,False,,0.0,0.0
4476,-11.25,-148.75,75786.08105526722,False,,2.0,0.0
4477,-11.25,-146.25,75786.08105526722,False,,2.0,0.0
4478,-11.25,-143.75,75786.08105526722,False,,2.0,0.0
4479,-11.25,-141.25,75786.08105526722,False,,2.0,0.0
4480,-11.25,-138.75,75786.08105526722,False,,2.0,631.1937
4481,-11.25,-136.25,75786.08105526722,False,,2.0,0.0
4482,-11.25,-133.75,75786.08105526722,False,,2.0,0.0
4483,-11.25,-131.25,75786.08105526722,False,,2.0,0.0
4484,-11.25,-128.75,75786.08105526722,False,,0.0,0.0
4485,-11.25,-126.25,75786.08105526722,False,,0.0,0.0
4486,-11.25,-123.75,75786.08105526722,False,,0.0,0.0
4487,-11.25,-121.25,75786.08105526722,False,,0.0,0.0
4488,-11.25,-118.75,75786.08105526722,False,,0.0,0.0
4489,-11.25,-116.25,75786.08105526876,False,,0.0,0.0
4490,-11.25,-113.75,75786.08105526722,False,,0.0,0.0
4491,-11.25,-111.25,75786.08105526722,False,,0.0,0.0
4492,-11.25,-108.75,75786.08105526722,False,,0.0,0.0
4493,-11.25,-106.25,75786.08105526722,False,,0.0,0.0
4494,-11.25,-103.75,75786.08105526722,False,,2.0,0.0
4495,-11.25,-101.25,75786.08105526722,False,,2.0,0.0
4496,-11.25,-98.75,75786.08105526722,False,,2.0,0.0
4497,-11.25,-96.25,75786.08105526722,False,,2.0,0.0
4498,-11.25,-93.75,75786.08105526722,False,,,0.0
4499,-11.25,-91.25,75786.08105526722,False,,,0.0
4500,-11.25,-88.75,75786.08105526722,False,,0.0,0.0
4501,-11.25,-86.25,75786.08105526722,False,,0.0,0.0
4502,-11.25,-83.75,75786.08105526722,False,,0.0,0.0
4503,-11.25,-81.25,75786.08105526722,False,,0.0,0.0
4504,-11.25,-78.75,75786.08105526722,True,,0.0,4977.207
4505,-11.25,-76.25,75786.08105526722,True,-3.0,0.0,14590422.0
4506,-11.25,-73.75,75786.08105526876,True,0.0,0.0,1299252.6
4507,-11.25,-71.25,75786.08105526722,True,,0.0,228847.8
4508,-11.25,-68.75,75786.08105526722,True,0.0,0.0,258148.08
4509,-11.25,-66.25,75786.08105526722,True,0.0,0.0,449861.7
4510,-11.25,-63.75,75786.08105526722,True,,0.0,154465.84
4511,-11.25,-61.25,75786.08105526722,True,,0.0,768425.94
4512,-11.25,-58.75,75786.08105526722,True,,2.0,120196.52
4513,-11.25,-56.25,75786.08105526722,True,,2.0,497086.56
4514,-11.25,-53.75,75786.08105526722,True,,,102734.336
4515,-11.25,-51.25,75786.08105526722,True,,,168028.17
4516,-11.25,-48.75,75786.08105526722,True,0.0,2.0,733312.2
4517,-11.25,-46.25,75786.08105526722,True,0.0,2.0,411840.7
4518,-11.25,-43.75,75786.08105526722,True,0.0,2.0,532753.0
4519,-11.25,-41.25,75786.08105526722,True,0.0,2.0,1600007.8
4520,-11.25,-38.75,75786.08105526722,True,-2.0,2.0,7149305.0
4521,-11.25,-36.25,75786.08105526722,True,0.0,2.0,2658513.8
4522,-11.25,-33.75,75786.08105526722,False,,2.0,0.0
4523,-11.25,-31.25,75786.08105526722,False,,2.0,0.0
4524,-11.25,-28.75,75786.08105526876,False,,0.0,0.0
4525,-11.25,-26.25,75786.08105526722,False,,0.0,0.0
4526,-11.25,-23.75,75786.08105526722,False,,0.0,0.0
4527,-11.25,-21.25,75786.08105526722,False,,0.0,0.0
4528,-11.25,-18.75,75786.08105526722,False,,0.0,0.0
4529,-11.25,-16.25,75786.08105526722,False,,0.0,0.0
4530,-11.25,-13.75,75786.08105526722,False,,2.0,0.0
4531,-11.25,-11.25,75786.08105526722,False,,2.0,0.0
4532,-11.25,-8.75,75786.08105526722,False,,2.0,0.0
4533,-11.25,-6.25,75786.08105526722,False,,2.0,0.0
4534,-11.25,-3.75,75786.08105526722,False,,2.0,0.0
4535,-11.25,-1.25,75786.08105526722,False,,2.0,0.0
4536,-11.25,1.25,75786.08105526729,False,,2.0,0.0
4537,-11.25,3.75,75786.08105526729,False,,2.0,0.0
4538,-11.25,6.25,75786.08105526729,False,,2.0,0.0
4539,-11.25,8.75,75786.08105526732,False,,2.0,0.0
4540,-11.25,11.25,75786.08105526732,False,,2.0,0.0
4541,-11.25,13.75,75786.08105526726,True,0.0,2.0,2802595.2
4542,-11.25,16.25,75786.08105526732,True,,2.0,2237592.5
4543,-11.25,18.75,75786.08105526732,True,0.0,2.0,1057868.1
4544,-11.25,21.25,75786.08105526732,True,,,548602.3
4545,-11.25,23.75,75786.08105526732,True,0.0,,1836154.9
4546,-11.25,26.25,75786.08105526732,True,0.0,3.0,3421421.0
4547,-11.25,28.75,75786.08105526722,True,0.0,3.0,9668804.0
4548,-11.25,31.25,75786.08105526741,True,0.0,3.0,950978.25
4549,-11.25,33.75,75786.08105526722,True,-4.0,3.0,4063585.0
4550,-11.25,36.25,75786.08105526741,True,-4.0,2.0,1105710.8
4551,-11.25,38.75,75786.08105526722,True,,2.0,2458432.5
4552,-11.25,41.25,75786.08105526741,True,0.0,2.0,709428.0
4553,-11.25,43.75,75786.08105526722,False,,2.0,892913.4
4554,-11.25,46.25,75786.08105526741,False,,2.0,270350.0
4555,-11.25,48.75,75786.08105526722,True,0.0,2.0,329673.28
4556,-11.25,51.25,75786.08105526741,False,,2.0,33.31192
4557,-11.25,53.75,75786.08105526722,False,,2.0,0.0
4558,-11.25,56.25,75786.08105526722,False,,2.0,262.3082
4559,-11.25,58.75,75786.08105526722,False,,2.0,0.0
4560,-11.25,61.25,75786.08105526761,False,,2.0,0.0
4561,-11.25,63.75,75786.08105526722,False,,2.0,0.0
4562,-11.25,66.25,75786.08105526722,False,,2.0,0.0
4563,-11.25,68.75,75786.08105526722,False,,2.0,0.0
4564,-11.25,71.25,75786.08105526761,False,,2.0,0.0
4565,-11.25,73.75,75786.08105526722,False,,2.0,0.0
4566,-11.25,76.25,75786.08105526722,False,,2.0,0.0
4567,-11.25,78.75,75786.08105526722,False,,2.0,0.0
4568,-11.25,81.25,75786.08105526722,False,,2.0,0.0
4569,-11.25,83.75,75786.08105526761,False,,2.0,0.0
4570,-11.25,86.25,75786.08105526722,False,,2.0,0.0
4571,-11.25,88.75,75786.08105526722,False,,2.0,0.0
4572,-11.25,91.25,75786.08105526722,False,,2.0,0.0
4573,-11.25,93.75,75786.08105526761,False,,2.0,0.0
4574,-11.25,96.25,75786.08105526722,False,,2.0,553.4532
4575,-11.25,98.75,75786.08105526722,False,,2.0,0.0
4576,-11.25,101.25,75786.08105526722,False,,1.0,0.0
4577,-11.25,103.75,75786.08105526761,False,,1.0,0.0
4578,-11.25,106.25,75786.08105526722,False,,2.0,2069.493
4579,-11.25,108.75,75786.08105526722,False,,2.0,0.0
4580,-11.25,111.25,75786.08105526722,False,,2.0,0.0
4581,-11.25,113.75,75786.08105526722,False,,2.0,0.0
4582,-11.25,116.25,75786.08105526722,False,,0.0,0.0
4583,-11.25,118.75,75786.08105526722,True,,0.0,497.8938
4584,-11.25,121.25,75786.08105526799,True,,0.0,180870.78
4585,-11.25,123.75,75786.08105526722,True,2.0,0.0,869815.44
4586,-11.25,126.25,75786.08105526722,False,,0.0,0.0
4587,-11.25,128.75,75786.08105526722,False,,0.0,0.0
4588,-11.25,131.25,75786.08105526722,True,2.0,0.0,124628.016
4589,-11.25,133.75,75786.08105526722,True,0.0,0.0,8017.9146
4590,-11.25,136.25,75786.08105526722,True,0.0,2.0,8992.482
4591,-11.25,138.75,75786.08105526722,False,,2.0,0.0
4592,-11.25,141.25,75786.08105526722,True,0.0,0.0,4685.664
4593,-11.25,143.75,75786.08105526799,True,0.0,0.0,8110.993
4594,-11.25,146.25,75786.08105526722,False,,0.0,0.0
4595,-11.25,148.75,75786.08105526722,True,,0.0,62751.56
4596,-11.25,151.25,75786.08105526722,True,,2.0,70769.4
4597,-11.25,153.75,75786.08105526722,True,,2.0,35831.37
4598,-11.25,156.25,75786.08105526722,False,,2.0,0.0
4599,-11.25,158.75,75786.08105526722,False,,2.0,1376.011
4600,-11.25,161.25,75786.08105526722,True,,2.0,35806.535
4601,-11.25,163.75,75786.08105526722,False,,2.0,16462.01
4602,-11.25,166.25,75786.08105526799,False,,2.0,22371.596
4603,-11.25,168.75,75786.08105526722,False,,2.0,1368.4009
4604,-11.25,171.25,75786.08105526722,False,,2.0,100.8574
4605,-11.25,173.75,75786.08105526722,False,,2.0,0.0
4606,-11.25,176.25,75786.08105526722,False,,2.0,40.19189
4607,-11.25,178.75,75786.08105526722,False,,2.0,1322.8131
4608,-8.75,-178.75,76371.50255091584,False,,2.0,0.0
4609,-8.75,-176.25,76371.50255091584,False,,2.0,0.0
4610,-8.75,-173.75,76371.50255091584,False,,0.0,0.0
4611,-8.75,-171.25,76371.50255091663,False,,0.0,1317.1477
4612,-8.75,-168.75,76371.50255091584,False,,0.0,0.0
4613,-8.75,-166.25,76371.50255091584,False,,0.0,0.0
4614,-8.75,-163.75,76371.50255091584,False,,0.0,0.0
4615,-8.75,-161.25,76371.50255091584,False,,0.0,4.554935
4616,-8.75,-158.75,76371.50255091584,False,,2.0,53.858513
4617,-8.75,-156.25,76371.50255091584,False,,2.0,79.96112
4618,-8.75,-153.75,76371.50255091584,False,,2.0,0.0
4619,-8.75,-151.25,76371.50255091663,False,,2.0,0.0
4620,-8.75,-148.75,76371.50255091584,False,,0.0,0.0
4621,-8.75,-146.25,76371.50255091584,False,,0.0,0.0
4622,-8.75,-143.75,76371.50255091584,False,,0.0,0.0
4623,-8.75,-141.25,76371.50255091584,False,,0.0,4453.218
4624,-8.75,-138.75,76371.50255091584,False,,0.0,3161.659
4625,-8.75,-136.25,76371.50255091584,False,,0.0,0.0
4626,-8.75,-133.75,76371.50255091584,False,,2.0,0.0
4627,-8.75,-131.25,76371.50255091584,False,,2.0,0.0
4628,-8.75,-128.75,76371.50255091584,False,,2.0,0.0
4629,-8.75,-126.25,76371.50255091584,False,,2.0,0.0
4630,-8.75,-123.75,76371.50255091584,False,,2.0,0.0
4631,-8.75,-121.25,76371.50255091584,False,,2.0,0.0
4632,-8.75,-118.75,76371.50255091584,False,,2.0,0.0
4633,-8.75,-116.25,76371.5025509174,False,,2.0,0.0
4634,-8.75,-113.75,76371.50255091584,False,,2.0,0.0
4635,-8.75,-111.25,76371.50255091584,False,,2.0,0.0
4636,-8.75,-108.75,76371.50255091584,False,,2.0,0.0
4637,-8.75,-106.25,76371.50255091584,False,,2.0,0.0
4638,-8.75,-103.75,76371.50255091584,False,,2.0,0.0
4639,-8.75,-101.25,76371.50255091584,False,,2.0,0.0
4640,-8.75,-98.75,76371.50255091584,False,,2.0,0.0
4641,-8.75,-96.25,76371.50255091584,False,,2.0,0.0
4642,-8.75,-93.75,76371.50255091584,False,,2.0,0.0
4643,-8.75,-91.25,76371.50255091584,False,,2.0,0.0
4644,-8.75,-88.75,76371.50255091584,False,,0.0,0.0
4645,-8.75,-86.25,76371.50255091584,False,,0.0,0.0
4646,-8.75,-83.75,76371.50255091584,False,,0.0,0.0
4647,-8.75,-81.25,76371.50255091584,False,,0.0,0.0
4648,-8.75,-78.75,76371.50255091584,True,-4.0,2.0,1832014.2
4649,-8.75,-76.25,76371.50255091584,True,0.0,2.0,1575455.6
4650,-8.75,-73.75,76371.5025509174,True,0.0,0.0,433002.78
4651,-8.75,-71.25,76371.50255091584,True,,0.0,142863.0
4652,-8.75,-68.75,76371.50255091584,True,4.0,2.0,74397.99
4653,-8.75,-66.25,76371.50255091584,True,,2.0,459107.62
4654,-8.75,-63.75,76371.50255091584,True,-3.0,,693407.1
4655,-8.75,-61.25,76371.50255091584,True,,,113027.914
4656,-8.75,-58.75,76371.50255091584,True,,,73221.59
4657,-8.75,-56.25,76371.50255091584,True,,,121313.2
4658,-8.75,-53.75,76371.50255091584,True,,,38650.09
4659,-8.75,-51.25,76371.50255091584,True,,,222198.06
4660,-8.75,-48.75,76371.50255091584,True,0.0,3.0,271493.44
4661,-8.75,-46.25,76371.50255091584,True,,3.0,107980.516
4662,-8.75,-43.75,76371.50255091584,True,,2.0,173283.11
4663,-8.75,-41.25,76371.50255091584,True,0.0,2.0,1132937.0
4664,-8.75,-38.75,76371.50255091584,True,0.0,0.0,707353.5
4665,-8.75,-36.25,76371.50255091584,True,0.0,0.0,6838304.0
4666,-8.75,-33.75,76371.50255091584,True,0.0,2.0,2497381.0
4667,-8.75,-31.25,76371.50255091584,False,,2.0,0.0
4668,-8.75,-28.75,76371.5025509174,False,,2.0,0.0
4669,-8.75,-26.25,76371.50255091584,False,,2.0,0.0
4670,-8.75,-23.75,76371.50255091584,False,,2.0,0.0
4671,-8.75,-21.25,76371.50255091584,False,,2.0,0.0
4672,-8.75,-18.75,76371.50255091584,False,,2.0,0.0
4673,-8.75,-16.25,76371.50255091584,False,,2.0,0.0
4674,-8.75,-13.75,76371.50255091584,False,,2.0,0.0
4675,-8.75,-11.25,76371.50255091584,False,,2.0,0.0
4676,-8.75,-8.75,76371.50255091584,False,,2.0,0.0
4677,-8.75,-6.25,76371.50255091584,False,,2.0,0.0
4678,-8.75,-3.75,76371.50255091584,False,,2.0,0.0
4679,-8.75,-1.25,76371.50255091584,False,,2.0,0.0
4680,-8.75,1.25,76371.50255091593,False,,2.0,0.0
4681,-8.75,3.75,76371.50255091593,False,,2.0,0.0
4682,-8.75,6.25,76371.50255091592,False,,2.0,0.0
4683,-8.75,8.75,76371.50255091595,False,,2.0,0.0
4684,-8.75,11.25,76371.50255091595,False,,2.0,0.0
4685,-8.75,13.75,76371.5025509159,True,-2.0,2.0,17501914.0
4686,-8.75,16.25,76371.50255091595,True,,,902615.06
4687,-8.75,18.75,76371.50255091595,True,,,464461.53
4688,-8.75,21.25,76371.50255091595,True,,,551608.8
4689,-8.75,23.75,76371.50255091595,True,,,2115428.5
4690,-8.75,26.25,76371.50255091595,True,,,2946847.5
4691,-8.75,28.75,76371.50255091584,True,,,3012375.0
4692,-8.75,31.25,76371.50255091603,True,0.0,2.0,1373610.0
4693,-8.75,33.75,76371.50255091584,True,0.0,2.0,4874449.5
4694,-8.75,36.25,76371.50255091603,True,0.0,1.0,1231652.0
4695,-8.75,38.75,76371.50255091584,True,,1.0,542779.9
4696,-8.75,41.25,76371.50255091603,False,,2.0,0.0
4697,-8.75,43.75,76371.50255091584,False,,2.0,0.0
4698,-8.75,46.25,76371.50255091603,False,,2.0,643.2457
4699,-8.75,48.75,76371.50255091584,False,,2.0,22.8874
4700,-8.75,51.25,76371.50255091603,False,,2.0,18.16404
4701,-8.75,53.75,76371.50255091584,False,,2.0,0.0
4702,-8.75,56.25,76371.50255091584,False,,2.0,0.0
4703,-8.75,58.75,76371.50255091584,False,,2.0,0.0
4704,-8.75,61.25,76371.50255091624,False,,2.0,0.0
4705,-8.75,63.75,76371.50255091584,False,,2.0,0.0
4706,-8.75,66.25,76371.50255091584,False,,2.0,0.0
4707,-8.75,68.75,76371.50255091584,False,,2.0,0.0
4708,-8.75,71.25,76371.50255091624,False,,2.0,0.0
4709,-8.75,73.75,76371.50255091584,False,,2.0,0.0
4710,-8.75,76.25,76371.50255091584,False,,2.0,0.0
4711,-8.75,78.75,76371.50255091584,False,,2.0,0.0
4712,-8.75,81.25,76371.50255091584,False,,2.0,0.0
4713,-8.75,83.75,76371.50255091624,False,,2.0,0.0
4714,-8.75,86.25,76371.50255091584,False,,2.0,0.0
4715,-8.75,88.75,76371.50255091584,False,,2.0,0.0
4716,-8.75,91.25,76371.50255091584,False,,2.0,0.0
4717,-8.75,93.75,76371.50255091624,False,,2.0,0.0
4718,-8.75,96.25,76371.50255091584,False,,2.0,0.0
4719,-8.75,98.75,76371.50255091584,False,,2.0,0.0
4720,-8.75,101.25,76371.50255091584,False,,2.0,0.0
4721,-8.75,103.75,76371.50255091624,False,,2.0,0.0
4722,-8.75,106.25,76371.50255091584,True,,2.0,0.0
4723,-8.75,108.75,76371.50255091584,True,0.0,2.0,0.0
4724,-8.75,111.25,76371.50255091584,True,,2.0,2717360.5
4725,-8.75,113.75,76371.50255091584,True,0.0,2.0,9305672.0
4726,-8.75,116.25,76371.50255091584,True,0.0,2.0,8012452.0
4727,-8.75,118.75,76371.50255091584,True,0.0,2.0,2222238.0
4728,-8.75,121.25,76371.50255091663,True,0.0,0.0,1634239.4
4729,-8.75,123.75,76371.50255091584,True,2.0,0.0,2274111.0
4730,-8.75,126.25,76371.50255091584,True,,2.0,1440182.5
4731,-8.75,128.75,76371.50255091584,False,,2.0,40775.92
4732,-8.75,131.25,76371.50255091584,True,0.0,0.0,10507.77
4733,-8.75,133.75,76371.50255091584,False,,0.0,0.0
4734,-8.75,136.25,76371.50255091584,False,,2.0,0.0
4735,-8.75,138.75,76371.50255091584,True,,2.0,69643.07
4736,-8.75,141.25,76371.50255091584,True,3.0,2.0,105401.88
4737,-8.75,143.75,76371.50255091663,True,0.0,2.0,40519.84
4738,-8.75,146.25,76371.50255091584,True,0.0,2.0,96422.234
4739,-8.75,148.75,76371.50255091584,True,,2.0,820083.06
4740,-8.75,151.25,76371.50255091584,True,,2.0,137310.2
4741,-8.75,153.75,76371.50255091584,False,,2.0,20867.918
4742,-8.75,156.25,76371.50255091584,True,-4.0,2.0,18001.43
4743,-8.75,158.75,76371.50255091584,True,-4.0,2.0,219554.16
4744,-8.75,161.25,76371.50255091584,True,0.0,2.0,289371.9
4745,-8.75,163.75,76371.50255091584,False,,2.0,503.5133
4746,-8.75,166.25,76371.50255091663,False,,2.0,0.0
4747,-8.75,168.75,76371.50255091584,False,,2.0,584.2729
4748,-8.75,171.25,76371.50255091584,False,,2.0,0.0
4749,-8.75,173.75,76371.50255091584,False,,2.0,0.0
4750,-8.75,176.25,76371.50255091584,False,,2.0,0.0
4751,-8.75,178.75,76371.50255091584,False,,2.0,8688.5625
4752,-6.25,-178.75,76811.54655078637,False,,2.0,0.0
4753,-6.25,-176.25,76811.54655078637,False,,2.0,0.0
4754,-6.25,-173.75,76811.54655078637,False,,0.0,0.0
4755,-6.25,-171.25,76811.54655078714,False,,0.0,0.0
4756,-6.25,-168.75,76811.54655078637,False,,0.0,0.0
4757,-6.25,-166.25,76811.54655078637,False,,0.0,0.0
4758,-6.25,-163.75,76811.54655078637,False,,0.0,0.0
4759,-6.25,-161.25,76811.54655078637,False,,0.0,0.0
4760,-6.25,-158.75,76811.54655078637,False,,2.0,0.0
4761,-6.25,-156.25,76811.54655078637,False,,2.0,0.0
4762,-6.25,-153.75,76811.54655078637,False,,2.0,0.0
4763,-6.25,-151.25,76811.54655078714,False,,2.0,0.0
4764,-6.25,-148.75,76811.54655078637,False,,0.0,0.0
4765,-6.25,-146.25,76811.54655078637,False,,0.0,0.0
4766,-6.25,-143.75,76811.54655078637,False,,0.0,0.0
4767,-6.25,-141.25,76811.54655078637,False,,0.0,320.8619
4768,-6.25,-138.75,76811.54655078637,False,,0.0,0.0
4769,-6.25,-136.25,76811.54655078637,False,,0.0,0.0
4770,-6.25,-133.75,76811.54655078637,False,,2.0,0.0
4771,-6.25,-131.25,76811.54655078637,False,,2.0,0.0
4772,-6.25,-128.75,76811.54655078637,False,,2.0,0.0
4773,-6.25,-126.25,76811.54655078637,False,,2.0,0.0
4774,-6.25,-123.75,76811.54655078637,False,,2.0,0.0
4775,-6.25,-121.25,76811.54655078637,False,,2.0,0.0
4776,-6.25,-118.75,76811.54655078637,False,,2.0,0.0
4777,-6.25,-116.25,76811.54655078793,False,,2.0,0.0
4778,-6.25,-113.75,76811.54655078637,False,,2.0,0.0
4779,-6.25,-111.25,76811.54655078637,False,,2.0,0.0
4780,-6.25,-108.75,76811.54655078637,False,,2.0,0.0
4781,-6.25,-106.25,76811.54655078637,False,,2.0,0.0
4782,-6.25,-103.75,76811.54655078637,False,,2.0,0.0
4783,-6.25,-101.25,76811.54655078637,False,,2.0,0.0
4784,-6.25,-98.75,76811.54655078637,False,,2.0,0.0
4785,-6.25,-96.25,76811.54655078637,False,,2.0,0.0
4786,-6.25,-93.75,76811.54655078637,False,,2.0,0.0
4787,-6.25,-91.25,76811.54655078637,False,,2.0,0.0
4788,-6.25,-88.75,76811.54655078637,False,,0.0,0.0
4789,-6.25,-86.25,76811.54655078637,False,,0.0,0.0
4790,-6.25,-83.75,76811.54655078637,False,,0.0,0.0
4791,-6.25,-81.25,76811.54655078637,True,0.0,0.0,1054916.1
4792,-6.25,-78.75,76811.54655078637,True,0.0,2.0,3796015.5
4793,-6.25,-76.25,76811.54655078637,True,0.0,2.0,1478119.2
4794,-6.25,-73.75,76811.54655078793,True,,0.0,174435.58
4795,-6.25,-71.25,76811.54655078637,True,,0.0,204783.6
4796,-6.25,-68.75,76811.54655078637,True,,2.0,41244.633
4797,-6.25,-66.25,76811.54655078637,True,,2.0,28920.406
4798,-6.25,-63.75,76811.54655078637,True,,,108617.56
4799,-6.25,-61.25,76811.54655078637,True,,,98349.11
4800,-6.25,-58.75,76811.54655078637,True,,,24601.922
4801,-6.25,-56.25,76811.54655078637,True,,,48084.902
4802,-6.25,-53.75,76811.54655078637,True,,,3628.7063
4803,-6.25,-51.25,76811.54655078637,True,,,439824.97
4804,-6.25,-48.75,76811.54655078637,True,0.0,3.0,1351990.5
4805,-6.25,-46.25,76811.54655078637,True,0.0,3.0,1273455.4
4806,-6.25,-43.75,76811.54655078637,True,0.0,2.0,809028.3
4807,-6.25,-41.25,76811.54655078637,True,0.0,2.0,2550275.8
4808,-6.25,-38.75,76811.54655078637,True,0.0,0.0,2850264.0
4809,-6.25,-36.25,76811.54655078637,True,0.0,0.0,7344960.0
4810,-6.25,-33.75,76811.54655078637,True,,2.0,2319778.0
4811,-6.25,-31.25,76811.54655078637,False,,2.0,0.0
4812,-6.25,-28.75,76811.54655078793,False,,2.0,0.0
4813,-6.25,-26.25,76811.54655078637,False,,2.0,0.0
4814,-6.25,-23.75,76811.54655078637,False,,2.0,0.0
4815,-6.25,-21.25,76811.54655078637,False,,2.0,0.0
4816,-6.25,-18.75,76811.54655078637,False,,2.0,0.0
4817,-6.25,-16.25,76811.54655078637,False,,2.0,0.0
4818,-6.25,-13.75,76811.54655078637,False,,2.0,707.6074
4819,-6.25,-11.25,76811.54655078637,False,,2.0,0.0
4820,-6.25,-8.75,76811.54655078637,False,,2.0,0.0
4821,-6.25,-6.25,76811.54655078637,False,,2.0,0.0
4822,-6.25,-3.75,76811.54655078637,False,,2.0,0.0
4823,-6.25,-1.25,76811.54655078637,False,,2.0,0.0
4824,-6.25,1.25,76811.54655078646,False,,2.0,0.0
4825,-6.25,3.75,76811.54655078646,False,,2.0,0.0
4826,-6.25,6.25,76811.54655078643,False,,2.0,0.0
4827,-6.25,8.75,76811.54655078646,False,,2.0,0.0
4828,-6.25,11.25,76811.54655078646,True,,2.0,11.06612
4829,-6.25,13.75,76811.54655078641,True,,2.0,4175115.0
4830,-6.25,16.25,76811.54655078646,True,,,1623875.0
4831,-6.25,18.75,76811.54655078646,True,,,4077642.5
4832,-6.25,21.25,76811.54655078646,True,,,5702981.0
4833,-6.25,23.75,76811.54655078646,True,,,15700199.0
4834,-6.25,26.25,76811.54655078646,True,,,4958402.0
4835,-6.25,28.75,76811.54655078637,True,,,4826506.5
4836,-6.25,31.25,76811.54655078656,True,,2.0,1854058.5
4837,-6.25,33.75,76811.54655078637,True,0.0,2.0,1508365.1
4838,-6.25,36.25,76811.54655078656,True,0.0,1.0,3526734.0
4839,-6.25,38.75,76811.54655078637,True,-3.0,1.0,12889882.0
4840,-6.25,41.25,76811.54655078656,False,,2.0,0.0
4841,-6.25,43.75,76811.54655078637,False,,2.0,0.0
4842,-6.25,46.25,76811.54655078656,False,,2.0,0.0
4843,-6.25,48.75,76811.54655078637,False,,2.0,0.0
4844,-6.25,51.25,76811.54655078656,False,,2.0,0.0
4845,-6.25,53.75,76811.54655078637,False,,2.0,60.795944
4846,-6.25,56.25,76811.54655078637,False,,2.0,38.11822
4847,-6.25,58.75,76811.54655078637,False,,2.0,0.0
4848,-6.25,61.25,76811.54655078675,False,,2.0,0.0
4849,-6.25,63.75,76811.54655078637,False,,2.0,0.0
4850,-6.25,66.25,76811.54655078637,False,,2.0,0.0
4851,-6.25,68.75,76811.54655078637,False,,2.0,0.0
4852,-6.25,71.25,76811.54655078675,False,,2.0,0.0
4853,-6.25,73.75,76811.54655078637,False,,2.0,0.0
4854,-6.25,76.25,76811.54655078637,False,,2.0,0.0
4855,-6.25,78.75,76811.54655078637,False,,2.0,0.0
4856,-6.25,81.25,76811.54655078637,False,,2.0,0.0
4857,-6.25,83.75,76811.54655078675,False,,2.0,0.0
4858,-6.25,86.25,76811.54655078637,False,,2.0,0.0
4859,-6.25,88.75,76811.54655078637,False,,2.0,0.0
4860,-6.25,91.25,76811.54655078637,False,,2.0,0.0
4861,-6.25,93.75,76811.54655078675,False,,2.0,0.0
4862,-6.25,96.25,76811.54655078637,False,,2.0,0.0
4863,-6.25,98.75,76811.54655078637,False,,2.0,0.0
4864,-6.25,101.25,76811.54655078637,False,,2.0,0.0
4865,-6.25,103.75,76811.54655078675,True,,2.0,1623577.1
4866,-6.25,106.25,76811.54655078637,True,0.0,2.0,43942536.0
4867,-6.25,108.75,76811.54655078637,True,0.0,2.0,51951850.0
4868,-6.25,111.25,76811.54655078637,True,0.0,2.0,29535540.0
4869,-6.25,113.75,76811.54655078637,True,0.0,2.0,22987924.0
4870,-6.25,116.25,76811.54655078637,False,,2.0,349952.66
4871,-6.25,118.75,76811.54655078637,True,0.0,2.0,3520989.5
4872,-6.25,121.25,76811.54655078714,True,,0.0,1023919.4
4873,-6.25,123.75,76811.54655078637,True,0.0,0.0,733786.25
4874,-6.25,126.25,76811.54655078637,False,,2.0,47671.45
4875,-6.25,128.75,76811.54655078637,False,,2.0,19361.066
4876,-6.25,131.25,76811.54655078637,True,,0.0,114834.72
4877,-6.25,133.75,76811.54655078637,True,0.0,0.0,243217.48
4878,-6.25,136.25,76811.54655078637,True,,2.0,0.0
4879,-6.25,138.75,76811.54655078637,True,,2.0,487006.06
4880,-6.25,141.25,76811.54655078637,True,0.0,2.0,343339.22
4881,-6.25,143.75,76811.54655078714,True,,2.0,3505712.8
4882,-6.25,146.25,76811.54655078637,True,0.0,2.0,1767809.5
4883,-6.25,148.75,76811.54655078637,True,,2.0,410066.28
4884,-6.25,151.25,76811.54655078637,True,,2.0,248627.42
4885,-6.25,153.75,76811.54655078637,True,,2.0,111877.65
4886,-6.25,156.25,76811.54655078637,True,-4.0,2.0,233820.48
4887,-6.25,158.75,76811.54655078637,False,,2.0,21965.416
4888,-6.25,161.25,76811.54655078637,False,,2.0,0.0
4889,-6.25,163.75,76811.54655078637,False,,2.0,0.0
4890,-6.25,166.25,76811.54655078714,False,,2.0,0.0
4891,-6.25,168.75,76811.54655078637,False,,2.0,0.0
4892,-6.25,171.25,76811.54655078637,False,,2.0,0.0
4893,-6.25,173.75,76811.54655078637,False,,2.0,0.0
4894,-6.25,176.25,76811.54655078637,False,,2.0,891.435
4895,-6.25,178.75,76811.54655078637,False,,2.0,2633.2905
4896,-3.75,-178.75,77105.37540611457,False,,2.0,0.0
4897,-3.75,-176.25,77105.37540611457,False,,2.0,0.0
4898,-3.75,-173.75,77105.37540611457,False,,0.0,0.0
4899,-3.75,-171.25,77105.37540611536,False,,0.0,0.0
4900,-3.75,-168.75,77105.37540611457,False,,0.0,0.0
4901,-3.75,-166.25,77105.37540611457,False,,0.0,0.0
4902,-3.75,-163.75,77105.37540611457,False,,0.0,0.0
4903,-3.75,-161.25,77105.37540611457,False,,0.0,0.0
4904,-3.75,-158.75,77105.37540611457,False,,0.0,0.0
4905,-3.75,-156.25,77105.37540611457,False,,0.0,0.0
4906,-3.75,-153.75,77105.37540611457,False,,2.0,0.0
4907,-3.75,-151.25,77105.37540611536,False,,2.0,0.0
4908,-3.75,-148.75,77105.37540611457,False,,0.0,0.0
4909,-3.75,-146.25,77105.37540611457,False,,0.0,0.0
4910,-3.75,-143.75,77105.37540611457,False,,2.0,0.0
4911,-3.75,-141.25,77105.37540611457,False,,2.0,0.0
4912,-3.75,-138.75,77105.37540611457,False,,0.0,0.0
4913,-3.75,-136.25,77105.37540611457,False,,0.0,0.0
4914,-3.75,-133.75,77105.37540611457,False,,,0.0
4915,-3.75,-131.25,77105.37540611457,False,,,0.0
4916,-3.75,-128.75,77105.37540611457,False,,2.0,0.0
4917,-3.75,-126.25,77105.37540611457,False,,2.0,0.0
4918,-3.75,-123.75,77105.37540611457,False,,2.0,0.0
4919,-3.75,-121.25,77105.37540611457,False,,2.0,0.0
4920,-3.75,-118.75,77105.37540611457,False,,2.0,0.0
4921,-3.75,-116.25,77105.37540611615,False,,2.0,0.0
4922,-3.75,-113.75,77105.37540611457,False,,2.0,0.0
4923,-3.75,-111.25,77105.37540611457,False,,2.0,0.0
4924,-3.75,-108.75,77105.37540611457,False,,2.0,0.0
4925,-3.75,-106.25,77105.37540611457,False,,2.0,0.0
4926,-3.75,-103.75,77105.37540611457,False,,2.0,0.0
4927,-3.75,-101.25,77105.37540611457,False,,2.0,0.0
4928,-3.75,-98.75,77105.37540611457,False,,2.0,0.0
4929,-3.75,-96.25,77105.37540611457,False,,2.0,0.0
4930,-3.75,-93.75,77105.37540611457,False,,2.0,0.0
4931,-3.75,-91.25,77105.37540611457,False,,2.0,0.0
4932,-3.75,-88.75,77105.37540611457,False,,2.0,0.0
4933,-3.75,-86.25,77105.37540611457,False,,2.0,0.0
4934,-3.75,-83.75,77105.37540611457,False,,2.0,0.0
4935,-3.75,-81.25,77105.37540611457,True,0.0,2.0,1186121.1
4936,-3.75,-78.75,77105.37540611457,True,0.0,2.0,1532154.8
4937,-3.75,-76.25,77105.37540611457,True,,2.0,136829.27
4938,-3.75,-73.75,77105.37540611615,True,0.0,0.0,595763.94
4939,-3.75,-71.25,77105.37540611457,True,0.0,0.0,215107.5
4940,-3.75,-68.75,77105.37540611457,True,,2.0,183637.84
4941,-3.75,-66.25,77105.37540611457,True,0.0,2.0,59409.28
4942,-3.75,-63.75,77105.37540611457,True,0.0,2.0,153690.06
4943,-3.75,-61.25,77105.37540611457,True,0.0,2.0,1253502.8
4944,-3.75,-58.75,77105.37540611457,True,,2.0,1551623.8
4945,-3.75,-56.25,77105.37540611457,True,0.0,2.0,238886.72
4946,-3.75,-53.75,77105.37540611457,True,,0.0,136171.08
4947,-3.75,-51.25,77105.37540611457,True,0.0,0.0,305443.3
4948,-3.75,-48.75,77105.37540611457,True,,2.0,516123.06
4949,-3.75,-46.25,77105.37540611457,True,,2.0,1335477.1
4950,-3.75,-43.75,77105.37540611457,True,0.0,2.0,1605879.5
4951,-3.75,-41.25,77105.37540611457,True,0.0,2.0,2341504.8
4952,-3.75,-38.75,77105.37540611457,True,0.0,2.0,5529696.5
4953,-3.75,-36.25,77105.37540611457,True,,2.0,292748.53
4954,-3.75,-33.75,77105.37540611457,False,,2.0,0.0
4955,-3.75,-31.25,77105.37540611457,False,,2.0,3370.24
4956,-3.75,-28.75,77105.37540611615,False,,2.0,0.0
4957,-3.75,-26.25,77105.37540611457,False,,2.0,0.0
4958,-3.75,-23.75,77105.37540611457,False,,2.0,0.0
4959,-3.75,-21.25,77105.37540611457,False,,2.0,0.0
4960,-3.75,-18.75,77105.37540611457,False,,2.0,0.0
4961,-3.75,-16.25,77105.37540611457,False,,2.0,0.0
4962,-3.75,-13.75,77105.37540611457,False,,2.0,0.0
4963,-3.75,-11.25,77105.37540611457,False,,2.0,0.0
4964,-3.75,-8.75,77105.37540611457,False,,2.0,0.0
4965,-3.75,-6.25,77105.37540611457,False,,2.0,0.0
4966,-3.75,-3.75,77105.37540611457,False,,2.0,0.0
4967,-3.75,-1.25,77105.37540611457,False,,2.0,0.0
4968,-3.75,1.25,77105.37540611466,False,,2.0,0.0
4969,-3.75,3.75,77105.37540611466,False,,2.0,0.0
4970,-3.75,6.25,77105.37540611465,False,,2.0,0.0
4971,-3.75,8.75,77105.37540611468,True,,2.0,0.0
4972,-3.75,11.25,77105.37540611468,True,0.0,2.0,479141.7
4973,-3.75,13.75,77105.37540611463,True,0.0,2.0,1091812.6
4974,-3.75,16.25,77105.37540611468,True,0.0,2.0,9565499.0
4975,-3.75,18.75,77105.37540611468,True,,2.0,2665044.5
4976,-3.75,21.25,77105.37540611468,True,,,1478055.2
4977,-3.75,23.75,77105.37540611468,True,,,764533.06
4978,-3.75,26.25,77105.37540611468,True,,,1423395.6
4979,-3.75,28.75,77105.37540611457,True,0.0,,9135489.0
4980,-3.75,31.25,77105.37540611478,True,,2.0,4262559.0
4981,-3.75,33.75,77105.37540611457,True,,2.0,6296588.5
4982,-3.75,36.25,77105.37540611478,True,0.0,2.0,3534940.0
4983,-3.75,38.75,77105.37540611457,True,0.0,2.0,6614374.5
4984,-3.75,41.25,77105.37540611478,True,0.0,2.0,338967.6
4985,-3.75,43.75,77105.37540611457,False,,2.0,0.0
4986,-3.75,46.25,77105.37540611478,False,,2.0,0.0
4987,-3.75,48.75,77105.37540611457,False,,2.0,0.0
4988,-3.75,51.25,77105.37540611478,False,,2.0,0.0
4989,-3.75,53.75,77105.37540611457,False,,2.0,0.255026
4990,-3.75,56.25,77105.37540611457,False,,2.0,104328.484
4991,-3.75,58.75,77105.37540611457,False,,2.0,0.0
4992,-3.75,61.25,77105.37540611497,False,,2.0,0.0
4993,-3.75,63.75,77105.37540611457,False,,2.0,0.0
4994,-3.75,66.25,77105.37540611457,False,,2.0,0.0
4995,-3.75,68.75,77105.37540611457,False,,2.0,0.0
4996,-3.75,71.25,77105.37540611497,False,,2.0,0.0
4997,-3.75,73.75,77105.37540611457,False,,2.0,0.0
4998,-3.75,76.25,77105.37540611457,False,,2.0,0.0
4999,-3.75,78.75,77105.37540611457,False,,2.0,0.0
5000,-3.75,81.25,77105.37540611457,False,,2.0,0.0
5001,-3.75,83.75,77105.37540611497,False,,2.0,0.0
5002,-3.75,86.25,77105.37540611457,False,,2.0,0.0
5003,-3.75,88.75,77105.37540611457,False,,2.0,0.0
5004,-3.75,91.25,77105.37540611457,False,,2.0,0.0
5005,-3.75,93.75,77105.37540611497,False,,2.0,0.0
5006,-3.75,96.25,77105.37540611457,False,,2.0,0.0
5007,-3.75,98.75,77105.37540611457,False,,2.0,0.0
5008,-3.75,101.25,77105.37540611457,True,,2.0,128570.97
5009,-3.75,103.75,77105.37540611497,True,0.0,2.0,7753516.5
5010,-3.75,106.25,77105.37540611457,True,,2.0,2617566.0
5011,-3.75,108.75,77105.37540611457,True,0.0,2.0,97557.55
5012,-3.75,111.25,77105.37540611457,True,0.0,2.0,34061.043
5013,-3.75,113.75,77105.37540611457,True,0.0,2.0,1911220.0
5014,-3.75,116.25,77105.37540611457,True,0.0,0.0,1073130.1
5015,-3.75,118.75,77105.37540611457,True,0.0,0.0,2952458.0
5016,-3.75,121.25,77105.37540611536,True,0.0,,2435379.8
5017,-3.75,123.75,77105.37540611457,True,,,1318183.5
5018,-3.75,126.25,77105.37540611457,True,,0.0,204616.86
5019,-3.75,128.75,77105.37540611457,True,4.0,0.0,1165382.6
5020,-3.75,131.25,77105.37540611457,True,0.0,2.0,126554.586
5021,-3.75,133.75,77105.37540611457,True,,2.0,193728.72
5022,-3.75,136.25,77105.37540611457,True,3.0,2.0,1561143.1
5023,-3.75,138.75,77105.37540611457,True,,2.0,2986274.8
5024,-3.75,141.25,77105.37540611457,True,0.0,2.0,419726.25
5025,-3.75,143.75,77105.37540611536,True,0.0,2.0,736018.2
5026,-3.75,146.25,77105.37540611457,True,,2.0,178698.86
5027,-3.75,148.75,77105.37540611457,True,,2.0,620.3852
5028,-3.75,151.25,77105.37540611457,True,0.0,2.0,139200.0
5029,-3.75,153.75,77105.37540611457,True,,2.0,262060.23
5030,-3.75,156.25,77105.37540611457,False,,2.0,58.711464
5031,-3.75,158.75,77105.37540611457,False,,2.0,547.25494
5032,-3.75,161.25,77105.37540611457,False,,2.0,0.0
5033,-3.75,163.75,77105.37540611457,False,,2.0,0.0
5034,-3.75,166.25,77105.37540611536,False,,2.0,0.0
5035,-3.75,168.75,77105.37540611457,False,,2.0,0.0
5036,-3.75,171.25,77105.37540611457,False,,2.0,0.0
5037,-3.75,173.75,77105.37540611457,False,,2.0,0.0
5038,-3.75,176.25,77105.37540611457,False,,2.0,0.0
5039,-3.75,178.75,77105.37540611457,False,,2.0,0.0
5040,-1.25,-178.75,77252.4297969742,False,,2.0,0.0
5041,-1.25,-176.25,77252.4297969742,False,,2.0,0.0
5042,-1.25,-173.75,77252.4297969742,False,,0.0,0.0
5043,-1.25,-171.25,77252.42979697499,False,,0.0,17.72219
5044,-1.25,-168.75,77252.4297969742,False,,0.0,0.0
5045,-1.25,-166.25,77252.4297969742,False,,0.0,0.0
5046,-1.25,-163.75,77252.4297969742,False,,0.0,0.0
5047,-1.25,-161.25,77252.4297969742,False,,0.0,0.0
5048,-1.25,-158.75,77252.4297969742,False,,0.0,0.0
5049,-1.25,-156.25,77252.4297969742,False,,0.0,0.0
5050,-1.25,-153.75,77252.4297969742,False,,2.0,0.0
5051,-1.25,-151.25,77252.42979697499,False,,2.0,0.0
5052,-1.25,-148.75,77252.4297969742,False,,0.0,0.0
5053,-1.25,-146.25,77252.4297969742,False,,0.0,0.0
5054,-1.25,-143.75,77252.4297969742,False,,2.0,0.0
5055,-1.25,-141.25,77252.4297969742,False,,2.0,0.0
5056,-1.25,-138.75,77252.4297969742,False,,0.0,0.0
5057,-1.25,-136.25,77252.4297969742,False,,0.0,0.0
5058,-1.25,-133.75,77252.4297969742,False,,,0.0
5059,-1.25,-131.25,77252.4297969742,False,,,0.0
5060,-1.25,-128.75,77252.4297969742,False,,2.0,0.0
5061,-1.25,-126.25,77252.4297969742,False,,2.0,0.0
5062,-1.25,-123.75,77252.4297969742,False,,2.0,0.0
5063,-1.25,-121.25,77252.4297969742,False,,2.0,0.0
5064,-1.25,-118.75,77252.4297969742,False,,2.0,0.0
5065,-1.25,-116.25,77252.42979697578,False,,2.0,0.0
5066,-1.25,-113.75,77252.4297969742,False,,2.0,0.0
5067,-1.25,-111.25,77252.4297969742,False,,2.0,0.0
5068,-1.25,-108.75,77252.4297969742,False,,2.0,0.0
5069,-1.25,-106.25,77252.4297969742,False,,2.0,0.0
5070,-1.25,-103.75,77252.4297969742,False,,2.0,0.0
5071,-1.25,-101.25,77252.4297969742,False,,2.0,0.0
5072,-1.25,-98.75,77252.4297969742,False,,2.0,0.0
5073,-1.25,-96.25,77252.4297969742,False,,2.0,0.0
5074,-1.25,-93.75,77252.4297969742,False,,2.0,0.0
5075,-1.25,-91.25,77252.4297969742,True,,2.0,24205.33
5076,-1.25,-88.75,77252.4297969742,False,,2.0,10258.898
5077,-1.25,-86.25,77252.4297969742,False,,2.0,0.0
5078,-1.25,-83.75,77252.4297969742,False,,2.0,0.0
5079,-1.25,-81.25,77252.4297969742,True,0.0,2.0,3658266.5
5080,-1.25,-78.75,77252.4297969742,True,0.0,2.0,10166265.0
5081,-1.25,-76.25,77252.4297969742,True,,2.0,637237.5
5082,-1.25,-73.75,77252.42979697578,True,,0.0,51613.63
5083,-1.25,-71.25,77252.4297969742,True,,0.0,56401.82
5084,-1.25,-68.75,77252.4297969742,True,,2.0,14575.454
5085,-1.25,-66.25,77252.4297969742,True,0.0,2.0,117333.17
5086,-1.25,-63.75,77252.4297969742,True,-3.0,2.0,10271.941
5087,-1.25,-61.25,77252.4297969742,True,,2.0,154604.56
5088,-1.25,-58.75,77252.4297969742,True,,2.0,132359.44
5089,-1.25,-56.25,77252.4297969742,True,,2.0,482397.44
5090,-1.25,-53.75,77252.4297969742,True,0.0,0.0,456504.47
5091,-1.25,-51.25,77252.4297969742,True,0.0,0.0,716727.44
5092,-1.25,-48.75,77252.4297969742,True,0.0,2.0,3907454.5
5093,-1.25,-46.25,77252.4297969742,True,0.0,2.0,2091834.1
5094,-1.25,-43.75,77252.4297969742,True,,2.0,2082747.5
5095,-1.25,-41.25,77252.4297969742,False,,2.0,558338.5
5096,-1.25,-38.75,77252.4297969742,False,,2.0,38079.63
5097,-1.25,-36.25,77252.4297969742,False,,2.0,0.0
5098,-1.25,-33.75,77252.4297969742,False,,2.0,0.0
5099,-1.25,-31.25,77252.4297969742,False,,2.0,0.0
5100,-1.25,-28.75,77252.42979697578,False,,2.0,0.0
5101,-1.25,-26.25,77252.4297969742,False,,2.0,0.0
5102,-1.25,-23.75,77252.4297969742,False,,2.0,0.0
5103,-1.25,-21.25,77252.4297969742,False,,2.0,0.0
5104,-1.25,-18.75,77252.4297969742,False,,2.0,0.0
5105,-1.25,-16.25,77252.4297969742,False,,2.0,0.0
5106,-1.25,-13.75,77252.4297969742,False,,2.0,0.0
5107,-1.25,-11.25,77252.4297969742,False,,2.0,0.0
5108,-1.25,-8.75,77252.4297969742,False,,2.0,0.0
5109,-1.25,-6.25,77252.4297969742,False,,2.0,0.0
5110,-1.25,-3.75,77252.4297969742,False,,2.0,0.0
5111,-1.25,-1.25,77252.4297969742,False,,2.0,0.0
5112,-1.25,1.25,77252.42979697429,False,,2.0,0.0
5113,-1.25,3.75,77252.42979697429,False,,2.0,0.0
5114,-1.25,6.25,77252.42979697428,False,,2.0,5366.922
5115,-1.25,8.75,77252.4297969743,True,0.0,2.0,345708.16
5116,-1.25,11.25,77252.4297969743,True,0.0,2.0,302573.88
5117,-1.25,13.75,77252.42979697426,True,,2.0,1189943.1
5118,-1.25,16.25,77252.4297969743,True,-4.0,2.0,590965.1
5119,-1.25,18.75,77252.4297969743,True,,2.0,2119935.2
5120,-1.25,21.25,77252.4297969743,True,,,754726.0
5121,-1.25,23.75,77252.4297969743,True,,,975743.94
5122,-1.25,26.25,77252.4297969743,True,,,1136988.6
5123,-1.25,28.75,77252.4297969742,True,0.0,,20383144.0
5124,-1.25,31.25,77252.42979697441,True,0.0,2.0,16667470.0
5125,-1.25,33.75,77252.4297969742,True,0.0,2.0,13463568.0
5126,-1.25,36.25,77252.42979697441,True,0.0,2.0,15187016.0
5127,-1.25,38.75,77252.4297969742,True,0.0,2.0,8045182.5
5128,-1.25,41.25,77252.42979697441,True,0.0,2.0,1064455.1
5129,-1.25,43.75,77252.4297969742,True,,2.0,168592.73
5130,-1.25,46.25,77252.42979697441,False,,2.0,0.0
5131,-1.25,48.75,77252.4297969742,False,,2.0,0.0
5132,-1.25,51.25,77252.42979697441,False,,2.0,0.0
5133,-1.25,53.75,77252.4297969742,False,,2.0,0.0
5134,-1.25,56.25,77252.4297969742,False,,2.0,0.0
5135,-1.25,58.75,77252.4297969742,False,,2.0,0.0
5136,-1.25,61.25,77252.4297969746,False,,2.0,0.0
5137,-1.25,63.75,77252.4297969742,False,,2.0,0.0
5138,-1.25,66.25,77252.4297969742,False,,2.0,0.0
5139,-1.25,68.75,77252.4297969742,False,,2.0,0.0
5140,-1.25,71.25,77252.4297969746,False,,2.0,0.0
5141,-1.25,73.75,77252.4297969742,False,,2.0,62032.24
5142,-1.25,76.25,77252.4297969742,False,,2.0,0.0
5143,-1.25,78.75,77252.4297969742,False,,2.0,0.0
5144,-1.25,81.25,77252.4297969742,False,,2.0,0.0
5145,-1.25,83.75,77252.4297969746,False,,2.0,0.0
5146,-1.25,86.25,77252.4297969742,False,,2.0,0.0
5147,-1.25,88.75,77252.4297969742,False,,2.0,0.0
5148,-1.25,91.25,77252.4297969742,False,,2.0,0.0
5149,-1.25,93.75,77252.4297969746,False,,2.0,0.0
5150,-1.25,96.25,77252.4297969742,False,,2.0,0.0
5151,-1.25,98.75,77252.4297969742,True,,2.0,353228.06
5152,-1.25,101.25,77252.4297969742,True,0.0,2.0,6244871.5
5153,-1.25,103.75,77252.4297969746,True,-2.0,2.0,6527658.0
5154,-1.25,106.25,77252.4297969742,True,-2.0,2.0,1616896.8
5155,-1.25,108.75,77252.4297969742,True,0.0,2.0,1455400.9
5156,-1.25,111.25,77252.4297969742,True,3.0,2.0,1525515.2
5157,-1.25,113.75,77252.4297969742,True,0.0,2.0,2210139.5
5158,-1.25,116.25,77252.4297969742,True,0.0,0.0,3244935.5
5159,-1.25,118.75,77252.4297969742,True,,0.0,3377154.5
5160,-1.25,121.25,77252.42979697499,True,3.0,,1851496.4
5161,-1.25,123.75,77252.4297969742,True,,,703060.8
5162,-1.25,126.25,77252.4297969742,True,0.0,0.0,113821.766
5163,-1.25,128.75,77252.4297969742,True,,0.0,531818.56
5164,-1.25,131.25,77252.4297969742,True,0.0,2.0,572868.94
5165,-1.25,133.75,77252.4297969742,True,,2.0,783026.56
5166,-1.25,136.25,77252.4297969742,True,0.0,2.0,362107.7
5167,-1.25,138.75,77252.4297969742,True,,2.0,129031.195
5168,-1.25,141.25,77252.4297969742,True,,2.0,518342.44
5169,-1.25,143.75,77252.42979697499,False,,2.0,1308.7214
5170,-1.25,146.25,77252.4297969742,False,0.0,2.0,30366.559
5171,-1.25,148.75,77252.4297969742,True,,2.0,37068.793
5172,-1.25,151.25,77252.4297969742,True,,2.0,71908.63
5173,-1.25,153.75,77252.4297969742,False,,2.0,2118.903
5174,-1.25,156.25,77252.4297969742,False,,2.0,0.0
5175,-1.25,158.75,77252.4297969742,False,,2.0,0.0
5176,-1.25,161.25,77252.4297969742,False,,2.0,0.0
5177,-1.25,163.75,77252.4297969742,False,,2.0,0.0
5178,-1.25,166.25,77252.42979697499,False,,2.0,10244.41
5179,-1.25,168.75,77252.4297969742,False,,2.0,283.3564
5180,-1.25,171.25,77252.4297969742,False,,2.0,0.0
5181,-1.25,173.75,77252.4297969742,False,,2.0,5784.744
5182,-1.25,176.25,77252.4297969742,False,,2.0,8883.329
5183,-1.25,178.75,77252.4297969742,False,,2.0,0.0
5184,1.25,-178.75,77252.4297969742,False,,0.0,0.0
5185,1.25,-176.25,77252.4297969742,False,,0.0,0.0
5186,1.25,-173.75,77252.4297969742,False,,,0.0
5187,1.25,-171.25,77252.42979697499,False,,,0.0
5188,1.25,-168.75,77252.4297969742,False,,0.0,0.0
5189,1.25,-166.25,77252.4297969742,False,,0.0,0.0
5190,1.25,-163.75,77252.4297969742,False,,0.0,0.0
5191,1.25,-161.25,77252.4297969742,False,,0.0,0.0
5192,1.25,-158.75,77252.4297969742,False,,0.0,0.0
5193,1.25,-156.25,77252.4297969742,False,,0.0,3905.907
5194,1.25,-153.75,77252.4297969742,False,,0.0,0.0
5195,1.25,-151.25,77252.42979697499,False,,0.0,0.0
5196,1.25,-148.75,77252.4297969742,False,,0.0,0.0
5197,1.25,-146.25,77252.4297969742,False,,0.0,0.0
5198,1.25,-143.75,77252.4297969742,False,,0.0,0.0
5199,1.25,-141.25,77252.4297969742,False,,0.0,0.0
5200,1.25,-138.75,77252.4297969742,False,,0.0,0.0
5201,1.25,-136.25,77252.4297969742,False,,0.0,0.0
5202,1.25,-133.75,77252.4297969742,False,,,0.0
5203,1.25,-131.25,77252.4297969742,False,,,0.0
5204,1.25,-128.75,77252.4297969742,False,,2.0,0.0
5205,1.25,-126.25,77252.4297969742,False,,2.0,0.0
5206,1.25,-123.75,77252.4297969742,False,,2.0,0.0
5207,1.25,-121.25,77252.4297969742,False,,2.0,0.0
5208,1.25,-118.75,77252.4297969742,False,,2.0,0.0
5209,1.25,-116.25,77252.42979697578,False,,2.0,0.0
5210,1.25,-113.75,77252.4297969742,False,,2.0,0.0
5211,1.25,-111.25,77252.4297969742,False,,2.0,0.0
5212,1.25,-108.75,77252.4297969742,False,,2.0,0.0
5213,1.25,-106.25,77252.4297969742,False,,2.0,0.0
5214,1.25,-103.75,77252.4297969742,False,,2.0,0.0
5215,1.25,-101.25,77252.4297969742,False,,2.0,0.0
5216,1.25,-98.75,77252.4297969742,False,,2.0,0.0
5217,1.25,-96.25,77252.4297969742,False,,2.0,0.0
5218,1.25,-93.75,77252.4297969742,False,,2.0,0.0
5219,1.25,-91.25,77252.4297969742,True,,2.0,530.3586
5220,1.25,-88.75,77252.4297969742,False,,2.0,10.92121
5221,1.25,-86.25,77252.4297969742,False,,2.0,0.0
5222,1.25,-83.75,77252.4297969742,False,,2.0,0.0
5223,1.25,-81.25,77252.4297969742,True,,2.0,16453.75
5224,1.25,-78.75,77252.4297969742,True,0.0,0.0,1674804.8
5225,1.25,-76.25,77252.4297969742,True,0.0,0.0,3443106.5
5226,1.25,-73.75,77252.42979697578,True,,2.0,193089.66
5227,1.25,-71.25,77252.4297969742,True,,2.0,140717.66
5228,1.25,-68.75,77252.4297969742,True,,2.0,26984.012
5229,1.25,-66.25,77252.4297969742,True,,2.0,22633.535
5230,1.25,-63.75,77252.4297969742,True,,2.0,10575.246
5231,1.25,-61.25,77252.4297969742,True,,2.0,65823.72
5232,1.25,-58.75,77252.4297969742,True,,0.0,22734.54
5233,1.25,-56.25,77252.4297969742,True,,0.0,2535.045
5234,1.25,-53.75,77252.4297969742,True,,1.0,1126.3821
5235,1.25,-51.25,77252.4297969742,True,0.0,1.0,625230.1
5236,1.25,-48.75,77252.4297969742,True,,2.0,4034.333
5237,1.25,-46.25,77252.4297969742,False,,2.0,0.0
5238,1.25,-43.75,77252.4297969742,False,,2.0,0.0
5239,1.25,-41.25,77252.4297969742,False,,2.0,0.0
5240,1.25,-38.75,77252.4297969742,False,,2.0,0.0
5241,1.25,-36.25,77252.4297969742,False,,2.0,0.0
5242,1.25,-33.75,77252.4297969742,False,,2.0,0.0
5243,1.25,-31.25,77252.4297969742,False,,2.0,0.0
5244,1.25,-28.75,77252.42979697578,False,,2.0,0.0
5245,1.25,-26.25,77252.4297969742,False,,2.0,0.0
5246,1.25,-23.75,77252.4297969742,False,,2.0,0.0
5247,1.25,-21.25,77252.4297969742,False,,2.0,0.0
5248,1.25,-18.75,77252.4297969742,False,,2.0,0.0
5249,1.25,-16.25,77252.4297969742,False,,2.0,0.0
5250,1.25,-13.75,77252.4297969742,False,,2.0,0.0
5251,1.25,-11.25,77252.4297969742,False,,2.0,0.0
5252,1.25,-8.75,77252.4297969742,False,,2.0,0.0
5253,1.25,-6.25,77252.4297969742,False,,2.0,0.0
5254,1.25,-3.75,77252.4297969742,False,,2.0,0.0
5255,1.25,-1.25,77252.4297969742,False,,2.0,0.0
5256,1.25,1.25,77252.42979697429,False,,2.0,0.0
5257,1.25,3.75,77252.42979697429,False,,2.0,0.0
5258,1.25,6.25,77252.42979697428,False,,2.0,207885.8
5259,1.25,8.75,77252.4297969743,True,0.0,2.0,1291129.5
5260,1.25,11.25,77252.4297969743,True,-4.0,2.0,706606.4
5261,1.25,13.75,77252.42979697426,True,-4.0,2.0,262229.47
5262,1.25,16.25,77252.4297969743,True,0.0,0.0,187405.34
5263,1.25,18.75,77252.4297969743,True,-4.0,0.0,1380736.0
5264,1.25,21.25,77252.4297969743,True,,2.0,1137136.9
5265,1.25,23.75,77252.4297969743,True,,2.0,1531379.9
5266,1.25,26.25,77252.4297969743,True,,,1355612.5
5267,1.25,28.75,77252.4297969742,True,,,5880046.0
5268,1.25,31.25,77252.42979697441,True,-4.0,3.0,8321371.0
5269,1.25,33.75,77252.4297969742,True,0.0,3.0,26905118.0
5270,1.25,36.25,77252.42979697441,True,0.0,2.0,5573144.0
5271,1.25,38.75,77252.4297969742,True,0.0,2.0,2519594.5
5272,1.25,41.25,77252.42979697441,True,0.0,2.0,1030224.06
5273,1.25,43.75,77252.4297969742,True,,2.0,1225563.0
5274,1.25,46.25,77252.42979697441,True,,2.0,29192.23
5275,1.25,48.75,77252.4297969742,False,,2.0,0.0
5276,1.25,51.25,77252.42979697441,False,,2.0,0.0
5277,1.25,53.75,77252.4297969742,False,,2.0,0.0
5278,1.25,56.25,77252.4297969742,False,,1.0,0.0
5279,1.25,58.75,77252.4297969742,False,,1.0,0.0
5280,1.25,61.25,77252.4297969746,False,,2.0,0.0
5281,1.25,63.75,77252.4297969742,False,,2.0,0.0
5282,1.25,66.25,77252.4297969742,False,,2.0,0.0
5283,1.25,68.75,77252.4297969742,False,,2.0,0.0
5284,1.25,71.25,77252.4297969746,False,,2.0,0.0
5285,1.25,73.75,77252.4297969742,False,,2.0,32160.842
5286,1.25,76.25,77252.4297969742,False,,2.0,0.0
5287,1.25,78.75,77252.4297969742,False,,2.0,0.0
5288,1.25,81.25,77252.4297969742,False,,2.0,0.0
5289,1.25,83.75,77252.4297969746,False,,2.0,0.0
5290,1.25,86.25,77252.4297969742,False,,2.0,0.0
5291,1.25,88.75,77252.4297969742,False,,2.0,0.0
5292,1.25,91.25,77252.4297969742,False,,2.0,0.0
5293,1.25,93.75,77252.4297969746,False,,2.0,0.0
5294,1.25,96.25,77252.4297969742,True,,2.0,0.0
5295,1.25,98.75,77252.4297969742,True,,2.0,3221637.5
5296,1.25,101.25,77252.4297969742,True,4.0,2.0,5785839.0
5297,1.25,103.75,77252.4297969746,True,0.0,2.0,11610884.0
5298,1.25,106.25,77252.4297969742,False,,2.0,1339.2295
5299,1.25,108.75,77252.4297969742,True,,2.0,2023048.0
5300,1.25,111.25,77252.4297969742,True,3.0,2.0,2026002.5
5301,1.25,113.75,77252.4297969742,True,,2.0,496877.34
5302,1.25,116.25,77252.4297969742,True,,2.0,771638.94
5303,1.25,118.75,77252.4297969742,True,,2.0,662746.4
5304,1.25,121.25,77252.42979697499,True,3.0,0.0,917913.0
5305,1.25,123.75,77252.4297969742,True,3.0,0.0,3339853.0
5306,1.25,126.25,77252.4297969742,True,0.0,2.0,393276.28
5307,1.25,128.75,77252.4297969742,True,0.0,2.0,946748.6
5308,1.25,131.25,77252.4297969742,False,,2.0,450.35092
5309,1.25,133.75,77252.4297969742,False,,2.0,105.0628
5310,1.25,136.25,77252.4297969742,False,,2.0,0.0
5311,1.25,138.75,77252.4297969742,False,,2.0,0.0
5312,1.25,141.25,77252.4297969742,False,,2.0,0.0
5313,1.25,143.75,77252.42979697499,False,,2.0,0.0
5314,1.25,146.25,77252.4297969742,False,,2.0,0.0
5315,1.25,148.75,77252.4297969742,False,,2.0,0.0
5316,1.25,151.25,77252.4297969742,False,,2.0,0.0
5317,1.25,153.75,77252.4297969742,False,,2.0,255.4852
5318,1.25,156.25,77252.4297969742,False,,2.0,0.0
5319,1.25,158.75,77252.4297969742,False,,2.0,0.0
5320,1.25,161.25,77252.4297969742,False,,2.0,0.0
5321,1.25,163.75,77252.4297969742,False,,2.0,0.0
5322,1.25,166.25,77252.42979697499,False,,2.0,0.0
5323,1.25,168.75,77252.4297969742,False,,2.0,0.0
5324,1.25,171.25,77252.4297969742,False,,0.0,0.0
5325,1.25,173.75,77252.4297969742,False,,0.0,98047.84
5326,1.25,176.25,77252.4297969742,False,,,0.0
5327,1.25,178.75,77252.4297969742,False,,,0.0
5328,3.75,-178.75,77105.37540611457,False,,0.0,0.0
5329,3.75,-176.25,77105.37540611457,False,,0.0,0.0
5330,3.75,-173.75,77105.37540611457,False,,,0.0
5331,3.75,-171.25,77105.37540611536,False,,,0.0
5332,3.75,-168.75,77105.37540611457,False,,0.0,0.0
5333,3.75,-166.25,77105.37540611457,False,,0.0,0.0
5334,3.75,-163.75,77105.37540611457,False,,0.0,0.0
5335,3.75,-161.25,77105.37540611457,False,,0.0,3618.23
5336,3.75,-158.75,77105.37540611457,False,,0.0,1168.0
5337,3.75,-156.25,77105.37540611457,False,,0.0,2756.199
5338,3.75,-153.75,77105.37540611457,False,,0.0,0.0
5339,3.75,-151.25,77105.37540611536,False,,0.0,0.0
5340,3.75,-148.75,77105.37540611457,False,,0.0,0.0
5341,3.75,-146.25,77105.37540611457,False,,0.0,0.0
5342,3.75,-143.75,77105.37540611457,False,,0.0,0.0
5343,3.75,-141.25,77105.37540611457,False,,0.0,0.0
5344,3.75,-138.75,77105.37540611457,False,,0.0,0.0
5345,3.75,-136.25,77105.37540611457,False,,0.0,0.0
5346,3.75,-133.75,77105.37540611457,False,,,0.0
5347,3.75,-131.25,77105.37540611457,False,,,0.0
5348,3.75,-128.75,77105.37540611457,False,,2.0,0.0
5349,3.75,-126.25,77105.37540611457,False,,2.0,0.0
5350,3.75,-123.75,77105.37540611457,False,,2.0,0.0
5351,3.75,-121.25,77105.37540611457,False,,2.0,0.0
5352,3.75,-118.75,77105.37540611457,False,,2.0,0.0
5353,3.75,-116.25,77105.37540611615,False,,2.0,0.0
5354,3.75,-113.75,77105.37540611457,False,,2.0,0.0
5355,3.75,-111.25,77105.37540611457,False,,2.0,0.0
5356,3.75,-108.75,77105.37540611457,False,,2.0,0.0
5357,3.75,-106.25,77105.37540611457,False,,2.0,0.0
5358,3.75,-103.75,77105.37540611457,False,,2.0,0.0
5359,3.75,-101.25,77105.37540611457,False,,2.0,0.0
5360,3.75,-98.75,77105.37540611457,False,,2.0,0.0
5361,3.75,-96.25,77105.37540611457,False,,2.0,0.0
5362,3.75,-93.75,77105.37540611457,False,,2.0,0.0
5363,3.75,-91.25,77105.37540611457,False,,2.0,0.0
5364,3.75,-88.75,77105.37540611457,False,,2.0,0.0
5365,3.75,-86.25,77105.37540611457,False,,2.0,0.0
5366,3.75,-83.75,77105.37540611457,False,,2.0,0.0
5367,3.75,-81.25,77105.37540611457,False,,2.0,75.614395
5368,3.75,-78.75,77105.37540611457,True,,0.0,148937.03
5369,3.75,-76.25,77105.37540611457,True,0.0,0.0,11541105.0
5370,3.75,-73.75,77105.37540611615,True,0.0,2.0,15054953.0
5371,3.75,-71.25,77105.37540611457,True,,2.0,460241.94
5372,3.75,-68.75,77105.37540611457,True,,2.0,99757.87
5373,3.75,-66.25,77105.37540611457,True,,2.0,57839.816
5374,3.75,-63.75,77105.37540611457,True,,2.0,37312.902
5375,3.75,-61.25,77105.37540611457,True,0.0,2.0,557260.4
5376,3.75,-58.75,77105.37540611457,True,0.0,0.0,49572.12
5377,3.75,-56.25,77105.37540611457,True,,0.0,34860.812
5378,3.75,-53.75,77105.37540611457,True,0.0,1.0,108055.99
5379,3.75,-51.25,77105.37540611457,True,0.0,1.0,232790.55
5380,3.75,-48.75,77105.37540611457,False,,2.0,0.0
5381,3.75,-46.25,77105.37540611457,False,,2.0,0.0
5382,3.75,-43.75,77105.37540611457,False,,2.0,0.0
5383,3.75,-41.25,77105.37540611457,False,,2.0,0.0
5384,3.75,-38.75,77105.37540611457,False,,2.0,0.0
5385,3.75,-36.25,77105.37540611457,False,,2.0,0.0
5386,3.75,-33.75,77105.37540611457,False,,2.0,0.0
5387,3.75,-31.25,77105.37540611457,False,,2.0,0.0
5388,3.75,-28.75,77105.37540611615,False,,2.0,0.0
5389,3.75,-26.25,77105.37540611457,False,,2.0,0.0
5390,3.75,-23.75,77105.37540611457,False,,2.0,0.0
5391,3.75,-21.25,77105.37540611457,False,,2.0,0.0
5392,3.75,-18.75,77105.37540611457,False,,2.0,0.0
5393,3.75,-16.25,77105.37540611457,False,,2.0,0.0
5394,3.75,-13.75,77105.37540611457,False,,2.0,0.0
5395,3.75,-11.25,77105.37540611457,False,,2.0,0.0
5396,3.75,-8.75,77105.37540611457,True,,2.0,56642.082
5397,3.75,-6.25,77105.37540611457,True,-3.0,2.0,852969.8
5398,3.75,-3.75,77105.37540611457,True,,2.0,0.0
5399,3.75,-1.25,77105.37540611457,True,,2.0,911217.0
5400,3.75,1.25,77105.37540611466,False,,2.0,0.0
5401,3.75,3.75,77105.37540611466,False,,2.0,0.0
5402,3.75,6.25,77105.37540611465,True,,2.0,4262020.0
5403,3.75,8.75,77105.37540611468,True,0.0,2.0,15143603.0
5404,3.75,11.25,77105.37540611468,True,,2.0,6453441.0
5405,3.75,13.75,77105.37540611463,True,,2.0,1179268.6
5406,3.75,16.25,77105.37540611468,True,0.0,0.0,826557.06
5407,3.75,18.75,77105.37540611468,True,-4.0,0.0,4845028.5
5408,3.75,21.25,77105.37540611468,True,-4.0,2.0,2677367.5
5409,3.75,23.75,77105.37540611468,True,0.0,2.0,1806061.8
5410,3.75,26.25,77105.37540611468,True,,,820553.0
5411,3.75,28.75,77105.37540611457,True,,,2303150.5
5412,3.75,31.25,77105.37540611478,True,0.0,3.0,8814486.0
5413,3.75,33.75,77105.37540611457,True,0.0,3.0,9306625.0
5414,3.75,36.25,77105.37540611478,True,0.0,2.0,1038217.2
5415,3.75,38.75,77105.37540611457,True,-3.0,2.0,1773490.2
5416,3.75,41.25,77105.37540611478,True,0.0,2.0,3381273.0
5417,3.75,43.75,77105.37540611457,True,,2.0,2109202.8
5418,3.75,46.25,77105.37540611478,True,,2.0,2809678.2
5419,3.75,48.75,77105.37540611457,True,,2.0,170570.05
5420,3.75,51.25,77105.37540611478,False,,2.0,0.0
5421,3.75,53.75,77105.37540611457,False,,2.0,0.0
5422,3.75,56.25,77105.37540611457,False,,1.0,0.0
5423,3.75,58.75,77105.37540611457,False,,1.0,0.0
5424,3.75,61.25,77105.37540611497,False,,2.0,0.0
5425,3.75,63.75,77105.37540611457,False,,2.0,0.0
5426,3.75,66.25,77105.37540611457,False,,2.0,0.0
5427,3.75,68.75,77105.37540611457,False,,2.0,0.0
5428,3.75,71.25,77105.37540611497,False,,2.0,0.0
5429,3.75,73.75,77105.37540611457,False,,2.0,330366.28
5430,3.75,76.25,77105.37540611457,False,,2.0,0.0
5431,3.75,78.75,77105.37540611457,False,,2.0,0.0
5432,3.75,81.25,77105.37540611457,False,,2.0,0.0
5433,3.75,83.75,77105.37540611497,False,,2.0,0.0
5434,3.75,86.25,77105.37540611457,False,,2.0,0.0
5435,3.75,88.75,77105.37540611457,False,,2.0,0.0
5436,3.75,91.25,77105.37540611457,False,,2.0,0.0
5437,3.75,93.75,77105.37540611497,False,,2.0,0.0
5438,3.75,96.25,77105.37540611457,True,3.0,2.0,1103171.1
5439,3.75,98.75,77105.37540611457,True,,2.0,13037422.0
5440,3.75,101.25,77105.37540611457,True,0.0,2.0,13414406.0
5441,3.75,103.75,77105.37540611497,True,0.0,2.0,4214779.5
5442,3.75,106.25,77105.37540611457,True,,2.0,22124.676
5443,3.75,108.75,77105.37540611457,True,,2.0,72314.36
5444,3.75,111.25,77105.37540611457,True,,2.0,396948.2
5445,3.75,113.75,77105.37540611457,True,0.0,2.0,1333386.8
5446,3.75,116.25,77105.37540611457,True,0.0,2.0,646697.0
5447,3.75,118.75,77105.37540611457,True,3.0,2.0,1555895.5
5448,3.75,121.25,77105.37540611536,True,,0.0,773.4125
5449,3.75,123.75,77105.37540611457,False,,0.0,0.0
5450,3.75,126.25,77105.37540611457,False,,2.0,281470.3
5451,3.75,128.75,77105.37540611457,False,,2.0,124850.26
5452,3.75,131.25,77105.37540611457,False,,2.0,10.684683
5453,3.75,133.75,77105.37540611457,False,,2.0,308.0544
5454,3.75,136.25,77105.37540611457,False,,2.0,0.0
5455,3.75,138.75,77105.37540611457,False,,2.0,0.0
5456,3.75,141.25,77105.37540611457,False,,2.0,0.0
5457,3.75,143.75,77105.37540611536,False,,2.0,0.0
5458,3.75,146.25,77105.37540611457,False,,2.0,0.0
5459,3.75,148.75,77105.37540611457,False,,2.0,0.0
5460,3.75,151.25,77105.37540611457,False,,2.0,0.0
5461,3.75,153.75,77105.37540611457,False,,2.0,121.8232
5462,3.75,156.25,77105.37540611457,False,,2.0,0.0
5463,3.75,158.75,77105.37540611457,False,,2.0,0.0
5464,3.75,161.25,77105.37540611457,False,,2.0,0.0
5465,3.75,163.75,77105.37540611457,False,,2.0,0.0
5466,3.75,166.25,77105.37540611536,False,,2.0,0.0
5467,3.75,168.75,77105.37540611457,False,,2.0,587.4938
5468,3.75,171.25,77105.37540611457,False,,0.0,0.0
5469,3.75,173.75,77105.37540611457,False,,0.0,10906.332
5470,3.75,176.25,77105.37540611457,False,,,0.0
5471,3.75,178.75,77105.37540611457,False,,,0.0
5472,6.25,-178.75,76811.54655078637,False,,2.0,0.0
5473,6.25,-176.25,76811.54655078637,False,,2.0,0.0
5474,6.25,-173.75,76811.54655078637,False,,2.0,0.0
5475,6.25,-171.25,76811.54655078714,False,,2.0,0.0
5476,6.25,-168.75,76811.54655078637,False,,2.0,0.0
5477,6.25,-166.25,76811.54655078637,False,,2.0,0.0
5478,6.25,-163.75,76811.54655078637,False,,0.0,0.0
5479,6.25,-161.25,76811.54655078637,False,,0.0,0.0
5480,6.25,-158.75,76811.54655078637,False,,2.0,0.0
5481,6.25,-156.25,76811.54655078637,False,,2.0,0.0
5482,6.25,-153.75,76811.54655078637,False,,0.0,0.0
5483,6.25,-151.25,76811.54655078714,False,,0.0,0.0
5484,6.25,-148.75,76811.54655078637,False,,0.0,0.0
5485,6.25,-146.25,76811.54655078637,False,,0.0,0.0
5486,6.25,-143.75,76811.54655078637,False,,0.0,0.0
5487,6.25,-141.25,76811.54655078637,False,,0.0,0.0
5488,6.25,-138.75,76811.54655078637,False,,0.0,0.0
5489,6.25,-136.25,76811.54655078637,False,,0.0,0.0
5490,6.25,-133.75,76811.54655078637,False,,0.0,0.0
5491,6.25,-131.25,76811.54655078637,False,,0.0,0.0
5492,6.25,-128.75,76811.54655078637,False,,0.0,0.0
5493,6.25,-126.25,76811.54655078637,False,,0.0,0.0
5494,6.25,-123.75,76811.54655078637,False,,2.0,0.0
5495,6.25,-121.25,76811.54655078637,False,,2.0,0.0
5496,6.25,-118.75,76811.54655078637,False,,2.0,0.0
5497,6.25,-116.25,76811.54655078793,False,,2.0,0.0
5498,6.25,-113.75,76811.54655078637,False,,2.0,0.0
5499,6.25,-111.25,76811.54655078637,False,,2.0,0.0
5500,6.25,-108.75,76811.54655078637,False,,2.0,0.0
5501,6.25,-106.25,76811.54655078637,False,,2.0,0.0
5502,6.25,-103.75,76811.54655078637,False,,2.0,0.0
5503,6.25,-101.25,76811.54655078637,False,,2.0,0.0
5504,6.25,-98.75,76811.54655078637,False,,2.0,0.0
5505,6.25,-96.25,76811.54655078637,False,,2.0,0.0
5506,6.25,-93.75,76811.54655078637,False,,2.0,0.0
5507,6.25,-91.25,76811.54655078637,False,,2.0,0.0
5508,6.25,-88.75,76811.54655078637,False,,2.0,0.0
5509,6.25,-86.25,76811.54655078637,False,,2.0,0.0
5510,6.25,-83.75,76811.54655078637,False,,2.0,0.0
5511,6.25,-81.25,76811.54655078637,True,,2.0,0.0
5512,6.25,-78.75,76811.54655078637,True,,2.0,0.0
5513,6.25,-76.25,76811.54655078637,True,0.0,2.0,7942906.0
5514,6.25,-73.75,76811.54655078793,True,0.0,2.0,3201877.5
5515,6.25,-71.25,76811.54655078637,True,0.0,2.0,1675435.9
5516,6.25,-68.75,76811.54655078637,True,,2.0,106329.56
5517,6.25,-66.25,76811.54655078637,True,,2.0,220282.52
5518,6.25,-63.75,76811.54655078637,True,,1.0,40153.75
5519,6.25,-61.25,76811.54655078637,True,0.0,1.0,182818.88
5520,6.25,-58.75,76811.54655078637,True,0.0,2.0,440498.56
5521,6.25,-56.25,76811.54655078637,True,0.0,2.0,703956.75
5522,6.25,-53.75,76811.54655078637,True,0.0,0.0,108419.266
5523,6.25,-51.25,76811.54655078637,True,,0.0,22502.28
5524,6.25,-48.75,76811.54655078637,False,,2.0,0.0
5525,6.25,-46.25,76811.54655078637,False,,2.0,0.0
5526,6.25,-43.75,76811.54655078637,False,,2.0,0.0
5527,6.25,-41.25,76811.54655078637,False,,2.0,0.0
5528,6.25,-38.75,76811.54655078637,False,,2.0,0.0
5529,6.25,-36.25,76811.54655078637,False,,2.0,0.0
5530,6.25,-33.75,76811.54655078637,False,,2.0,0.0
5531,6.25,-31.25,76811.54655078637,False,,2.0,0.0
5532,6.25,-28.75,76811.54655078793,False,,2.0,0.0
5533,6.25,-26.25,76811.54655078637,False,,2.0,0.0
5534,6.25,-23.75,76811.54655078637,False,,2.0,0.0
5535,6.25,-21.25,76811.54655078637,False,,2.0,0.0
5536,6.25,-18.75,76811.54655078637,False,,2.0,0.0
5537,6.25,-16.25,76811.54655078637,False,,2.0,0.0
5538,6.25,-13.75,76811.54655078637,True,,2.0,0.0
5539,6.25,-11.25,76811.54655078637,True,,2.0,2261763.2
5540,6.25,-8.75,76811.54655078637,True,,2.0,1274997.6
5541,6.25,-6.25,76811.54655078637,True,-4.0,2.0,7361782.0
5542,6.25,-3.75,76811.54655078637,True,-4.0,2.0,8898107.0
5543,6.25,-1.25,76811.54655078637,True,-4.0,2.0,19760584.0
5544,6.25,1.25,76811.54655078646,True,-4.0,2.0,8006160.0
5545,6.25,3.75,76811.54655078646,True,0.0,2.0,24399608.0
5546,6.25,6.25,76811.54655078643,True,,2.0,18435716.0
5547,6.25,8.75,76811.54655078646,True,,2.0,27020884.0
5548,6.25,11.25,76811.54655078646,True,,2.0,4718585.5
5549,6.25,13.75,76811.54655078641,True,0.0,2.0,1149378.4
5550,6.25,16.25,76811.54655078646,True,0.0,0.0,658457.7
5551,6.25,18.75,76811.54655078646,True,0.0,0.0,691079.25
5552,6.25,21.25,76811.54655078646,True,0.0,0.0,423039.0
5553,6.25,23.75,76811.54655078646,True,,0.0,95361.05
5554,6.25,26.25,76811.54655078646,True,,3.0,143136.69
5555,6.25,28.75,76811.54655078637,True,,3.0,887856.7
5556,6.25,31.25,76811.54655078656,True,,3.0,1039998.8
5557,6.25,33.75,76811.54655078637,True,,3.0,2284626.0
5558,6.25,36.25,76811.54655078656,True,,2.0,2450991.0
5559,6.25,38.75,76811.54655078637,True,0.0,2.0,13837001.0
5560,6.25,41.25,76811.54655078656,True,,2.0,1034640.5
5561,6.25,43.75,76811.54655078637,True,,2.0,1189413.0
5562,6.25,46.25,76811.54655078656,True,,0.0,543766.9
5563,6.25,48.75,76811.54655078637,True,,0.0,339538.84
5564,6.25,51.25,76811.54655078656,False,,2.0,0.0
5565,6.25,53.75,76811.54655078637,False,,2.0,0.0
5566,6.25,56.25,76811.54655078637,False,,2.0,0.0
5567,6.25,58.75,76811.54655078637,False,,2.0,0.0
5568,6.25,61.25,76811.54655078675,False,,2.0,0.0
5569,6.25,63.75,76811.54655078637,False,,2.0,0.0
5570,6.25,66.25,76811.54655078637,False,,2.0,0.0
5571,6.25,68.75,76811.54655078637,False,,2.0,0.0
5572,6.25,71.25,76811.54655078675,False,,2.0,0.0
5573,6.25,73.75,76811.54655078637,False,,2.0,165892.97
5574,6.25,76.25,76811.54655078637,False,,2.0,0.0
5575,6.25,78.75,76811.54655078637,True,0.0,2.0,3040860.0
5576,6.25,81.25,76811.54655078637,True,0.0,2.0,6699623.0
5577,6.25,83.75,76811.54655078675,False,,2.0,0.0
5578,6.25,86.25,76811.54655078637,False,,2.0,0.0
5579,6.25,88.75,76811.54655078637,False,,2.0,0.0
5580,6.25,91.25,76811.54655078637,False,,2.0,0.0
5581,6.25,93.75,76811.54655078675,False,,2.0,2530.8835
5582,6.25,96.25,76811.54655078637,True,4.0,2.0,1515816.5
5583,6.25,98.75,76811.54655078637,True,0.0,2.0,659253.1
5584,6.25,101.25,76811.54655078637,True,0.0,2.0,7452622.5
5585,6.25,103.75,76811.54655078675,True,0.0,2.0,2319548.8
5586,6.25,106.25,76811.54655078637,False,,2.0,0.0
5587,6.25,108.75,76811.54655078637,False,,2.0,0.0
5588,6.25,111.25,76811.54655078637,False,,2.0,0.0
5589,6.25,113.75,76811.54655078637,True,,2.0,6507.032
5590,6.25,116.25,76811.54655078637,True,2.0,2.0,2170676.5
5591,6.25,118.75,76811.54655078637,True,0.0,2.0,1235163.9
5592,6.25,121.25,76811.54655078714,True,2.0,2.0,732694.06
5593,6.25,123.75,76811.54655078637,True,,2.0,3353131.5
5594,6.25,126.25,76811.54655078637,True,0.0,2.0,2762809.0
5595,6.25,128.75,76811.54655078637,False,,2.0,0.0
5596,6.25,131.25,76811.54655078637,False,,2.0,0.0
5597,6.25,133.75,76811.54655078637,False,,2.0,1967.5154
5598,6.25,136.25,76811.54655078637,False,,2.0,0.0
5599,6.25,138.75,76811.54655078637,False,,2.0,0.0
5600,6.25,141.25,76811.54655078637,False,,2.0,0.0
5601,6.25,143.75,76811.54655078714,False,,2.0,115.0089
5602,6.25,146.25,76811.54655078637,False,,2.0,0.0
5603,6.25,148.75,76811.54655078637,False,,2.0,2761.543
5604,6.25,151.25,76811.54655078637,False,,2.0,12.99323
5605,6.25,153.75,76811.54655078637,False,,2.0,5773.095
5606,6.25,156.25,76811.54655078637,False,,2.0,0.0
5607,6.25,158.75,76811.54655078637,False,,2.0,37592.336
5608,6.25,161.25,76811.54655078637,False,,0.0,151.9726
5609,6.25,163.75,76811.54655078637,False,,0.0,5703.883
5610,6.25,166.25,76811.54655078714,False,,0.0,0.0
5611,6.25,168.75,76811.54655078637,False,,0.0,2676.9053
5612,6.25,171.25,76811.54655078637,False,,2.0,586.27
5613,6.25,173.75,76811.54655078637,False,,2.0,254.81595
5614,6.25,176.25,76811.54655078637,False,,2.0,0.0
5615,6.25,178.75,76811.54655078637,False,,2.0,0.0
5616,8.75,-178.75,76371.50255091584,False,,2.0,0.0
5617,8.75,-176.25,76371.50255091584,False,,2.0,0.0
5618,8.75,-173.75,76371.50255091584,False,,2.0,0.0
5619,8.75,-171.25,76371.50255091663,False,,2.0,0.0
5620,8.75,-168.75,76371.50255091584,False,,2.0,0.0
5621,8.75,-166.25,76371.50255091584,False,,2.0,0.0
5622,8.75,-163.75,76371.50255091584,False,,0.0,0.0
5623,8.75,-161.25,76371.50255091584,False,,0.0,0.0
5624,8.75,-158.75,76371.50255091584,False,,2.0,0.0
5625,8.75,-156.25,76371.50255091584,False,,2.0,0.0
5626,8.75,-153.75,76371.50255091584,False,,0.0,0.0
5627,8.75,-151.25,76371.50255091663,False,,0.0,0.0
5628,8.75,-148.75,76371.50255091584,False,,0.0,0.0
5629,8.75,-146.25,76371.50255091584,False,,0.0,0.0
5630,8.75,-143.75,76371.50255091584,False,,0.0,0.0
5631,8.75,-141.25,76371.50255091584,False,,0.0,0.0
5632,8.75,-138.75,76371.50255091584,False,,0.0,0.0
5633,8.75,-136.25,76371.50255091584,False,,0.0,0.0
5634,8.75,-133.75,76371.50255091584,False,,0.0,0.0
5635,8.75,-131.25,76371.50255091584,False,,0.0,0.0
5636,8.75,-128.75,76371.50255091584,False,,0.0,0.0
5637,8.75,-126.25,76371.50255091584,False,,0.0,0.0
5638,8.75,-123.75,76371.50255091584,False,,2.0,0.0
5639,8.75,-121.25,76371.50255091584,False,,2.0,0.0
5640,8.75,-118.75,76371.50255091584,False,,2.0,0.0
5641,8.75,-116.25,76371.5025509174,False,,2.0,0.0
5642,8.75,-113.75,76371.50255091584,False,,2.0,0.0
5643,8.75,-111.25,76371.50255091584,False,,2.0,0.0
5644,8.75,-108.75,76371.50255091584,False,,2.0,0.0
5645,8.75,-106.25,76371.50255091584,False,,2.0,0.0
5646,8.75,-103.75,76371.50255091584,False,,2.0,0.0
5647,8.75,-101.25,76371.50255091584,False,,2.0,0.0
5648,8.75,-98.75,76371.50255091584,False,,2.0,0.0
5649,8.75,-96.25,76371.50255091584,False,,2.0,0.0
5650,8.75,-93.75,76371.50255091584,False,,2.0,0.0
5651,8.75,-91.25,76371.50255091584,False,,2.0,0.0
5652,8.75,-88.75,76371.50255091584,False,,2.0,0.0
5653,8.75,-86.25,76371.50255091584,True,,2.0,47622.28
5654,8.75,-83.75,76371.50255091584,True,0.0,2.0,2785429.5
5655,8.75,-81.25,76371.50255091584,True,0.0,2.0,1775003.9
5656,8.75,-78.75,76371.50255091584,True,0.0,2.0,2393437.2
5657,8.75,-76.25,76371.50255091584,True,0.0,2.0,4659697.0
5658,8.75,-73.75,76371.5025509174,True,4.0,2.0,4643273.5
5659,8.75,-71.25,76371.50255091584,True,0.0,2.0,5855728.0
5660,8.75,-68.75,76371.50255091584,True,0.0,2.0,2525744.0
5661,8.75,-66.25,76371.50255091584,True,0.0,2.0,1853584.5
5662,8.75,-63.75,76371.50255091584,True,0.0,1.0,1904648.4
5663,8.75,-61.25,76371.50255091584,True,,1.0,1809579.2
5664,8.75,-58.75,76371.50255091584,True,0.0,2.0,72133.266
5665,8.75,-56.25,76371.50255091584,False,,2.0,0.0
5666,8.75,-53.75,76371.50255091584,False,,0.0,0.0
5667,8.75,-51.25,76371.50255091584,False,,0.0,0.0
5668,8.75,-48.75,76371.50255091584,False,,2.0,0.0
5669,8.75,-46.25,76371.50255091584,False,,2.0,0.0
5670,8.75,-43.75,76371.50255091584,False,,2.0,0.0
5671,8.75,-41.25,76371.50255091584,False,,2.0,0.0
5672,8.75,-38.75,76371.50255091584,False,,2.0,0.0
5673,8.75,-36.25,76371.50255091584,False,,2.0,0.0
5674,8.75,-33.75,76371.50255091584,False,,2.0,0.0
5675,8.75,-31.25,76371.50255091584,False,,2.0,0.0
5676,8.75,-28.75,76371.5025509174,False,,2.0,0.0
5677,8.75,-26.25,76371.50255091584,False,,2.0,0.0
5678,8.75,-23.75,76371.50255091584,False,,2.0,0.0
5679,8.75,-21.25,76371.50255091584,False,,2.0,0.0
5680,8.75,-18.75,76371.50255091584,False,,2.0,0.0
5681,8.75,-16.25,76371.50255091584,False,,2.0,0.0
5682,8.75,-13.75,76371.50255091584,True,-4.0,2.0,4727645.5
5683,8.75,-11.25,76371.50255091584,True,,2.0,6384887.5
5684,8.75,-8.75,76371.50255091584,True,,2.0,2821090.0
5685,8.75,-6.25,76371.50255091584,True,,2.0,5843504.0
5686,8.75,-3.75,76371.50255091584,True,-4.0,2.0,2567069.8
5687,8.75,-1.25,76371.50255091584,True,-4.0,2.0,6070009.0
5688,8.75,1.25,76371.50255091593,True,0.0,2.0,6107989.5
5689,8.75,3.75,76371.50255091593,True,0.0,2.0,22402258.0
5690,8.75,6.25,76371.50255091592,True,0.0,2.0,14994952.0
5691,8.75,8.75,76371.50255091595,True,,2.0,21597168.0
5692,8.75,11.25,76371.50255091595,True,-4.0,2.0,5117055.0
5693,8.75,13.75,76371.5025509159,True,0.0,2.0,6495208.0
5694,8.75,16.25,76371.50255091595,True,0.0,0.0,3922022.0
5695,8.75,18.75,76371.50255091595,True,0.0,0.0,2143929.2
5696,8.75,21.25,76371.50255091595,True,,0.0,122635.17
5697,8.75,23.75,76371.50255091595,True,,0.0,461324.7
5698,8.75,26.25,76371.50255091595,True,,3.0,464067.38
5699,8.75,28.75,76371.50255091584,True,0.0,3.0,2798407.0
5700,8.75,31.25,76371.50255091603,True,0.0,3.0,1612867.4
5701,8.75,33.75,76371.50255091584,True,,3.0,3296697.5
5702,8.75,36.25,76371.50255091603,True,-4.0,2.0,9964086.0
5703,8.75,38.75,76371.50255091584,True,0.0,2.0,29107268.0
5704,8.75,41.25,76371.50255091603,True,0.0,2.0,7667713.5
5705,8.75,43.75,76371.50255091584,True,,2.0,5439351.0
5706,8.75,46.25,76371.50255091603,True,,0.0,815576.8
5707,8.75,48.75,76371.50255091584,True,,0.0,779450.2
5708,8.75,51.25,76371.50255091603,True,,2.0,31012.385
5709,8.75,53.75,76371.50255091584,False,,2.0,0.0
5710,8.75,56.25,76371.50255091584,False,,2.0,0.0
5711,8.75,58.75,76371.50255091584,False,,2.0,0.0
5712,8.75,61.25,76371.50255091624,False,,2.0,0.0
5713,8.75,63.75,76371.50255091584,False,,2.0,0.0
5714,8.75,66.25,76371.50255091584,False,,2.0,0.0
5715,8.75,68.75,76371.50255091584,False,,2.0,0.0
5716,8.75,71.25,76371.50255091624,False,,2.0,0.0
5717,8.75,73.75,76371.50255091584,False,,2.0,11541.292
5718,8.75,76.25,76371.50255091584,True,0.0,2.0,11171485.0
5719,8.75,78.75,76371.50255091584,True,0.0,2.0,20368734.0
5720,8.75,81.25,76371.50255091584,True,0.0,2.0,9543334.0
5721,8.75,83.75,76371.50255091624,False,,2.0,0.0
5722,8.75,86.25,76371.50255091584,False,,2.0,0.0
5723,8.75,88.75,76371.50255091584,False,,2.0,0.0
5724,8.75,91.25,76371.50255091584,False,,2.0,0.0
5725,8.75,93.75,76371.50255091624,False,,2.0,30185.965
5726,8.75,96.25,76371.50255091584,False,,2.0,0.0
5727,8.75,98.75,76371.50255091584,True,0.0,2.0,5108701.0
5728,8.75,101.25,76371.50255091584,True,0.0,2.0,1617228.0
5729,8.75,103.75,76371.50255091624,True,,2.0,632797.94
5730,8.75,106.25,76371.50255091584,True,0.0,2.0,6312138.0
5731,8.75,108.75,76371.50255091584,False,,2.0,142.6698
5732,8.75,111.25,76371.50255091584,False,,2.0,0.0
5733,8.75,113.75,76371.50255091584,False,,2.0,0.0
5734,8.75,116.25,76371.50255091584,True,,2.0,14917.69
5735,8.75,118.75,76371.50255091584,True,0.0,2.0,869879.2
5736,8.75,121.25,76371.50255091663,False,,2.0,49242.926
5737,8.75,123.75,76371.50255091584,True,0.0,2.0,13490716.0
5738,8.75,126.25,76371.50255091584,True,0.0,2.0,8624719.0
5739,8.75,128.75,76371.50255091584,False,,2.0,0.0
5740,8.75,131.25,76371.50255091584,False,,2.0,0.0
5741,8.75,133.75,76371.50255091584,False,,2.0,26160.617
5742,8.75,136.25,76371.50255091584,False,,2.0,0.0
5743,8.75,138.75,76371.50255091584,False,,2.0,7925.788
5744,8.75,141.25,76371.50255091584,False,,2.0,402.0279
5745,8.75,143.75,76371.50255091663,False,,2.0,1848.1125
5746,8.75,146.25,76371.50255091584,False,,2.0,457.28986
5747,8.75,148.75,76371.50255091584,False,,2.0,3862.8833
5748,8.75,151.25,76371.50255091584,False,,2.0,35124.78
5749,8.75,153.75,76371.50255091584,False,,2.0,658.8185
5750,8.75,156.25,76371.50255091584,False,,2.0,2.477817
5751,8.75,158.75,76371.50255091584,False,,2.0,240.2946
5752,8.75,161.25,76371.50255091584,False,,0.0,0.0
5753,8.75,163.75,76371.50255091584,False,,0.0,0.0
5754,8.75,166.25,76371.50255091663,False,,0.0,2228.2166
5755,8.75,168.75,76371.50255091584,False,,0.0,13107.799
5756,8.75,171.25,76371.50255091584,False,,2.0,34465.62
5757,8.75,173.75,76371.50255091584,False,,2.0,0.0
5758,8.75,176.25,76371.50255091584,False,,2.0,0.0
5759,8.75,178.75,76371.50255091584,False,,2.0,0.0
5760,11.25,-178.75,75786.08105526722,False,,0.0,0.0
5761,11.25,-176.25,75786.08105526722,False,,0.0,0.0
5762,11.25,-173.75,75786.08105526722,False,,1.0,0.0
5763,11.25,-171.25,75786.08105526799,False,,1.0,0.0
5764,11.25,-168.75,75786.08105526722,False,,2.0,0.0
5765,11.25,-166.25,75786.08105526722,False,,2.0,0.0
5766,11.25,-163.75,75786.08105526722,False,,0.0,0.0
5767,11.25,-161.25,75786.08105526722,False,,0.0,0.0
5768,11.25,-158.75,75786.08105526722,False,,0.0,0.0
5769,11.25,-156.25,75786.08105526722,False,,0.0,0.0
5770,11.25,-153.75,75786.08105526722,False,,2.0,0.0
5771,11.25,-151.25,75786.08105526799,False,,2.0,0.0
5772,11.25,-148.75,75786.08105526722,False,,0.0,0.0
5773,11.25,-146.25,75786.08105526722,False,,0.0,0.0
5774,11.25,-143.75,75786.08105526722,False,,0.0,0.0
5775,11.25,-141.25,75786.08105526722,False,,0.0,0.0
5776,11.25,-138.75,75786.08105526722,False,,0.0,0.0
5777,11.25,-136.25,75786.08105526722,False,,0.0,0.0
5778,11.25,-133.75,75786.08105526722,False,,0.0,0.0
5779,11.25,-131.25,75786.08105526722,False,,0.0,0.0
5780,11.25,-128.75,75786.08105526722,False,,2.0,0.0
5781,11.25,-126.25,75786.08105526722,False,,2.0,0.0
5782,11.25,-123.75,75786.08105526722,False,,2.0,0.0
5783,11.25,-121.25,75786.08105526722,False,,2.0,0.0
5784,11.25,-118.75,75786.08105526722,False,,2.0,0.0
5785,11.25,-116.25,75786.08105526876,False,,2.0,0.0
5786,11.25,-113.75,75786.08105526722,False,,2.0,0.0
5787,11.25,-111.25,75786.08105526722,False,,2.0,0.0
5788,11.25,-108.75,75786.08105526722,False,,1.0,0.0
5789,11.25,-106.25,75786.08105526722,False,,1.0,0.0
5790,11.25,-103.75,75786.08105526722,False,,1.0,0.0
5791,11.25,-101.25,75786.08105526722,False,,1.0,0.0
5792,11.25,-98.75,75786.08105526722,False,,0.0,0.0
5793,11.25,-96.25,75786.08105526722,False,,0.0,0.0
5794,11.25,-93.75,75786.08105526722,False,,2.0,0.0
5795,11.25,-91.25,75786.08105526722,False,,2.0,0.0
5796,11.25,-88.75,75786.08105526722,False,,2.0,0.0
5797,11.25,-86.25,75786.08105526722,True,0.0,2.0,1254452.8
5798,11.25,-83.75,75786.08105526722,True,0.0,2.0,1807024.1
5799,11.25,-81.25,75786.08105526722,False,,2.0,0.0
5800,11.25,-78.75,75786.08105526722,False,,2.0,0.0
5801,11.25,-76.25,75786.08105526722,True,0.0,2.0,1898788.0
5802,11.25,-73.75,75786.08105526876,True,4.0,2.0,5332692.5
5803,11.25,-71.25,75786.08105526722,True,0.0,2.0,5589009.0
5804,11.25,-68.75,75786.08105526722,True,0.0,2.0,3575587.5
5805,11.25,-66.25,75786.08105526722,True,0.0,2.0,8449120.0
5806,11.25,-63.75,75786.08105526722,True,0.0,2.0,2230397.8
5807,11.25,-61.25,75786.08105526722,True,0.0,2.0,1591555.1
5808,11.25,-58.75,75786.08105526722,False,,2.0,0.0
5809,11.25,-56.25,75786.08105526722,False,,2.0,0.0
5810,11.25,-53.75,75786.08105526722,False,,0.0,0.0
5811,11.25,-51.25,75786.08105526722,False,,0.0,0.0
5812,11.25,-48.75,75786.08105526722,False,,2.0,0.0
5813,11.25,-46.25,75786.08105526722,False,,2.0,0.0
5814,11.25,-43.75,75786.08105526722,False,,2.0,0.0
5815,11.25,-41.25,75786.08105526722,False,,2.0,0.0
5816,11.25,-38.75,75786.08105526722,False,,2.0,0.0
5817,11.25,-36.25,75786.08105526722,False,,2.0,0.0
5818,11.25,-33.75,75786.08105526722,False,,2.0,0.0
5819,11.25,-31.25,75786.08105526722,False,,2.0,0.0
5820,11.25,-28.75,75786.08105526876,False,,2.0,0.0
5821,11.25,-26.25,75786.08105526722,False,,2.0,0.0
5822,11.25,-23.75,75786.08105526722,False,,2.0,0.0
5823,11.25,-21.25,75786.08105526722,False,,2.0,0.0
5824,11.25,-18.75,75786.08105526722,False,,2.0,0.0
5825,11.25,-16.25,75786.08105526722,True,-4.0,2.0,868566.7
5826,11.25,-13.75,75786.08105526722,True,-4.0,2.0,1589425.2
5827,11.25,-11.25,75786.08105526722,True,-4.0,2.0,2869343.0
5828,11.25,-8.75,75786.08105526722,True,0.0,2.0,2259864.0
5829,11.25,-6.25,75786.08105526722,True,0.0,2.0,3696229.0
5830,11.25,-3.75,75786.08105526722,True,0.0,2.0,4001245.5
5831,11.25,-1.25,75786.08105526722,True,0.0,2.0,5450266.0
5832,11.25,1.25,75786.08105526729,True,0.0,2.0,3298835.0
5833,11.25,3.75,75786.08105526729,True,0.0,2.0,4660793.0
5834,11.25,6.25,75786.08105526729,True,,2.0,4375698.0
5835,11.25,8.75,75786.08105526732,True,,2.0,22862226.0
5836,11.25,11.25,75786.08105526732,True,,2.0,7829879.0
5837,11.25,13.75,75786.08105526726,True,,2.0,9682002.0
5838,11.25,16.25,75786.08105526732,True,0.0,2.0,1467775.4
5839,11.25,18.75,75786.08105526732,True,0.0,2.0,807547.4
5840,11.25,21.25,75786.08105526732,True,0.0,3.0,376668.1
5841,11.25,23.75,75786.08105526732,True,0.0,3.0,2731487.8
5842,11.25,26.25,75786.08105526732,True,,3.0,1993132.5
5843,11.25,28.75,75786.08105526722,True,0.0,3.0,920708.9
5844,11.25,31.25,75786.08105526741,True,0.0,2.0,471768.22
5845,11.25,33.75,75786.08105526722,True,0.0,2.0,1503364.1
5846,11.25,36.25,75786.08105526741,True,0.0,2.0,2542396.5
5847,11.25,38.75,75786.08105526722,True,0.0,2.0,13884378.0
5848,11.25,41.25,75786.08105526741,True,,2.0,1382154.4
5849,11.25,43.75,75786.08105526722,True,0.0,2.0,1712217.5
5850,11.25,46.25,75786.08105526741,True,,2.0,143640.47
5851,11.25,48.75,75786.08105526722,True,,2.0,522276.66
5852,11.25,51.25,75786.08105526741,True,,2.0,148874.83
5853,11.25,53.75,75786.08105526722,True,,2.0,0.0
5854,11.25,56.25,75786.08105526722,False,,2.0,0.0
5855,11.25,58.75,75786.08105526722,False,,2.0,0.0
5856,11.25,61.25,75786.08105526761,False,,2.0,0.0
5857,11.25,63.75,75786.08105526722,False,,2.0,0.0
5858,11.25,66.25,75786.08105526722,False,,2.0,0.0
5859,11.25,68.75,75786.08105526722,False,,2.0,0.0
5860,11.25,71.25,75786.08105526761,False,,2.0,0.0
5861,11.25,73.75,75786.08105526722,True,,2.0,57081.47
5862,11.25,76.25,75786.08105526722,True,0.0,3.0,23042136.0
5863,11.25,78.75,75786.08105526722,True,0.0,3.0,37440384.0
5864,11.25,81.25,75786.08105526722,True,,2.0,0.0
5865,11.25,83.75,75786.08105526761,False,,2.0,0.0
5866,11.25,86.25,75786.08105526722,False,,2.0,0.0
5867,11.25,88.75,75786.08105526722,False,,2.0,0.0
5868,11.25,91.25,75786.08105526722,True,,2.0,0.0
5869,11.25,93.75,75786.08105526761,True,0.0,2.0,187307.11
5870,11.25,96.25,75786.08105526722,False,,2.0,0.0
5871,11.25,98.75,75786.08105526722,True,0.0,2.0,1091168.5
5872,11.25,101.25,75786.08105526722,True,,2.0,0.0
5873,11.25,103.75,75786.08105526761,True,0.0,2.0,7143501.0
5874,11.25,106.25,75786.08105526722,True,0.0,2.0,31419422.0
5875,11.25,108.75,75786.08105526722,True,4.0,2.0,6944551.0
5876,11.25,111.25,75786.08105526722,False,,2.0,0.0
5877,11.25,113.75,75786.08105526722,False,,2.0,0.0
5878,11.25,116.25,75786.08105526722,False,,2.0,0.0
5879,11.25,118.75,75786.08105526722,True,,2.0,457497.8
5880,11.25,121.25,75786.08105526799,True,0.0,2.0,466852.1
5881,11.25,123.75,75786.08105526722,True,4.0,2.0,15658560.0
5882,11.25,126.25,75786.08105526722,True,4.0,2.0,1184430.5
5883,11.25,128.75,75786.08105526722,False,,2.0,0.0
5884,11.25,131.25,75786.08105526722,False,,2.0,0.0
5885,11.25,133.75,75786.08105526722,False,,2.0,0.0
5886,11.25,136.25,75786.08105526722,False,,2.0,0.0
5887,11.25,138.75,75786.08105526722,False,,2.0,588.7198
5888,11.25,141.25,75786.08105526722,False,,2.0,0.0
5889,11.25,143.75,75786.08105526799,False,,2.0,0.0
5890,11.25,146.25,75786.08105526722,False,,2.0,0.0
5891,11.25,148.75,75786.08105526722,False,,2.0,0.0
5892,11.25,151.25,75786.08105526722,False,,2.0,0.0
5893,11.25,153.75,75786.08105526722,False,,2.0,0.0
5894,11.25,156.25,75786.08105526722,False,,0.0,0.0
5895,11.25,158.75,75786.08105526722,False,,0.0,0.0
5896,11.25,161.25,75786.08105526722,False,,0.0,0.0
5897,11.25,163.75,75786.08105526722,False,,0.0,550.2783
5898,11.25,166.25,75786.08105526799,False,,,266.46136
5899,11.25,168.75,75786.08105526722,False,,,846.9621
5900,11.25,171.25,75786.08105526722,False,,0.0,304.3993
5901,11.25,173.75,75786.08105526722,False,,0.0,0.0
5902,11.25,176.25,75786.08105526722,False,,0.0,0.0
5903,11.25,178.75,75786.08105526722,False,,0.0,0.0
5904,13.75,-178.75,75056.39644693054,False,,0.0,0.0
5905,13.75,-176.25,75056.39644693054,False,,0.0,0.0
5906,13.75,-173.75,75056.39644693054,False,,1.0,0.0
5907,13.75,-171.25,75056.3964469313,False,,1.0,0.0
5908,13.75,-168.75,75056.39644693054,False,,2.0,0.0
5909,13.75,-166.25,75056.39644693054,False,,2.0,0.0
5910,13.75,-163.75,75056.39644693054,False,,0.0,0.0
5911,13.75,-161.25,75056.39644693054,False,,0.0,0.0
5912,13.75,-158.75,75056.39644693054,False,,0.0,0.0
5913,13.75,-156.25,75056.39644693054,False,,0.0,0.0
5914,13.75,-153.75,75056.39644693054,False,,2.0,0.0
5915,13.75,-151.25,75056.3964469313,False,,2.0,0.0
5916,13.75,-148.75,75056.39644693054,False,,0.0,0.0
5917,13.75,-146.25,75056.39644693054,False,,0.0,0.0
5918,13.75,-143.75,75056.39644693054,False,,0.0,0.0
5919,13.75,-141.25,75056.39644693054,False,,0.0,0.0
5920,13.75,-138.75,75056.39644693054,False,,0.0,0.0
5921,13.75,-136.25,75056.39644693054,False,,0.0,0.0
5922,13.75,-133.75,75056.39644693054,False,,0.0,0.0
5923,13.75,-131.25,75056.39644693054,False,,0.0,0.0
5924,13.75,-128.75,75056.39644693054,False,,2.0,0.0
5925,13.75,-126.25,75056.39644693054,False,,2.0,0.0
5926,13.75,-123.75,75056.39644693054,False,,2.0,0.0
5927,13.75,-121.25,75056.39644693054,False,,2.0,0.0
5928,13.75,-118.75,75056.39644693054,False,,2.0,0.0
5929,13.75,-116.25,75056.39644693208,False,,2.0,0.0
5930,13.75,-113.75,75056.39644693054,False,,2.0,0.0
5931,13.75,-111.25,75056.39644693054,False,,2.0,0.0
5932,13.75,-108.75,75056.39644693054,False,,1.0,0.0
5933,13.75,-106.25,75056.39644693054,False,,1.0,0.0
5934,13.75,-103.75,75056.39644693054,False,,1.0,0.0
5935,13.75,-101.25,75056.39644693054,False,,1.0,0.0
5936,13.75,-98.75,75056.39644693054,False,,0.0,0.0
5937,13.75,-96.25,75056.39644693054,False,,0.0,0.0
5938,13.75,-93.75,75056.39644693054,True,,2.0,0.0
5939,13.75,-91.25,75056.39644693054,True,0.0,2.0,11020373.0
5940,13.75,-88.75,75056.39644693054,True,-3.0,2.0,9072343.0
5941,13.75,-86.25,75056.39644693054,True,-2.0,2.0,9316949.0
5942,13.75,-83.75,75056.39644693054,True,,2.0,869570.0
5943,13.75,-81.25,75056.39644693054,False,,2.0,111573.54
5944,13.75,-78.75,75056.39644693054,False,,2.0,0.0
5945,13.75,-76.25,75056.39644693054,False,,2.0,0.0
5946,13.75,-73.75,75056.39644693208,False,,2.0,0.0
5947,13.75,-71.25,75056.39644693054,True,,2.0,229371.89
5948,13.75,-68.75,75056.39644693054,True,,2.0,258287.3
5949,13.75,-66.25,75056.39644693054,False,,2.0,0.0
5950,13.75,-63.75,75056.39644693054,False,,2.0,0.0
5951,13.75,-61.25,75056.39644693054,False,,2.0,809953.1
5952,13.75,-58.75,75056.39644693054,False,,2.0,289431.5
5953,13.75,-56.25,75056.39644693054,False,,2.0,0.0
5954,13.75,-53.75,75056.39644693054,False,,0.0,0.0
5955,13.75,-51.25,75056.39644693054,False,,0.0,0.0
5956,13.75,-48.75,75056.39644693054,False,,2.0,0.0
5957,13.75,-46.25,75056.39644693054,False,,2.0,0.0
5958,13.75,-43.75,75056.39644693054,False,,2.0,0.0
5959,13.75,-41.25,75056.39644693054,False,,2.0,0.0
5960,13.75,-38.75,75056.39644693054,False,,2.0,0.0
5961,13.75,-36.25,75056.39644693054,False,,2.0,0.0
5962,13.75,-33.75,75056.39644693054,False,,2.0,0.0
5963,13.75,-31.25,75056.39644693054,False,,2.0,0.0
5964,13.75,-28.75,75056.39644693208,False,,2.0,0.0
5965,13.75,-26.25,75056.39644693054,False,,2.0,0.0
5966,13.75,-23.75,75056.39644693054,True,,2.0,66711.734
5967,13.75,-21.25,75056.39644693054,False,,2.0,0.0
5968,13.75,-18.75,75056.39644693054,False,,2.0,0.0
5969,13.75,-16.25,75056.39644693054,True,-4.0,2.0,13789622.0
5970,13.75,-13.75,75056.39644693054,True,-4.0,2.0,2581131.8
5971,13.75,-11.25,75056.39644693054,True,0.0,2.0,2305591.2
5972,13.75,-8.75,75056.39644693054,True,0.0,2.0,3136923.2
5973,13.75,-6.25,75056.39644693054,True,0.0,2.0,8942002.0
5974,13.75,-3.75,75056.39644693054,True,0.0,2.0,4132403.5
5975,13.75,-1.25,75056.39644693054,True,0.0,2.0,11939570.0
5976,13.75,1.25,75056.39644693062,True,0.0,2.0,3253428.8
5977,13.75,3.75,75056.39644693062,True,0.0,2.0,9132538.0
5978,13.75,6.25,75056.39644693061,True,0.0,2.0,11891644.0
5979,13.75,8.75,75056.39644693064,True,0.0,2.0,23010800.0
5980,13.75,11.25,75056.39644693064,True,0.0,2.0,4012104.8
5981,13.75,13.75,75056.3964469306,True,0.0,2.0,4585024.0
5982,13.75,16.25,75056.39644693064,True,0.0,2.0,2584069.8
5983,13.75,18.75,75056.39644693064,True,-4.0,2.0,1123639.1
5984,13.75,21.25,75056.39644693064,True,0.0,3.0,1818831.5
5985,13.75,23.75,75056.39644693064,True,,3.0,4121260.5
5986,13.75,26.25,75056.39644693064,True,0.0,3.0,1989105.6
5987,13.75,28.75,75056.39644693054,True,0.0,3.0,1916463.0
5988,13.75,31.25,75056.39644693074,True,0.0,2.0,2323028.0
5989,13.75,33.75,75056.39644693054,True,-4.0,2.0,7847136.5
5990,13.75,36.25,75056.39644693074,True,0.0,2.0,2308550.2
5991,13.75,38.75,75056.39644693054,True,0.0,2.0,11523994.0
5992,13.75,41.25,75056.39644693074,True,,2.0,782881.8
5993,13.75,43.75,75056.39644693054,True,0.0,2.0,14365228.0
5994,13.75,46.25,75056.39644693074,True,0.0,2.0,2697051.8
5995,13.75,48.75,75056.39644693054,True,,2.0,780486.8
5996,13.75,51.25,75056.39644693074,True,,2.0,12259.06
5997,13.75,53.75,75056.39644693054,True,,2.0,69594.08
5998,13.75,56.25,75056.39644693054,False,,2.0,0.0
5999,13.75,58.75,75056.39644693054,False,,2.0,0.0
6000,13.75,61.25,75056.39644693091,False,,2.0,0.0
6001,13.75,63.75,75056.39644693054,False,,2.0,0.0
6002,13.75,66.25,75056.39644693054,False,,2.0,0.0
6003,13.75,68.75,75056.39644693054,False,,2.0,0.0
6004,13.75,71.25,75056.39644693091,False,,2.0,0.0
6005,13.75,73.75,75056.39644693054,True,0.0,2.0,3941958.5
6006,13.75,76.25,75056.39644693054,True,0.0,3.0,21245672.0
6007,13.75,78.75,75056.39644693054,True,0.0,3.0,50791036.0
6008,13.75,81.25,75056.39644693054,True,0.0,2.0,12662000.0
6009,13.75,83.75,75056.39644693091,False,,2.0,0.0
6010,13.75,86.25,75056.39644693054,False,,2.0,0.0
6011,13.75,88.75,75056.39644693054,False,,2.0,0.0
6012,13.75,91.25,75056.39644693054,False,,2.0,0.0
6013,13.75,93.75,75056.39644693091,False,,2.0,188854.3
6014,13.75,96.25,75056.39644693054,False,,2.0,0.0
6015,13.75,98.75,75056.39644693054,True,0.0,2.0,4112481.8
6016,13.75,101.25,75056.39644693054,True,-2.0,2.0,30555136.0
6017,13.75,103.75,75056.39644693091,True,0.0,2.0,11330372.0
6018,13.75,106.25,75056.39644693054,True,0.0,2.0,3037143.0
6019,13.75,108.75,75056.39644693054,True,,2.0,9456379.0
6020,13.75,111.25,75056.39644693054,False,,2.0,0.0
6021,13.75,113.75,75056.39644693054,False,,2.0,0.0
6022,13.75,116.25,75056.39644693054,False,,2.0,0.0
6023,13.75,118.75,75056.39644693054,False,,2.0,26507.6
6024,13.75,121.25,75056.3964469313,True,4.0,2.0,35413540.0
6025,13.75,123.75,75056.39644693054,True,0.0,2.0,8491828.0
6026,13.75,126.25,75056.39644693054,True,,2.0,389488.3
6027,13.75,128.75,75056.39644693054,False,,2.0,0.0
6028,13.75,131.25,75056.39644693054,False,,2.0,0.0
6029,13.75,133.75,75056.39644693054,False,,2.0,0.0
6030,13.75,136.25,75056.39644693054,False,,2.0,0.0
6031,13.75,138.75,75056.39644693054,False,,2.0,0.0
6032,13.75,141.25,75056.39644693054,False,,2.0,0.0
6033,13.75,143.75,75056.3964469313,False,,2.0,165479.0
6034,13.75,146.25,75056.39644693054,True,,2.0,4643.015
6035,13.75,148.75,75056.39644693054,False,,2.0,0.0
6036,13.75,151.25,75056.39644693054,False,,2.0,0.0
6037,13.75,153.75,75056.39644693054,False,,2.0,0.0
6038,13.75,156.25,75056.39644693054,False,,0.0,0.0
6039,13.75,158.75,75056.39644693054,False,,0.0,0.0
6040,13.75,161.25,75056.39644693054,False,,0.0,0.0
6041,13.75,163.75,75056.39644693054,False,,0.0,0.0
6042,13.75,166.25,75056.3964469313,False,,,0.0
6043,13.75,168.75,75056.39644693054,False,,,0.0
6044,13.75,171.25,75056.39644693054,False,,0.0,0.0
6045,13.75,173.75,75056.39644693054,False,,0.0,0.0
6046,13.75,176.25,75056.39644693054,False,,0.0,0.0
6047,13.75,178.75,75056.39644693054,False,,0.0,0.0
6048,16.25,-178.75,74183.83772203056,False,,0.0,0.0
6049,16.25,-176.25,74183.83772203056,False,,0.0,0.0
6050,16.25,-173.75,74183.83772203056,False,,0.0,0.0
6051,16.25,-171.25,74183.83772203131,False,,0.0,0.0
6052,16.25,-168.75,74183.83772203056,False,,0.0,0.0
6053,16.25,-166.25,74183.83772203056,False,,0.0,0.0
6054,16.25,-163.75,74183.83772203056,False,,0.0,0.0
6055,16.25,-161.25,74183.83772203056,False,,0.0,0.0
6056,16.25,-158.75,74183.83772203056,False,,0.0,0.0
6057,16.25,-156.25,74183.83772203056,False,,0.0,0.0
6058,16.25,-153.75,74183.83772203056,False,,0.0,0.0
6059,16.25,-151.25,74183.83772203131,False,,0.0,0.0
6060,16.25,-148.75,74183.83772203056,False,,0.0,0.0
6061,16.25,-146.25,74183.83772203056,False,,0.0,0.0
6062,16.25,-143.75,74183.83772203056,False,,0.0,0.0
6063,16.25,-141.25,74183.83772203056,False,,0.0,0.0
6064,16.25,-138.75,74183.83772203056,False,,0.0,0.0
6065,16.25,-136.25,74183.83772203056,False,,0.0,0.0
6066,16.25,-133.75,74183.83772203056,False,,0.0,0.0
6067,16.25,-131.25,74183.83772203056,False,,0.0,0.0
6068,16.25,-128.75,74183.83772203056,False,,0.0,0.0
6069,16.25,-126.25,74183.83772203056,False,,0.0,0.0
6070,16.25,-123.75,74183.83772203056,False,,0.0,0.0
6071,16.25,-121.25,74183.83772203056,False,,0.0,0.0
6072,16.25,-118.75,74183.83772203056,False,,2.0,0.0
6073,16.25,-116.25,74183.83772203207,False,,2.0,0.0
6074,16.25,-113.75,74183.83772203056,False,,2.0,0.0
6075,16.25,-111.25,74183.83772203056,False,,2.0,0.0
6076,16.25,-108.75,74183.83772203056,False,,2.0,0.0
6077,16.25,-106.25,74183.83772203056,False,,2.0,0.0
6078,16.25,-103.75,74183.83772203056,False,,2.0,0.0
6079,16.25,-101.25,74183.83772203056,True,,2.0,11339.23
6080,16.25,-98.75,74183.83772203056,True,0.0,1.0,1541093.2
6081,16.25,-96.25,74183.83772203056,True,0.0,1.0,1909630.8
6082,16.25,-93.75,74183.83772203056,True,0.0,1.0,1660138.2
6083,16.25,-91.25,74183.83772203056,True,0.0,1.0,7649736.0
6084,16.25,-88.75,74183.83772203056,True,0.0,2.0,2935046.8
6085,16.25,-86.25,74183.83772203056,True,0.0,2.0,2546459.5
6086,16.25,-83.75,74183.83772203056,True,0.0,2.0,97825.625
6087,16.25,-81.25,74183.83772203056,False,,2.0,4.497852
6088,16.25,-78.75,74183.83772203056,False,,2.0,172.53125
6089,16.25,-76.25,74183.83772203056,False,,2.0,0.0
6090,16.25,-73.75,74183.83772203207,False,,2.0,0.0
6091,16.25,-71.25,74183.83772203056,False,,2.0,0.0
6092,16.25,-68.75,74183.83772203056,False,,2.0,0.0
6093,16.25,-66.25,74183.83772203056,False,,2.0,0.0
6094,16.25,-63.75,74183.83772203056,False,,2.0,1062.09
6095,16.25,-61.25,74183.83772203056,True,0.0,2.0,504301.44
6096,16.25,-58.75,74183.83772203056,False,,2.0,0.0
6097,16.25,-56.25,74183.83772203056,False,,2.0,0.0
6098,16.25,-53.75,74183.83772203056,False,,2.0,0.0
6099,16.25,-51.25,74183.83772203056,False,,2.0,0.0
6100,16.25,-48.75,74183.83772203056,False,,2.0,0.0
6101,16.25,-46.25,74183.83772203056,False,,2.0,0.0
6102,16.25,-43.75,74183.83772203056,False,,2.0,0.0
6103,16.25,-41.25,74183.83772203056,False,,2.0,0.0
6104,16.25,-38.75,74183.83772203056,False,,2.0,0.0
6105,16.25,-36.25,74183.83772203056,False,,2.0,0.0
6106,16.25,-33.75,74183.83772203056,False,,2.0,0.0
6107,16.25,-31.25,74183.83772203056,False,,2.0,0.0
6108,16.25,-28.75,74183.83772203207,False,,2.0,0.0
6109,16.25,-26.25,74183.83772203056,True,,2.0,26154.39
6110,16.25,-23.75,74183.83772203056,True,,2.0,363356.03
6111,16.25,-21.25,74183.83772203056,False,,2.0,43021.91
6112,16.25,-18.75,74183.83772203056,False,,2.0,0.0
6113,16.25,-16.25,74183.83772203056,True,0.0,2.0,2230198.0
6114,16.25,-13.75,74183.83772203056,True,0.0,2.0,1284911.0
6115,16.25,-11.25,74183.83772203056,True,0.0,2.0,1347963.8
6116,16.25,-8.75,74183.83772203056,True,0.0,2.0,668252.6
6117,16.25,-6.25,74183.83772203056,True,0.0,2.0,647217.9
6118,16.25,-3.75,74183.83772203056,True,0.0,2.0,994201.25
6119,16.25,-1.25,74183.83772203056,True,0.0,2.0,749302.7
6120,16.25,1.25,74183.83772203064,True,0.0,2.0,431136.5
6121,16.25,3.75,74183.83772203064,True,,2.0,461808.38
6122,16.25,6.25,74183.83772203064,True,,2.0,1093789.1
6123,16.25,8.75,74183.83772203066,True,0.0,2.0,513035.44
6124,16.25,11.25,74183.83772203066,True,,2.0,36300.79
6125,16.25,13.75,74183.83772203061,True,,2.0,78945.99
6126,16.25,16.25,74183.83772203066,True,,,99854.07
6127,16.25,18.75,74183.83772203066,True,,,207858.44
6128,16.25,21.25,74183.83772203066,True,0.0,,315055.53
6129,16.25,23.75,74183.83772203066,True,,,539489.5
6130,16.25,26.25,74183.83772203066,True,,,63904.68
6131,16.25,28.75,74183.83772203056,True,,,294488.16
6132,16.25,31.25,74183.83772203074,True,,2.0,806375.25
6133,16.25,33.75,74183.83772203056,True,-4.0,2.0,8357376.0
6134,16.25,36.25,74183.83772203074,True,-4.0,2.0,2345190.5
6135,16.25,38.75,74183.83772203056,True,,2.0,2369175.5
6136,16.25,41.25,74183.83772203074,True,,2.0,36722.348
6137,16.25,43.75,74183.83772203056,True,,2.0,11358557.0
6138,16.25,46.25,74183.83772203074,True,,,397524.78
6139,16.25,48.75,74183.83772203056,True,,,914916.75
6140,16.25,51.25,74183.83772203074,True,,2.0,168036.03
6141,16.25,53.75,74183.83772203056,True,0.0,2.0,80178.92
6142,16.25,56.25,74183.83772203056,True,,2.0,0.01591807
6143,16.25,58.75,74183.83772203056,False,,2.0,0.0
6144,16.25,61.25,74183.83772203093,False,,2.0,0.0
6145,16.25,63.75,74183.83772203056,False,,2.0,0.0
6146,16.25,66.25,74183.83772203056,False,,2.0,0.0
6147,16.25,68.75,74183.83772203056,False,,2.0,0.0
6148,16.25,71.25,74183.83772203093,False,,2.0,0.0
6149,16.25,73.75,74183.83772203056,True,0.0,2.0,13593742.0
6150,16.25,76.25,74183.83772203056,True,0.0,3.0,13572341.0
6151,16.25,78.75,74183.83772203056,True,0.0,3.0,16847732.0
6152,16.25,81.25,74183.83772203056,True,0.0,2.0,15068198.0
6153,16.25,83.75,74183.83772203093,True,,2.0,1665723.0
6154,16.25,86.25,74183.83772203056,False,,2.0,0.0
6155,16.25,88.75,74183.83772203056,False,,2.0,0.0
6156,16.25,91.25,74183.83772203056,False,,2.0,0.0
6157,16.25,93.75,74183.83772203093,True,,2.0,1292959.5
6158,16.25,96.25,74183.83772203056,True,0.0,2.0,9275660.0
6159,16.25,98.75,74183.83772203056,True,0.0,2.0,4439502.0
6160,16.25,101.25,74183.83772203056,True,0.0,2.0,4273950.0
6161,16.25,103.75,74183.83772203093,True,0.0,2.0,8934175.0
6162,16.25,106.25,74183.83772203056,True,0.0,2.0,2704585.0
6163,16.25,108.75,74183.83772203056,True,0.0,2.0,5081655.0
6164,16.25,111.25,74183.83772203056,False,,2.0,30.80713
6165,16.25,113.75,74183.83772203056,False,,2.0,442.8154
6166,16.25,116.25,74183.83772203056,False,,2.0,0.0
6167,16.25,118.75,74183.83772203056,True,0.0,2.0,577251.1
6168,16.25,121.25,74183.83772203131,True,4.0,2.0,13214432.0
6169,16.25,123.75,74183.83772203056,False,,2.0,130141.14
6170,16.25,126.25,74183.83772203056,False,,2.0,0.0
6171,16.25,128.75,74183.83772203056,False,,2.0,0.0
6172,16.25,131.25,74183.83772203056,False,,2.0,0.0
6173,16.25,133.75,74183.83772203056,False,,2.0,0.0
6174,16.25,136.25,74183.83772203056,False,,0.0,0.0
6175,16.25,138.75,74183.83772203056,False,,0.0,0.0
6176,16.25,141.25,74183.83772203056,False,,2.0,0.0
6177,16.25,143.75,74183.83772203131,False,,2.0,0.0
6178,16.25,146.25,74183.83772203056,True,,2.0,37347.27
6179,16.25,148.75,74183.83772203056,False,,2.0,0.0
6180,16.25,151.25,74183.83772203056,False,,0.0,0.0
6181,16.25,153.75,74183.83772203056,False,,0.0,0.0
6182,16.25,156.25,74183.83772203056,False,,0.0,0.0
6183,16.25,158.75,74183.83772203056,False,,0.0,0.0
6184,16.25,161.25,74183.83772203056,False,,0.0,0.0
6185,16.25,163.75,74183.83772203056,False,,0.0,0.0
6186,16.25,166.25,74183.83772203131,False,,0.0,0.0
6187,16.25,168.75,74183.83772203056,False,,0.0,0.0
6188,16.25,171.25,74183.83772203056,False,,0.0,0.0
6189,16.25,173.75,74183.83772203056,False,,0.0,0.0
6190,16.25,176.25,74183.83772203056,False,,0.0,0.0
6191,16.25,178.75,74183.83772203056,False,,0.0,0.0
6192,18.75,-178.75,73170.06584569285,False,,0.0,0.0
6193,18.75,-176.25,73170.06584569285,False,,0.0,0.0
6194,18.75,-173.75,73170.06584569285,False,,0.0,0.0
6195,18.75,-171.25,73170.0658456936,False,,0.0,0.0
6196,18.75,-168.75,73170.06584569285,False,,0.0,0.0
6197,18.75,-166.25,73170.06584569285,False,,0.0,0.0
6198,18.75,-163.75,73170.06584569285,False,,0.0,0.0
6199,18.75,-161.25,73170.06584569285,False,,0.0,0.0
6200,18.75,-158.75,73170.06584569285,False,,0.0,0.0
6201,18.75,-156.25,73170.06584569285,True,0.0,0.0,170558.25
6202,18.75,-153.75,73170.06584569285,True,,0.0,31434.1
6203,18.75,-151.25,73170.0658456936,False,,0.0,0.0
6204,18.75,-148.75,73170.06584569285,False,,0.0,0.0
6205,18.75,-146.25,73170.06584569285,False,,0.0,0.0
6206,18.75,-143.75,73170.06584569285,False,,0.0,0.0
6207,18.75,-141.25,73170.06584569285,False,,0.0,0.0
6208,18.75,-138.75,73170.06584569285,False,,0.0,0.0
6209,18.75,-136.25,73170.06584569285,False,,0.0,0.0
6210,18.75,-133.75,73170.06584569285,False,,0.0,0.0
6211,18.75,-131.25,73170.06584569285,False,,0.0,0.0
6212,18.75,-128.75,73170.06584569285,False,,0.0,0.0
6213,18.75,-126.25,73170.06584569285,False,,0.0,0.0
6214,18.75,-123.75,73170.06584569285,False,,0.0,0.0
6215,18.75,-121.25,73170.06584569285,False,,0.0,0.0
6216,18.75,-118.75,73170.06584569285,False,,2.0,0.0
6217,18.75,-116.25,73170.06584569435,False,,2.0,0.0
6218,18.75,-113.75,73170.06584569285,False,,2.0,0.0
6219,18.75,-111.25,73170.06584569285,False,,2.0,0.0
6220,18.75,-108.75,73170.06584569285,False,,2.0,0.0
6221,18.75,-106.25,73170.06584569285,True,,2.0,32319.06
6222,18.75,-103.75,73170.06584569285,True,0.0,2.0,1624949.5
6223,18.75,-101.25,73170.06584569285,True,0.0,2.0,6015182.5
6224,18.75,-98.75,73170.06584569285,True,0.0,1.0,36443684.0
6225,18.75,-96.25,73170.06584569285,True,0.0,1.0,10496112.0
6226,18.75,-93.75,73170.06584569285,True,-3.0,1.0,2999163.5
6227,18.75,-91.25,73170.06584569285,True,0.0,1.0,3368675.5
6228,18.75,-88.75,73170.06584569285,True,0.0,2.0,900002.3
6229,18.75,-86.25,73170.06584569285,True,,2.0,16688.266
6230,18.75,-83.75,73170.06584569285,False,,2.0,184.9178
6231,18.75,-81.25,73170.06584569285,False,,2.0,74629.23
6232,18.75,-78.75,73170.06584569285,True,0.0,2.0,166435.66
6233,18.75,-76.25,73170.06584569285,True,0.0,2.0,2976704.8
6234,18.75,-73.75,73170.06584569435,True,,2.0,2376215.0
6235,18.75,-71.25,73170.06584569285,True,0.0,2.0,18936958.0
6236,18.75,-68.75,73170.06584569285,True,0.0,2.0,5580186.0
6237,18.75,-66.25,73170.06584569285,True,0.0,2.0,3665228.5
6238,18.75,-63.75,73170.06584569285,False,,2.0,229536.19
6239,18.75,-61.25,73170.06584569285,False,,2.0,179449.34
6240,18.75,-58.75,73170.06584569285,False,,2.0,0.0
6241,18.75,-56.25,73170.06584569285,False,,2.0,0.0
6242,18.75,-53.75,73170.06584569285,False,,2.0,0.0
6243,18.75,-51.25,73170.06584569285,False,,2.0,0.0
6244,18.75,-48.75,73170.06584569285,False,,2.0,0.0
6245,18.75,-46.25,73170.06584569285,False,,2.0,0.0
6246,18.75,-43.75,73170.06584569285,False,,2.0,0.0
6247,18.75,-41.25,73170.06584569285,False,,2.0,0.0
6248,18.75,-38.75,73170.06584569285,False,,2.0,0.0
6249,18.75,-36.25,73170.06584569285,False,,2.0,0.0
6250,18.75,-33.75,73170.06584569285,False,,2.0,0.0
6251,18.75,-31.25,73170.06584569285,False,,2.0,0.0
6252,18.75,-28.75,73170.06584569435,False,,2.0,0.0
6253,18.75,-26.25,73170.06584569285,False,,2.0,40541.79
6254,18.75,-23.75,73170.06584569285,False,,2.0,6604.091
6255,18.75,-21.25,73170.06584569285,False,,2.0,0.0
6256,18.75,-18.75,73170.06584569285,False,,2.0,0.0
6257,18.75,-16.25,73170.06584569285,True,0.0,2.0,1408588.9
6258,18.75,-13.75,73170.06584569285,True,-4.0,2.0,166122.7
6259,18.75,-11.25,73170.06584569285,True,-4.0,2.0,187212.22
6260,18.75,-8.75,73170.06584569285,True,,2.0,17175.914
6261,18.75,-6.25,73170.06584569285,True,,2.0,14969.215
6262,18.75,-3.75,73170.06584569285,True,,2.0,22844.533
6263,18.75,-1.25,73170.06584569285,True,,2.0,162069.0
6264,18.75,1.25,73170.06584569294,True,,2.0,159434.28
6265,18.75,3.75,73170.06584569294,True,,2.0,67070.234
6266,18.75,6.25,73170.06584569292,True,,2.0,101414.125
6267,18.75,8.75,73170.06584569295,True,,2.0,328413.34
6268,18.75,11.25,73170.06584569295,True,,2.0,73378.586
6269,18.75,13.75,73170.06584569291,True,0.0,2.0,33035.082
6270,18.75,16.25,73170.06584569295,True,,,33410.73
6271,18.75,18.75,73170.06584569295,True,0.0,,98856.92
6272,18.75,21.25,73170.06584569295,True,,,71341.41
6273,18.75,23.75,73170.06584569295,True,,,105635.98
6274,18.75,26.25,73170.06584569295,True,,,93450.59
6275,18.75,28.75,73170.06584569285,True,,,234977.28
6276,18.75,31.25,73170.06584569304,True,-4.0,2.0,410466.56
6277,18.75,33.75,73170.06584569285,True,0.0,2.0,870214.75
6278,18.75,36.25,73170.06584569304,True,0.0,2.0,873058.75
6279,18.75,38.75,73170.06584569285,True,,2.0,1687125.0
6280,18.75,41.25,73170.06584569304,True,,2.0,1077293.9
6281,18.75,43.75,73170.06584569285,True,,2.0,3306124.8
6282,18.75,46.25,73170.06584569304,True,,,323608.56
6283,18.75,48.75,73170.06584569285,True,,,320528.4
6284,18.75,51.25,73170.06584569304,True,,2.0,69950.234
6285,18.75,53.75,73170.06584569285,True,,2.0,324381.44
6286,18.75,56.25,73170.06584569285,True,,2.0,60649.793
6287,18.75,58.75,73170.06584569285,True,,2.0,35378.934
6288,18.75,61.25,73170.06584569323,False,,2.0,0.0
6289,18.75,63.75,73170.06584569285,False,,2.0,0.0
6290,18.75,66.25,73170.06584569285,False,,2.0,0.0
6291,18.75,68.75,73170.06584569285,False,,2.0,0.0
6292,18.75,71.25,73170.06584569323,False,,2.0,0.0
6293,18.75,73.75,73170.06584569285,True,0.0,2.0,54964040.0
6294,18.75,76.25,73170.06584569285,True,0.0,3.0,22356844.0
6295,18.75,78.75,73170.06584569285,True,-4.0,3.0,41092188.0
6296,18.75,81.25,73170.06584569285,True,0.0,2.0,8107955.0
6297,18.75,83.75,73170.06584569323,True,0.0,2.0,21989164.0
6298,18.75,86.25,73170.06584569285,True,,2.0,2320531.0
6299,18.75,88.75,73170.06584569285,False,,2.0,0.0
6300,18.75,91.25,73170.06584569285,False,,2.0,0.0
6301,18.75,93.75,73170.06584569323,True,,2.0,1503996.2
6302,18.75,96.25,73170.06584569285,True,0.0,2.0,8792578.0
6303,18.75,98.75,73170.06584569285,True,0.0,2.0,5910342.0
6304,18.75,101.25,73170.06584569285,True,0.0,2.0,3051942.8
6305,18.75,103.75,73170.06584569323,True,0.0,2.0,6462008.5
6306,18.75,106.25,73170.06584569285,True,0.0,2.0,7466029.0
6307,18.75,108.75,73170.06584569285,True,0.0,2.0,4647058.5
6308,18.75,111.25,73170.06584569285,True,0.0,2.0,4280359.0
6309,18.75,113.75,73170.06584569285,False,,2.0,0.0
6310,18.75,116.25,73170.06584569285,False,,2.0,0.0
6311,18.75,118.75,73170.06584569285,False,,2.0,0.0
6312,18.75,121.25,73170.0658456936,True,0.0,2.0,4066931.2
6313,18.75,123.75,73170.06584569285,False,,2.0,141273.06
6314,18.75,126.25,73170.06584569285,False,,2.0,0.0
6315,18.75,128.75,73170.06584569285,False,,2.0,0.0
6316,18.75,131.25,73170.06584569285,False,,2.0,0.0
6317,18.75,133.75,73170.06584569285,False,,2.0,0.0
6318,18.75,136.25,73170.06584569285,False,,0.0,0.0
6319,18.75,138.75,73170.06584569285,False,,0.0,0.0
6320,18.75,141.25,73170.06584569285,False,,2.0,0.0
6321,18.75,143.75,73170.0658456936,False,,2.0,0.0
6322,18.75,146.25,73170.06584569285,False,,2.0,0.0
6323,18.75,148.75,73170.06584569285,False,,2.0,0.0
6324,18.75,151.25,73170.06584569285,False,,0.0,0.0
6325,18.75,153.75,73170.06584569285,False,,0.0,0.0
6326,18.75,156.25,73170.06584569285,False,,0.0,0.0
6327,18.75,158.75,73170.06584569285,False,,0.0,0.0
6328,18.75,161.25,73170.06584569285,False,,0.0,0.0
6329,18.75,163.75,73170.06584569285,False,,0.0,0.0
6330,18.75,166.25,73170.0658456936,False,,0.0,0.0
6331,18.75,168.75,73170.06584569285,False,,0.0,0.0
6332,18.75,171.25,73170.06584569285,False,,0.0,0.0
6333,18.75,173.75,73170.06584569285,False,,0.0,0.0
6334,18.75,176.25,73170.06584569285,False,,0.0,0.0
6335,18.75,178.75,73170.06584569285,False,,0.0,0.0
6336,21.25,-178.75,72017.01059030335,False,,0.0,0.0
6337,21.25,-176.25,72017.01059030335,False,,0.0,0.0
6338,21.25,-173.75,72017.01059030335,False,,0.0,0.0
6339,21.25,-171.25,72017.01059030408,False,,0.0,0.0
6340,21.25,-168.75,72017.01059030335,False,,0.0,0.0
6341,21.25,-166.25,72017.01059030335,False,,0.0,0.0
6342,21.25,-163.75,72017.01059030335,False,,0.0,0.0
6343,21.25,-161.25,72017.01059030335,False,,0.0,194.9169
6344,21.25,-158.75,72017.01059030335,False,,0.0,362925.12
6345,21.25,-156.25,72017.01059030335,True,,0.0,932976.06
6346,21.25,-153.75,72017.01059030335,False,,0.0,0.0
6347,21.25,-151.25,72017.01059030408,False,,0.0,0.0
6348,21.25,-148.75,72017.01059030335,False,,0.0,0.0
6349,21.25,-146.25,72017.01059030335,False,,0.0,0.0
6350,21.25,-143.75,72017.01059030335,False,,2.0,0.0
6351,21.25,-141.25,72017.01059030335,False,,2.0,0.0
6352,21.25,-138.75,72017.01059030335,False,,0.0,0.0
6353,21.25,-136.25,72017.01059030335,False,,0.0,0.0
6354,21.25,-133.75,72017.01059030335,False,,0.0,0.0
6355,21.25,-131.25,72017.01059030335,False,,0.0,0.0
6356,21.25,-128.75,72017.01059030335,False,,0.0,0.0
6357,21.25,-126.25,72017.01059030335,False,,0.0,0.0
6358,21.25,-123.75,72017.01059030335,False,,2.0,0.0
6359,21.25,-121.25,72017.01059030335,False,,2.0,0.0
6360,21.25,-118.75,72017.01059030335,False,,0.0,0.0
6361,21.25,-116.25,72017.01059030481,False,,0.0,0.0
6362,21.25,-113.75,72017.01059030335,False,,2.0,0.0
6363,21.25,-111.25,72017.01059030335,False,,2.0,0.0
6364,21.25,-108.75,72017.01059030335,False,,2.0,0.0
6365,21.25,-106.25,72017.01059030335,True,,2.0,942023.25
6366,21.25,-103.75,72017.01059030335,True,0.0,2.0,7748205.0
6367,21.25,-101.25,72017.01059030335,True,0.0,2.0,12330998.0
6368,21.25,-98.75,72017.01059030335,True,0.0,2.0,5053772.5
6369,21.25,-96.25,72017.01059030335,True,,2.0,1958271.0
6370,21.25,-93.75,72017.01059030335,False,,2.0,0.0
6371,21.25,-91.25,72017.01059030335,True,,2.0,143064.27
6372,21.25,-88.75,72017.01059030335,True,0.0,2.0,2205943.8
6373,21.25,-86.25,72017.01059030335,True,,2.0,1461144.5
6374,21.25,-83.75,72017.01059030335,True,0.0,2.0,34249.37
6375,21.25,-81.25,72017.01059030335,True,,2.0,112772.92
6376,21.25,-78.75,72017.01059030335,True,0.0,1.0,924919.44
6377,21.25,-76.25,72017.01059030335,True,0.0,1.0,3826194.0
6378,21.25,-73.75,72017.01059030481,True,0.0,2.0,271579.03
6379,21.25,-71.25,72017.01059030335,True,,2.0,96949.58
6380,21.25,-68.75,72017.01059030335,False,,2.0,0.0
6381,21.25,-66.25,72017.01059030335,False,,2.0,0.0
6382,21.25,-63.75,72017.01059030335,False,,2.0,0.0
6383,21.25,-61.25,72017.01059030335,False,,2.0,0.0
6384,21.25,-58.75,72017.01059030335,False,,2.0,0.0
6385,21.25,-56.25,72017.01059030335,False,,2.0,0.0
6386,21.25,-53.75,72017.01059030335,False,,2.0,0.0
6387,21.25,-51.25,72017.01059030335,False,,2.0,0.0
6388,21.25,-48.75,72017.01059030335,False,,2.0,0.0
6389,21.25,-46.25,72017.01059030335,False,,2.0,0.0
6390,21.25,-43.75,72017.01059030335,False,,2.0,0.0
6391,21.25,-41.25,72017.01059030335,False,,2.0,0.0
6392,21.25,-38.75,72017.01059030335,False,,2.0,0.0
6393,21.25,-36.25,72017.01059030335,False,,2.0,0.0
6394,21.25,-33.75,72017.01059030335,False,,2.0,0.0
6395,21.25,-31.25,72017.01059030335,False,,2.0,0.0
6396,21.25,-28.75,72017.01059030481,False,,2.0,0.0
6397,21.25,-26.25,72017.01059030335,False,,2.0,0.0
6398,21.25,-23.75,72017.01059030335,False,,2.0,0.0
6399,21.25,-21.25,72017.01059030335,False,,2.0,0.0
6400,21.25,-18.75,72017.01059030335,False,,0.0,0.0
6401,21.25,-16.25,72017.01059030335,True,0.0,0.0,165971.1
6402,21.25,-13.75,72017.01059030335,True,-4.0,2.0,42222.785
6403,21.25,-11.25,72017.01059030335,True,,2.0,11237.567
6404,21.25,-8.75,72017.01059030335,True,,,2472.7969
6405,21.25,-6.25,72017.01059030335,True,,,8676.119
6406,21.25,-3.75,72017.01059030335,True,,,9897.93
6407,21.25,-1.25,72017.01059030335,True,,,14047.591
6408,21.25,1.25,72017.01059030343,True,0.0,2.0,11804.717
6409,21.25,3.75,72017.01059030343,True,,2.0,19944.81
6410,21.25,6.25,72017.01059030343,True,,2.0,63035.223
6411,21.25,8.75,72017.01059030344,True,,2.0,37463.85
6412,21.25,11.25,72017.01059030344,True,,,10192.304
6413,21.25,13.75,72017.0105903034,True,,,4594.868
6414,21.25,16.25,72017.01059030344,True,,,13936.487
6415,21.25,18.75,72017.01059030344,True,,,17809.082
6416,21.25,21.25,72017.01059030344,True,,2.0,16515.793
6417,21.25,23.75,72017.01059030344,True,,2.0,12079.266
6418,21.25,26.25,72017.01059030344,True,,,22422.984
6419,21.25,28.75,72017.01059030335,True,,,33438.754
6420,21.25,31.25,72017.01059030354,True,0.0,2.0,22006.4
6421,21.25,33.75,72017.01059030335,True,,2.0,192177.19
6422,21.25,36.25,72017.01059030354,True,,2.0,135977.05
6423,21.25,38.75,72017.01059030335,True,0.0,2.0,5340258.5
6424,21.25,41.25,72017.01059030354,True,,2.0,1723198.2
6425,21.25,43.75,72017.01059030335,True,,2.0,310089.38
6426,21.25,46.25,72017.01059030354,True,,2.0,59512.33
6427,21.25,48.75,72017.01059030335,True,,2.0,211299.6
6428,21.25,51.25,72017.01059030354,True,,,178788.8
6429,21.25,53.75,72017.01059030335,True,,,268183.16
6430,21.25,56.25,72017.01059030335,True,,1.0,101845.25
6431,21.25,58.75,72017.01059030335,True,0.0,1.0,194135.67
6432,21.25,61.25,72017.01059030372,False,,2.0,0.0
6433,21.25,63.75,72017.01059030335,False,,2.0,0.0
6434,21.25,66.25,72017.01059030335,False,,2.0,0.0
6435,21.25,68.75,72017.01059030335,True,2.0,2.0,877796.3
6436,21.25,71.25,72017.01059030372,True,2.0,2.0,7598858.0
6437,21.25,73.75,72017.01059030335,True,2.0,2.0,28741424.0
6438,21.25,76.25,72017.01059030335,True,0.0,2.0,14645696.0
6439,21.25,78.75,72017.01059030335,True,0.0,2.0,19333688.0
6440,21.25,81.25,72017.01059030335,True,0.0,2.0,14054451.0
6441,21.25,83.75,72017.01059030372,True,0.0,2.0,16180643.0
6442,21.25,86.25,72017.01059030335,True,0.0,0.0,20144782.0
6443,21.25,88.75,72017.01059030335,True,3.0,0.0,6332615.0
6444,21.25,91.25,72017.01059030335,True,0.0,2.0,1589917.5
6445,21.25,93.75,72017.01059030372,True,0.0,2.0,5462533.0
6446,21.25,96.25,72017.01059030335,True,0.0,3.0,6855160.0
6447,21.25,98.75,72017.01059030335,True,,3.0,2476100.5
6448,21.25,101.25,72017.01059030335,True,0.0,2.0,1861778.9
6449,21.25,103.75,72017.01059030372,True,0.0,2.0,3522117.8
6450,21.25,106.25,72017.01059030335,True,0.0,2.0,27302124.0
6451,21.25,108.75,72017.01059030335,True,0.0,2.0,6056213.0
6452,21.25,111.25,72017.01059030335,True,0.0,2.0,13905189.0
6453,21.25,113.75,72017.01059030335,True,0.0,2.0,678218.4
6454,21.25,116.25,72017.01059030335,False,,2.0,0.0
6455,21.25,118.75,72017.01059030335,False,,2.0,0.0
6456,21.25,121.25,72017.01059030408,True,0.0,2.0,34887.453
6457,21.25,123.75,72017.01059030335,False,,2.0,411.3885
6458,21.25,126.25,72017.01059030335,False,,2.0,0.0
6459,21.25,128.75,72017.01059030335,False,,2.0,0.0
6460,21.25,131.25,72017.01059030335,False,,2.0,0.0
6461,21.25,133.75,72017.01059030335,False,,2.0,0.0
6462,21.25,136.25,72017.01059030335,False,,2.0,0.0
6463,21.25,138.75,72017.01059030335,False,,2.0,0.0
6464,21.25,141.25,72017.01059030335,False,,2.0,0.0
6465,21.25,143.75,72017.01059030408,False,,2.0,0.0
6466,21.25,146.25,72017.01059030335,False,,2.0,0.0
6467,21.25,148.75,72017.01059030335,False,,2.0,0.0
6468,21.25,151.25,72017.01059030335,False,,0.0,0.0
6469,21.25,153.75,72017.01059030335,False,,0.0,0.0
6470,21.25,156.25,72017.01059030335,False,,0.0,0.0
6471,21.25,158.75,72017.01059030335,False,,0.0,0.0
6472,21.25,161.25,72017.01059030335,False,,0.0,0.0
6473,21.25,163.75,72017.01059030335,False,,0.0,0.0
6474,21.25,166.25,72017.01059030408,False,,2.0,0.0
6475,21.25,168.75,72017.01059030335,False,,2.0,0.0
6476,21.25,171.25,72017.01059030335,False,,0.0,0.0
6477,21.25,173.75,72017.01059030335,False,,0.0,0.0
6478,21.25,176.25,72017.01059030335,False,,0.0,0.0
6479,21.25,178.75,72017.01059030335,False,,0.0,0.0
6480,23.75,-178.75,70726.86686207575,False,,0.0,0.0
6481,23.75,-176.25,70726.86686207575,False,,0.0,0.0
6482,23.75,-173.75,70726.86686207575,False,,0.0,0.0
6483,23.75,-171.25,70726.86686207647,False,,0.0,0.0
6484,23.75,-168.75,70726.86686207575,False,,0.0,0.0
6485,23.75,-166.25,70726.86686207575,False,,0.0,0.0
6486,23.75,-163.75,70726.86686207575,False,,0.0,0.0
6487,23.75,-161.25,70726.86686207575,False,,0.0,0.1817736
6488,23.75,-158.75,70726.86686207575,False,,0.0,33604.55
6489,23.75,-156.25,70726.86686207575,False,,0.0,0.0
6490,23.75,-153.75,70726.86686207575,False,,0.0,0.0
6491,23.75,-151.25,70726.86686207647,False,,0.0,0.0
6492,23.75,-148.75,70726.86686207575,False,,0.0,0.0
6493,23.75,-146.25,70726.86686207575,False,,0.0,0.0
6494,23.75,-143.75,70726.86686207575,False,,2.0,0.0
6495,23.75,-141.25,70726.86686207575,False,,2.0,0.0
6496,23.75,-138.75,70726.86686207575,False,,0.0,0.0
6497,23.75,-136.25,70726.86686207575,False,,0.0,0.0
6498,23.75,-133.75,70726.86686207575,False,,0.0,0.0
6499,23.75,-131.25,70726.86686207575,False,,0.0,0.0
6500,23.75,-128.75,70726.86686207575,False,,0.0,0.0
6501,23.75,-126.25,70726.86686207575,False,,0.0,0.0
6502,23.75,-123.75,70726.86686207575,False,,2.0,0.0
6503,23.75,-121.25,70726.86686207575,False,,2.0,0.0
6504,23.75,-118.75,70726.86686207575,False,,0.0,0.0
6505,23.75,-116.25,70726.8668620772,False,,0.0,0.0
6506,23.75,-113.75,70726.86686207575,False,,2.0,0.0
6507,23.75,-111.25,70726.86686207575,True,4.0,2.0,335033.7
6508,23.75,-108.75,70726.86686207575,True,,2.0,511268.38
6509,23.75,-106.25,70726.86686207575,True,0.0,2.0,2143360.2
6510,23.75,-103.75,70726.86686207575,True,0.0,2.0,1457941.4
6511,23.75,-101.25,70726.86686207575,True,,2.0,3423715.5
6512,23.75,-98.75,70726.86686207575,True,0.0,2.0,1398891.0
6513,23.75,-96.25,70726.86686207575,False,,2.0,921259.3
6514,23.75,-93.75,70726.86686207575,False,,2.0,0.0
6515,23.75,-91.25,70726.86686207575,False,,2.0,0.0
6516,23.75,-88.75,70726.86686207575,False,,2.0,0.0
6517,23.75,-86.25,70726.86686207575,False,,2.0,0.0
6518,23.75,-83.75,70726.86686207575,True,0.0,2.0,657588.25
6519,23.75,-81.25,70726.86686207575,True,0.0,2.0,4259987.0
6520,23.75,-78.75,70726.86686207575,True,0.0,1.0,794706.94
6521,23.75,-76.25,70726.86686207575,True,,1.0,59546.246
6522,23.75,-73.75,70726.8668620772,False,,2.0,3233.1667
6523,23.75,-71.25,70726.86686207575,False,,2.0,153.5691
6524,23.75,-68.75,70726.86686207575,False,,2.0,0.0
6525,23.75,-66.25,70726.86686207575,False,,2.0,0.0
6526,23.75,-63.75,70726.86686207575,False,,2.0,0.0
6527,23.75,-61.25,70726.86686207575,False,,2.0,0.0
6528,23.75,-58.75,70726.86686207575,False,,2.0,0.0
6529,23.75,-56.25,70726.86686207575,False,,2.0,0.0
6530,23.75,-53.75,70726.86686207575,False,,2.0,0.0
6531,23.75,-51.25,70726.86686207575,False,,2.0,0.0
6532,23.75,-48.75,70726.86686207575,False,,2.0,0.0
6533,23.75,-46.25,70726.86686207575,False,,2.0,0.0
6534,23.75,-43.75,70726.86686207575,False,,2.0,0.0
6535,23.75,-41.25,70726.86686207575,False,,2.0,0.0
6536,23.75,-38.75,70726.86686207575,False,,2.0,0.0
6537,23.75,-36.25,70726.86686207575,False,,2.0,0.0
6538,23.75,-33.75,70726.86686207575,False,,2.0,0.0
6539,23.75,-31.25,70726.86686207575,False,,2.0,0.0
6540,23.75,-28.75,70726.8668620772,False,,2.0,0.0
6541,23.75,-26.25,70726.86686207575,False,,2.0,0.0
6542,23.75,-23.75,70726.86686207575,False,,2.0,0.0
6543,23.75,-21.25,70726.86686207575,False,,2.0,0.0
6544,23.75,-18.75,70726.86686207575,False,,0.0,0.0
6545,23.75,-16.25,70726.86686207575,True,0.0,0.0,136358.7
6546,23.75,-13.75,70726.86686207575,True,,2.0,2150.8372
6547,23.75,-11.25,70726.86686207575,True,,2.0,54223.266
6548,23.75,-8.75,70726.86686207575,True,,,2042.1926
6549,23.75,-6.25,70726.86686207575,True,,,12052.568
6550,23.75,-3.75,70726.86686207575,True,,,15302.873
6551,23.75,-1.25,70726.86686207575,True,,,25532.402
6552,23.75,1.25,70726.86686207583,True,,2.0,15436.446
6553,23.75,3.75,70726.86686207583,True,,2.0,12202.873
6554,23.75,6.25,70726.86686207583,True,2.0,2.0,67023.266
6555,23.75,8.75,70726.86686207584,True,0.0,2.0,18207.316
6556,23.75,11.25,70726.86686207584,True,,,22763.566
6557,23.75,13.75,70726.8668620758,True,,,24514.352
6558,23.75,16.25,70726.86686207584,True,,,22612.908
6559,23.75,18.75,70726.86686207584,True,,,28364.5
6560,23.75,21.25,70726.86686207584,True,,2.0,9575.652
6561,23.75,23.75,70726.86686207584,True,0.0,2.0,14363.468
6562,23.75,26.25,70726.86686207584,True,,,42.10489
6563,23.75,28.75,70726.86686207575,True,,,72.68577
6564,23.75,31.25,70726.86686207594,True,,2.0,30864.184
6565,23.75,33.75,70726.86686207575,True,0.0,2.0,1324692.4
6566,23.75,36.25,70726.86686207594,True,,2.0,21961.154
6567,23.75,38.75,70726.86686207575,True,,2.0,2702624.0
6568,23.75,41.25,70726.86686207594,True,,2.0,1146691.0
6569,23.75,43.75,70726.86686207575,True,,2.0,780119.0
6570,23.75,46.25,70726.86686207594,True,0.0,2.0,4884126.5
6571,23.75,48.75,70726.86686207575,True,,2.0,2825741.0
6572,23.75,51.25,70726.86686207594,True,,,426713.6
6573,23.75,53.75,70726.86686207575,True,,,2019478.2
6574,23.75,56.25,70726.86686207575,True,,1.0,4245572.0
6575,23.75,58.75,70726.86686207575,True,0.0,1.0,2247653.0
6576,23.75,61.25,70726.86686207612,False,,2.0,0.0
6577,23.75,63.75,70726.86686207575,False,,2.0,0.0
6578,23.75,66.25,70726.86686207575,True,0.0,2.0,2012404.0
6579,23.75,68.75,70726.86686207575,True,0.0,2.0,18046546.0
6580,23.75,71.25,70726.86686207612,True,,2.0,12010513.0
6581,23.75,73.75,70726.86686207575,True,0.0,2.0,49291400.0
6582,23.75,76.25,70726.86686207575,True,0.0,2.0,22037678.0
6583,23.75,78.75,70726.86686207575,True,0.0,2.0,26516626.0
6584,23.75,81.25,70726.86686207575,True,0.0,2.0,16532609.0
6585,23.75,83.75,70726.86686207612,True,0.0,2.0,32059840.0
6586,23.75,86.25,70726.86686207575,True,0.0,0.0,42963830.0
6587,23.75,88.75,70726.86686207575,True,0.0,0.0,121144420.0
6588,23.75,91.25,70726.86686207575,True,0.0,2.0,91578490.0
6589,23.75,93.75,70726.86686207612,True,-3.0,2.0,14592244.0
6590,23.75,96.25,70726.86686207575,True,,3.0,4895584.5
6591,23.75,98.75,70726.86686207575,True,0.0,3.0,7548693.5
6592,23.75,101.25,70726.86686207575,True,0.0,2.0,4602521.0
6593,23.75,103.75,70726.86686207612,True,0.0,2.0,15454436.0
6594,23.75,106.25,70726.86686207575,True,0.0,2.0,6077131.5
6595,23.75,108.75,70726.86686207575,True,0.0,2.0,23501908.0
6596,23.75,111.25,70726.86686207575,True,0.0,2.0,18120548.0
6597,23.75,113.75,70726.86686207575,True,0.0,2.0,88742570.0
6598,23.75,116.25,70726.86686207575,True,0.0,2.0,26579208.0
6599,23.75,118.75,70726.86686207575,True,4.0,2.0,17180750.0
6600,23.75,121.25,70726.86686207647,True,0.0,2.0,17755842.0
6601,23.75,123.75,70726.86686207575,True,,2.0,54767.043
6602,23.75,126.25,70726.86686207575,False,,2.0,54434.84
6603,23.75,128.75,70726.86686207575,False,,2.0,0.0
6604,23.75,131.25,70726.86686207575,False,,2.0,69.06289
6605,23.75,133.75,70726.86686207575,False,,2.0,0.0
6606,23.75,136.25,70726.86686207575,False,,2.0,0.0
6607,23.75,138.75,70726.86686207575,False,,2.0,0.0
6608,23.75,141.25,70726.86686207575,False,,2.0,1275.281
6609,23.75,143.75,70726.86686207647,False,,2.0,0.0
6610,23.75,146.25,70726.86686207575,False,,2.0,0.0
6611,23.75,148.75,70726.86686207575,False,,2.0,0.0
6612,23.75,151.25,70726.86686207575,False,,0.0,0.0
6613,23.75,153.75,70726.86686207575,False,,0.0,73.82216
6614,23.75,156.25,70726.86686207575,False,,0.0,0.0
6615,23.75,158.75,70726.86686207575,False,,0.0,0.0
6616,23.75,161.25,70726.86686207575,False,,0.0,0.0
6617,23.75,163.75,70726.86686207575,False,,0.0,0.0
6618,23.75,166.25,70726.86686207647,False,,2.0,0.0
6619,23.75,168.75,70726.86686207575,False,,2.0,0.0
6620,23.75,171.25,70726.86686207575,False,,0.0,0.0
6621,23.75,173.75,70726.86686207575,False,,0.0,0.0
6622,23.75,176.25,70726.86686207575,False,,0.0,0.0
6623,23.75,178.75,70726.86686207575,False,,0.0,0.0
6624,26.25,-178.75,69302.0905229239,False,,0.0,0.0
6625,26.25,-176.25,69302.0905229239,False,,0.0,0.0
6626,26.25,-173.75,69302.0905229239,False,,0.0,0.0
6627,26.25,-171.25,69302.0905229246,False,,0.0,0.0
6628,26.25,-168.75,69302.0905229239,False,,0.0,0.0
6629,26.25,-166.25,69302.0905229239,False,,0.0,0.0
6630,26.25,-163.75,69302.0905229239,False,,0.0,0.0
6631,26.25,-161.25,69302.0905229239,False,,0.0,0.0
6632,26.25,-158.75,69302.0905229239,False,,0.0,0.0
6633,26.25,-156.25,69302.0905229239,False,,0.0,0.0
6634,26.25,-153.75,69302.0905229239,False,,0.0,0.0
6635,26.25,-151.25,69302.0905229246,False,,0.0,0.0
6636,26.25,-148.75,69302.0905229239,False,,0.0,0.0
6637,26.25,-146.25,69302.0905229239,False,,0.0,0.0
6638,26.25,-143.75,69302.0905229239,False,,0.0,0.0
6639,26.25,-141.25,69302.0905229239,False,,0.0,0.0
6640,26.25,-138.75,69302.0905229239,False,,0.0,0.0
6641,26.25,-136.25,69302.0905229239,False,,0.0,0.0
6642,26.25,-133.75,69302.0905229239,False,,0.0,0.0
6643,26.25,-131.25,69302.0905229239,False,,0.0,0.0
6644,26.25,-128.75,69302.0905229239,False,,2.0,0.0
6645,26.25,-126.25,69302.0905229239,False,,2.0,0.0
6646,26.25,-123.75,69302.0905229239,False,,2.0,0.0
6647,26.25,-121.25,69302.0905229239,False,,2.0,0.0
6648,26.25,-118.75,69302.0905229239,False,,2.0,0.0
6649,26.25,-116.25,69302.09052292531,False,,2.0,0.0
6650,26.25,-113.75,69302.0905229239,True,,2.0,2579.7915
6651,26.25,-111.25,69302.0905229239,True,0.0,2.0,116023.305
6652,26.25,-108.75,69302.0905229239,True,0.0,2.0,1308847.8
6653,26.25,-106.25,69302.0905229239,True,0.0,2.0,493118.94
6654,26.25,-103.75,69302.0905229239,True,3.0,0.0,1706559.4
6655,26.25,-101.25,69302.0905229239,True,4.0,0.0,11356312.0
6656,26.25,-98.75,69302.0905229239,True,0.0,0.0,2243233.2
6657,26.25,-96.25,69302.0905229239,True,0.0,0.0,1293923.9
6658,26.25,-93.75,69302.0905229239,False,,2.0,0.0
6659,26.25,-91.25,69302.0905229239,False,,2.0,0.0
6660,26.25,-88.75,69302.0905229239,False,,1.0,0.0
6661,26.25,-86.25,69302.0905229239,False,,1.0,0.0
6662,26.25,-83.75,69302.0905229239,True,,2.0,0.0
6663,26.25,-81.25,69302.0905229239,True,0.0,2.0,7692561.0
6664,26.25,-78.75,69302.0905229239,True,0.0,2.0,50004.953
6665,26.25,-76.25,69302.0905229239,True,0.0,2.0,300793.94
6666,26.25,-73.75,69302.09052292531,False,,2.0,0.0
6667,26.25,-71.25,69302.0905229239,False,,2.0,0.0
6668,26.25,-68.75,69302.0905229239,False,,2.0,0.0
6669,26.25,-66.25,69302.0905229239,False,,2.0,0.0
6670,26.25,-63.75,69302.0905229239,False,,2.0,0.0
6671,26.25,-61.25,69302.0905229239,False,,2.0,0.0
6672,26.25,-58.75,69302.0905229239,False,,2.0,0.0
6673,26.25,-56.25,69302.0905229239,False,,2.0,0.0
6674,26.25,-53.75,69302.0905229239,False,,2.0,0.0
6675,26.25,-51.25,69302.0905229239,False,,2.0,0.0
6676,26.25,-48.75,69302.0905229239,False,,2.0,0.0
6677,26.25,-46.25,69302.0905229239,False,,2.0,0.0
6678,26.25,-43.75,69302.0905229239,False,,2.0,0.0
6679,26.25,-41.25,69302.0905229239,False,,2.0,0.0
6680,26.25,-38.75,69302.0905229239,False,,2.0,0.0
6681,26.25,-36.25,69302.0905229239,False,,2.0,0.0
6682,26.25,-33.75,69302.0905229239,False,,2.0,0.0
6683,26.25,-31.25,69302.0905229239,False,,2.0,0.0
6684,26.25,-28.75,69302.09052292531,False,,2.0,0.0
6685,26.25,-26.25,69302.0905229239,False,,2.0,0.0
6686,26.25,-23.75,69302.0905229239,False,,2.0,0.0
6687,26.25,-21.25,69302.0905229239,False,,2.0,0.0
6688,26.25,-18.75,69302.0905229239,False,,2.0,0.0
6689,26.25,-16.25,69302.0905229239,False,,2.0,0.0
6690,26.25,-13.75,69302.0905229239,True,,2.0,61906.926
6691,26.25,-11.25,69302.0905229239,True,0.0,2.0,47712.348
6692,26.25,-8.75,69302.0905229239,True,,,1781.6575
6693,26.25,-6.25,69302.0905229239,True,,,40531.05
6694,26.25,-3.75,69302.0905229239,True,,,21692.709
6695,26.25,-1.25,69302.0905229239,True,,,32376.33
6696,26.25,1.25,69302.09052292397,True,0.0,,65634.1
6697,26.25,3.75,69302.09052292397,True,,,25998.598
6698,26.25,6.25,69302.09052292396,True,,2.0,7300.793
6699,26.25,8.75,69302.09052292399,True,0.0,2.0,26720.793
6700,26.25,11.25,69302.09052292399,True,,2.0,39949.086
6701,26.25,13.75,69302.09052292394,True,0.0,2.0,131825.62
6702,26.25,16.25,69302.09052292399,True,,3.0,25495.195
6703,26.25,18.75,69302.09052292399,True,,3.0,23339.96
6704,26.25,21.25,69302.09052292399,True,,3.0,6257.0117
6705,26.25,23.75,69302.09052292399,True,,3.0,9385.512
6706,26.25,26.25,69302.09052292399,True,,2.0,0.0
6707,26.25,28.75,69302.0905229239,True,0.0,2.0,120217.63
6708,26.25,31.25,69302.09052292407,True,0.0,2.0,5253558.0
6709,26.25,33.75,69302.0905229239,True,2.0,2.0,6488796.0
6710,26.25,36.25,69302.09052292407,True,,2.0,45356.457
6711,26.25,38.75,69302.0905229239,True,,2.0,434845.84
6712,26.25,41.25,69302.09052292407,True,,3.0,342930.0
6713,26.25,43.75,69302.0905229239,True,,3.0,1620983.8
6714,26.25,46.25,69302.09052292407,True,,2.0,1216725.9
6715,26.25,48.75,69302.0905229239,True,,2.0,2780182.0
6716,26.25,51.25,69302.09052292407,True,0.0,2.0,9922515.0
6717,26.25,53.75,69302.0905229239,True,,2.0,139243.14
6718,26.25,56.25,69302.0905229239,True,0.0,2.0,4045378.0
6719,26.25,58.75,69302.0905229239,True,,2.0,480273.0
6720,26.25,61.25,69302.09052292425,True,0.0,2.0,831788.0
6721,26.25,63.75,69302.0905229239,True,0.0,2.0,979928.75
6722,26.25,66.25,69302.0905229239,True,,0.0,745388.3
6723,26.25,68.75,69302.0905229239,True,0.0,0.0,17970712.0
6724,26.25,71.25,69302.09052292425,True,0.0,2.0,3407957.2
6725,26.25,73.75,69302.0905229239,True,,2.0,15583581.0
6726,26.25,76.25,69302.0905229239,True,0.0,2.0,16044764.0
6727,26.25,78.75,69302.0905229239,True,0.0,2.0,27626784.0
6728,26.25,81.25,69302.0905229239,True,-4.0,0.0,41503436.0
6729,26.25,83.75,69302.09052292425,True,-4.0,0.0,88010280.0
6730,26.25,86.25,69302.0905229239,True,0.0,2.0,67429300.0
6731,26.25,88.75,69302.0905229239,True,0.0,2.0,65173750.0
6732,26.25,91.25,69302.0905229239,True,-4.0,2.0,18700392.0
6733,26.25,93.75,69302.09052292425,True,-4.0,2.0,16984196.0
6734,26.25,96.25,69302.0905229239,True,0.0,2.0,1092047.2
6735,26.25,98.75,69302.0905229239,True,0.0,2.0,3296538.2
6736,26.25,101.25,69302.0905229239,True,0.0,2.0,6429806.0
6737,26.25,103.75,69302.09052292425,True,0.0,2.0,15738430.0
6738,26.25,106.25,69302.0905229239,True,0.0,2.0,11874359.0
6739,26.25,108.75,69302.0905229239,True,0.0,2.0,6749601.0
6740,26.25,111.25,69302.0905229239,True,0.0,2.0,10096548.0
6741,26.25,113.75,69302.0905229239,True,0.0,2.0,18300220.0
6742,26.25,116.25,69302.0905229239,True,0.0,2.0,7773870.0
6743,26.25,118.75,69302.0905229239,True,0.0,2.0,18813500.0
6744,26.25,121.25,69302.0905229246,True,0.0,2.0,6372330.5
6745,26.25,123.75,69302.0905229239,False,,2.0,2176.9126
6746,26.25,126.25,69302.0905229239,False,,2.0,8911.209
6747,26.25,128.75,69302.0905229239,False,,2.0,1333890.9
6748,26.25,131.25,69302.0905229239,False,,2.0,2134.942
6749,26.25,133.75,69302.0905229239,False,,2.0,0.0
6750,26.25,136.25,69302.0905229239,False,,2.0,0.0
6751,26.25,138.75,69302.0905229239,False,,2.0,0.0
6752,26.25,141.25,69302.0905229239,False,,0.0,294.7516
6753,26.25,143.75,69302.0905229246,False,,0.0,1386.037
6754,26.25,146.25,69302.0905229239,False,,0.0,0.0
6755,26.25,148.75,69302.0905229239,False,,0.0,0.0
6756,26.25,151.25,69302.0905229239,False,,0.0,0.0
6757,26.25,153.75,69302.0905229239,False,,0.0,0.0
6758,26.25,156.25,69302.0905229239,False,,0.0,0.0
6759,26.25,158.75,69302.0905229239,False,,0.0,0.0
6760,26.25,161.25,69302.0905229239,False,,0.0,0.0
6761,26.25,163.75,69302.0905229239,False,,0.0,0.0
6762,26.25,166.25,69302.0905229246,False,,0.0,0.0
6763,26.25,168.75,69302.0905229239,False,,0.0,0.0
6764,26.25,171.25,69302.0905229239,False,,0.0,0.0
6765,26.25,173.75,69302.0905229239,False,,0.0,0.0
6766,26.25,176.25,69302.0905229239,False,,0.0,0.0
6767,26.25,178.75,69302.0905229239,False,,0.0,0.0
6768,28.75,-178.75,67745.39371558835,False,,0.0,0.0
6769,28.75,-176.25,67745.39371558835,False,,0.0,0.0
6770,28.75,-173.75,67745.39371558835,False,,0.0,0.0
6771,28.75,-171.25,67745.39371558903,False,,0.0,0.0
6772,28.75,-168.75,67745.39371558835,False,,0.0,0.0
6773,28.75,-166.25,67745.39371558835,False,,0.0,0.0
6774,28.75,-163.75,67745.39371558835,False,,0.0,0.0
6775,28.75,-161.25,67745.39371558835,False,,0.0,0.0
6776,28.75,-158.75,67745.39371558835,False,,0.0,0.0
6777,28.75,-156.25,67745.39371558835,False,,0.0,0.0
6778,28.75,-153.75,67745.39371558835,False,,0.0,0.0
6779,28.75,-151.25,67745.39371558903,False,,0.0,0.0
6780,28.75,-148.75,67745.39371558835,False,,0.0,0.0
6781,28.75,-146.25,67745.39371558835,False,,0.0,0.0
6782,28.75,-143.75,67745.39371558835,False,,0.0,0.0
6783,28.75,-141.25,67745.39371558835,False,,0.0,0.0
6784,28.75,-138.75,67745.39371558835,False,,0.0,0.0
6785,28.75,-136.25,67745.39371558835,False,,0.0,0.0
6786,28.75,-133.75,67745.39371558835,False,,0.0,0.0
6787,28.75,-131.25,67745.39371558835,False,,0.0,0.0
6788,28.75,-128.75,67745.39371558835,False,,2.0,0.0
6789,28.75,-126.25,67745.39371558835,False,,2.0,0.0
6790,28.75,-123.75,67745.39371558835,False,,2.0,0.0
6791,28.75,-121.25,67745.39371558835,False,,2.0,0.0
6792,28.75,-118.75,67745.39371558835,False,,2.0,117.26393
6793,28.75,-116.25,67745.39371558971,True,,2.0,4371.4316
6794,28.75,-113.75,67745.39371558835,True,,2.0,46665.133
6795,28.75,-111.25,67745.39371558835,True,0.0,2.0,1378768.1
6796,28.75,-108.75,67745.39371558835,True,0.0,2.0,829517.3
6797,28.75,-106.25,67745.39371558835,True,0.0,2.0,1826452.9
6798,28.75,-103.75,67745.39371558835,True,0.0,0.0,108512.7
6799,28.75,-101.25,67745.39371558835,True,0.0,0.0,846855.7
6800,28.75,-98.75,67745.39371558835,True,0.0,0.0,3558394.8
6801,28.75,-96.25,67745.39371558835,True,0.0,0.0,7017194.5
6802,28.75,-93.75,67745.39371558835,True,4.0,2.0,405981.2
6803,28.75,-91.25,67745.39371558835,True,0.0,2.0,894398.56
6804,28.75,-88.75,67745.39371558835,True,0.0,1.0,43768.297
6805,28.75,-86.25,67745.39371558835,True,0.0,1.0,12508.51
6806,28.75,-83.75,67745.39371558835,True,0.0,2.0,30363.969
6807,28.75,-81.25,67745.39371558835,True,0.0,2.0,11434308.0
6808,28.75,-78.75,67745.39371558835,False,,2.0,660.1125
6809,28.75,-76.25,67745.39371558835,False,,2.0,33.43614
6810,28.75,-73.75,67745.39371558971,False,,2.0,0.0
6811,28.75,-71.25,67745.39371558835,False,,2.0,0.0
6812,28.75,-68.75,67745.39371558835,False,,2.0,0.0
6813,28.75,-66.25,67745.39371558835,False,,2.0,0.0
6814,28.75,-63.75,67745.39371558835,False,,2.0,0.0
6815,28.75,-61.25,67745.39371558835,False,,2.0,0.0
6816,28.75,-58.75,67745.39371558835,False,,2.0,0.0
6817,28.75,-56.25,67745.39371558835,False,,2.0,0.0
6818,28.75,-53.75,67745.39371558835,False,,2.0,0.0
6819,28.75,-51.25,67745.39371558835,False,,2.0,0.0
6820,28.75,-48.75,67745.39371558835,False,,2.0,0.0
6821,28.75,-46.25,67745.39371558835,False,,2.0,0.0
6822,28.75,-43.75,67745.39371558835,False,,2.0,0.0
6823,28.75,-41.25,67745.39371558835,False,,2.0,0.0
6824,28.75,-38.75,67745.39371558835,False,,2.0,0.0
6825,28.75,-36.25,67745.39371558835,False,,2.0,0.0
6826,28.75,-33.75,67745.39371558835,False,,2.0,0.0
6827,28.75,-31.25,67745.39371558835,False,,2.0,0.0
6828,28.75,-28.75,67745.39371558971,False,,2.0,0.0
6829,28.75,-26.25,67745.39371558835,False,,2.0,0.0
6830,28.75,-23.75,67745.39371558835,False,,2.0,0.0
6831,28.75,-21.25,67745.39371558835,False,,2.0,0.0
6832,28.75,-18.75,67745.39371558835,False,,2.0,5818.1064
6833,28.75,-16.25,67745.39371558835,True,0.0,2.0,2212386.2
6834,28.75,-13.75,67745.39371558835,True,-2.0,2.0,524375.0
6835,28.75,-11.25,67745.39371558835,True,0.0,2.0,298336.97
6836,28.75,-8.75,67745.39371558835,True,0.0,,474365.44
6837,28.75,-6.25,67745.39371558835,True,,,90778.31
6838,28.75,-3.75,67745.39371558835,True,,,5869.8916
6839,28.75,-1.25,67745.39371558835,True,0.0,,280367.44
6840,28.75,1.25,67745.39371558842,True,0.0,,127937.57
6841,28.75,3.75,67745.39371558842,True,,,55500.94
6842,28.75,6.25,67745.3937155884,True,,2.0,11493.111
6843,28.75,8.75,67745.39371558842,True,,2.0,34874.47
6844,28.75,11.25,67745.39371558842,True,,2.0,80189.58
6845,28.75,13.75,67745.39371558838,True,,2.0,234956.36
6846,28.75,16.25,67745.39371558842,True,0.0,3.0,126221.47
6847,28.75,18.75,67745.39371558842,True,,3.0,105000.16
6848,28.75,21.25,67745.39371558842,True,,3.0,72241.53
6849,28.75,23.75,67745.39371558842,True,,3.0,157446.42
6850,28.75,26.25,67745.39371558842,True,0.0,2.0,33305.29
6851,28.75,28.75,67745.39371558835,True,0.0,2.0,63836.82
6852,28.75,31.25,67745.3937155885,True,0.0,2.0,22205928.0
6853,28.75,33.75,67745.39371558835,True,0.0,2.0,809052.94
6854,28.75,36.25,67745.3937155885,True,,2.0,650407.94
6855,28.75,38.75,67745.39371558835,True,,2.0,523605.84
6856,28.75,41.25,67745.3937155885,True,,3.0,505234.38
6857,28.75,43.75,67745.39371558835,True,,3.0,494907.72
6858,28.75,46.25,67745.3937155885,True,,2.0,552280.3
6859,28.75,48.75,67745.39371558835,True,,2.0,4019567.2
6860,28.75,51.25,67745.3937155885,True,0.0,2.0,1269393.0
6861,28.75,53.75,67745.39371558835,True,0.0,2.0,4213340.5
6862,28.75,56.25,67745.39371558835,True,,2.0,1568100.5
6863,28.75,58.75,67745.39371558835,True,,2.0,1998345.9
6864,28.75,61.25,67745.39371558868,True,0.0,2.0,638454.8
6865,28.75,63.75,67745.39371558835,True,0.0,2.0,434854.7
6866,28.75,66.25,67745.39371558835,True,0.0,0.0,1173944.4
6867,28.75,68.75,67745.39371558835,True,0.0,0.0,16767000.0
6868,28.75,71.25,67745.39371558868,True,2.0,2.0,17227216.0
6869,28.75,73.75,67745.39371558835,True,0.0,2.0,18514438.0
6870,28.75,76.25,67745.39371558835,True,0.0,2.0,34900570.0
6871,28.75,78.75,67745.39371558835,True,0.0,2.0,115331150.0
6872,28.75,81.25,67745.39371558835,True,0.0,0.0,30828352.0
6873,28.75,83.75,67745.39371558868,True,,0.0,25331028.0
6874,28.75,86.25,67745.39371558835,True,0.0,2.0,11006009.0
6875,28.75,88.75,67745.39371558835,True,0.0,2.0,3300390.2
6876,28.75,91.25,67745.39371558835,True,0.0,2.0,1133900.1
6877,28.75,93.75,67745.39371558868,True,0.0,2.0,3789292.5
6878,28.75,96.25,67745.39371558835,True,,2.0,3502581.0
6879,28.75,98.75,67745.39371558835,True,0.0,2.0,891883.75
6880,28.75,101.25,67745.39371558835,True,0.0,2.0,1233353.9
6881,28.75,103.75,67745.39371558868,True,-1.0,2.0,22056498.0
6882,28.75,106.25,67745.39371558835,True,0.0,2.0,27994644.0
6883,28.75,108.75,67745.39371558835,True,0.0,2.0,16199313.0
6884,28.75,111.25,67745.39371558835,True,0.0,2.0,17608720.0
6885,28.75,113.75,67745.39371558835,True,0.0,2.0,39095750.0
6886,28.75,116.25,67745.39371558835,True,0.0,2.0,23706208.0
6887,28.75,118.75,67745.39371558835,True,0.0,2.0,19664102.0
6888,28.75,121.25,67745.39371558903,True,0.0,2.0,31984438.0
6889,28.75,123.75,67745.39371558835,False,,2.0,517080.72
6890,28.75,126.25,67745.39371558835,False,,2.0,0.0
6891,28.75,128.75,67745.39371558835,False,,2.0,112789.6
6892,28.75,131.25,67745.39371558835,False,,2.0,1679.732
6893,28.75,133.75,67745.39371558835,False,,2.0,0.0
6894,28.75,136.25,67745.39371558835,False,,2.0,0.0
6895,28.75,138.75,67745.39371558835,False,,2.0,0.0
6896,28.75,141.25,67745.39371558835,False,,0.0,18.822939
6897,28.75,143.75,67745.39371558903,False,,0.0,0.0
6898,28.75,146.25,67745.39371558835,False,,0.0,0.0
6899,28.75,148.75,67745.39371558835,False,,0.0,0.0
6900,28.75,151.25,67745.39371558835,False,,0.0,0.0
6901,28.75,153.75,67745.39371558835,False,,0.0,0.0
6902,28.75,156.25,67745.39371558835,False,,0.0,0.0
6903,28.75,158.75,67745.39371558835,False,,0.0,0.0
6904,28.75,161.25,67745.39371558835,False,,0.0,0.0
6905,28.75,163.75,67745.39371558835,False,,0.0,0.0
6906,28.75,166.25,67745.39371558903,False,,0.0,0.0
6907,28.75,168.75,67745.39371558835,False,,0.0,0.0
6908,28.75,171.25,67745.39371558835,False,,0.0,0.0
6909,28.75,173.75,67745.39371558835,False,,0.0,0.0
6910,28.75,176.25,67745.39371558835,False,,0.0,0.0
6911,28.75,178.75,67745.39371558835,False,,0.0,0.0
6912,31.25,-178.75,66059.73970091897,False,,0.0,0.0
6913,31.25,-176.25,66059.73970091897,False,,0.0,0.0
6914,31.25,-173.75,66059.73970091897,False,,0.0,0.0
6915,31.25,-171.25,66059.73970091964,False,,0.0,0.0
6916,31.25,-168.75,66059.73970091897,False,,0.0,0.0
6917,31.25,-166.25,66059.73970091897,False,,0.0,0.0
6918,31.25,-163.75,66059.73970091897,False,,0.0,0.0
6919,31.25,-161.25,66059.73970091897,False,,0.0,0.0
6920,31.25,-158.75,66059.73970091897,False,,0.0,0.0
6921,31.25,-156.25,66059.73970091897,False,,0.0,0.0
6922,31.25,-153.75,66059.73970091897,False,,0.0,0.0
6923,31.25,-151.25,66059.73970091964,False,,0.0,0.0
6924,31.25,-148.75,66059.73970091897,False,,0.0,0.0
6925,31.25,-146.25,66059.73970091897,False,,0.0,0.0
6926,31.25,-143.75,66059.73970091897,False,,0.0,0.0
6927,31.25,-141.25,66059.73970091897,False,,0.0,0.0
6928,31.25,-138.75,66059.73970091897,False,,0.0,0.0
6929,31.25,-136.25,66059.73970091897,False,,0.0,0.0
6930,31.25,-133.75,66059.73970091897,False,,0.0,0.0
6931,31.25,-131.25,66059.73970091897,False,,0.0,0.0
6932,31.25,-128.75,66059.73970091897,False,,0.0,0.0
6933,31.25,-126.25,66059.73970091897,False,,0.0,0.0
6934,31.25,-123.75,66059.73970091897,False,,0.0,0.0
6935,31.25,-121.25,66059.73970091897,False,,0.0,0.0
6936,31.25,-118.75,66059.73970091897,False,,2.0,0.0
6937,31.25,-116.25,66059.73970092031,True,,2.0,577528.0
6938,31.25,-113.75,66059.73970091897,True,0.0,2.0,122683.61
6939,31.25,-111.25,66059.73970091897,True,0.0,2.0,802911.9
6940,31.25,-108.75,66059.73970091897,True,0.0,2.0,217356.4
6941,31.25,-106.25,66059.73970091897,True,0.0,2.0,2485604.8
6942,31.25,-103.75,66059.73970091897,True,0.0,2.0,39961.707
6943,31.25,-101.25,66059.73970091897,True,0.0,2.0,388033.16
6944,31.25,-98.75,66059.73970091897,True,0.0,0.0,340749.12
6945,31.25,-96.25,66059.73970091897,True,0.0,0.0,5027272.0
6946,31.25,-93.75,66059.73970091897,True,0.0,0.0,1007639.75
6947,31.25,-91.25,66059.73970091897,True,0.0,0.0,2560372.0
6948,31.25,-88.75,66059.73970091897,True,0.0,0.0,1526863.4
6949,31.25,-86.25,66059.73970091897,True,0.0,0.0,1827973.0
6950,31.25,-83.75,66059.73970091897,True,0.0,0.0,1210744.2
6951,31.25,-81.25,66059.73970091897,True,0.0,0.0,2193155.5
6952,31.25,-78.75,66059.73970091897,False,,0.0,0.0
6953,31.25,-76.25,66059.73970091897,False,,0.0,0.0
6954,31.25,-73.75,66059.73970092031,False,,0.0,0.0
6955,31.25,-71.25,66059.73970091897,False,,0.0,0.0
6956,31.25,-68.75,66059.73970091897,False,,2.0,0.0
6957,31.25,-66.25,66059.73970091897,False,,2.0,0.0
6958,31.25,-63.75,66059.73970091897,False,,2.0,0.0
6959,31.25,-61.25,66059.73970091897,False,,2.0,0.0
6960,31.25,-58.75,66059.73970091897,False,,2.0,0.0
6961,31.25,-56.25,66059.73970091897,False,,2.0,0.0
6962,31.25,-53.75,66059.73970091897,False,,2.0,0.0
6963,31.25,-51.25,66059.73970091897,False,,2.0,0.0
6964,31.25,-48.75,66059.73970091897,False,,2.0,0.0
6965,31.25,-46.25,66059.73970091897,False,,2.0,0.0
6966,31.25,-43.75,66059.73970091897,False,,2.0,0.0
6967,31.25,-41.25,66059.73970091897,False,,2.0,0.0
6968,31.25,-38.75,66059.73970091897,False,,2.0,0.0
6969,31.25,-36.25,66059.73970091897,False,,2.0,0.0
6970,31.25,-33.75,66059.73970091897,False,,2.0,0.0
6971,31.25,-31.25,66059.73970091897,False,,2.0,0.0
6972,31.25,-28.75,66059.73970092031,False,,2.0,0.0
6973,31.25,-26.25,66059.73970091897,False,,2.0,0.0
6974,31.25,-23.75,66059.73970091897,False,,2.0,0.0
6975,31.25,-21.25,66059.73970091897,False,,2.0,0.0
6976,31.25,-18.75,66059.73970091897,False,,2.0,0.0
6977,31.25,-16.25,66059.73970091897,False,,2.0,0.0
6978,31.25,-13.75,66059.73970091897,False,,2.0,0.0
6979,31.25,-11.25,66059.73970091897,False,,2.0,0.0
6980,31.25,-8.75,66059.73970091897,True,0.0,2.0,4053023.5
6981,31.25,-6.25,66059.73970091897,True,0.0,2.0,3347028.0
6982,31.25,-3.75,66059.73970091897,True,0.0,1.0,379651.25
6983,31.25,-1.25,66059.73970091897,True,0.0,1.0,291370.94
6984,31.25,1.25,66059.73970091905,True,,2.0,82418.96
6985,31.25,3.75,66059.73970091905,True,0.0,2.0,161465.1
6986,31.25,6.25,66059.73970091903,True,0.0,2.0,100260.17
6987,31.25,8.75,66059.73970091905,True,0.0,2.0,14948.186
6988,31.25,11.25,66059.73970091905,True,0.0,2.0,80119.29
6989,31.25,13.75,66059.73970091902,True,0.0,2.0,663298.44
6990,31.25,16.25,66059.73970091905,True,0.0,2.0,143081.45
6991,31.25,18.75,66059.73970091905,True,,2.0,58826.1
6992,31.25,21.25,66059.73970091905,True,0.0,1.0,875577.06
6993,31.25,23.75,66059.73970091905,True,4.0,1.0,220021.66
6994,31.25,26.25,66059.73970091905,True,0.0,2.0,149458.11
6995,31.25,28.75,66059.73970091897,True,0.0,2.0,4170864.8
6996,31.25,31.25,66059.73970091913,True,-2.0,2.0,52306156.0
6997,31.25,33.75,66059.73970091897,True,0.0,2.0,7513854.0
6998,31.25,36.25,66059.73970091913,True,0.0,2.0,6277431.5
6999,31.25,38.75,66059.73970091897,True,,2.0,411477.22
7000,31.25,41.25,66059.73970091913,True,,,221179.38
7001,31.25,43.75,66059.73970091897,True,,,1959060.2
7002,31.25,46.25,66059.73970091913,True,,2.0,4448941.5
7003,31.25,48.75,66059.73970091897,True,0.0,2.0,7239159.0
7004,31.25,51.25,66059.73970091913,True,0.0,2.0,1635768.5
7005,31.25,53.75,66059.73970091897,True,0.0,2.0,2039001.8
7006,31.25,56.25,66059.73970091897,True,-4.0,2.0,617408.9
7007,31.25,58.75,66059.73970091897,True,,2.0,716702.44
7008,31.25,61.25,66059.73970091931,True,,2.0,529898.94
7009,31.25,63.75,66059.73970091897,True,,2.0,772521.6
7010,31.25,66.25,66059.73970091897,True,0.0,2.0,2449330.5
7011,31.25,68.75,66059.73970091897,True,0.0,2.0,2000204.0
7012,31.25,71.25,66059.73970091931,True,2.0,0.0,15124665.0
7013,31.25,73.75,66059.73970091897,True,0.0,0.0,61182124.0
7014,31.25,76.25,66059.73970091897,True,-4.0,,27961160.0
7015,31.25,78.75,66059.73970091897,True,0.0,,10625374.0
7016,31.25,81.25,66059.73970091897,True,,2.0,152518.08
7017,31.25,83.75,66059.73970091931,True,,2.0,34380.14
7018,31.25,86.25,66059.73970091897,True,,2.0,32374.465
7019,31.25,88.75,66059.73970091897,True,,2.0,72118.0
7020,31.25,91.25,66059.73970091897,True,2.0,2.0,194410.8
7021,31.25,93.75,66059.73970091931,True,,2.0,340022.28
7022,31.25,96.25,66059.73970091897,True,4.0,2.0,269464.66
7023,31.25,98.75,66059.73970091897,True,,2.0,504349.75
7024,31.25,101.25,66059.73970091897,True,0.0,2.0,440143.03
7025,31.25,103.75,66059.73970091931,True,-2.0,2.0,27788828.0
7026,31.25,106.25,66059.73970091897,True,0.0,2.0,17364210.0
7027,31.25,108.75,66059.73970091897,True,0.0,2.0,14937739.0
7028,31.25,111.25,66059.73970091897,True,0.0,2.0,6109133.0
7029,31.25,113.75,66059.73970091897,True,0.0,2.0,30817648.0
7030,31.25,116.25,66059.73970091897,True,0.0,2.0,12211637.0
7031,31.25,118.75,66059.73970091897,True,0.0,2.0,32835712.0
7032,31.25,121.25,66059.73970091964,True,0.0,2.0,74449380.0
7033,31.25,123.75,66059.73970091897,False,,2.0,731525.2
7034,31.25,126.25,66059.73970091897,False,,2.0,0.0
7035,31.25,128.75,66059.73970091897,False,,2.0,17478.45
7036,31.25,131.25,66059.73970091897,True,0.0,2.0,2038612.8
7037,31.25,133.75,66059.73970091897,False,,2.0,0.0
7038,31.25,136.25,66059.73970091897,False,,2.0,0.0
7039,31.25,138.75,66059.73970091897,False,,2.0,2.969557
7040,31.25,141.25,66059.73970091897,False,,2.0,0.0
7041,31.25,143.75,66059.73970091964,False,,2.0,0.0
7042,31.25,146.25,66059.73970091897,False,,2.0,0.0
7043,31.25,148.75,66059.73970091897,False,,2.0,0.0
7044,31.25,151.25,66059.73970091897,False,,2.0,0.0
7045,31.25,153.75,66059.73970091897,False,,2.0,0.0
7046,31.25,156.25,66059.73970091897,False,,2.0,0.0
7047,31.25,158.75,66059.73970091897,False,,2.0,0.0
7048,31.25,161.25,66059.73970091897,False,,2.0,0.0
7049,31.25,163.75,66059.73970091897,False,,2.0,0.0
7050,31.25,166.25,66059.73970091964,False,,2.0,0.0
7051,31.25,168.75,66059.73970091897,False,,2.0,0.0
7052,31.25,171.25,66059.73970091897,False,,2.0,0.0
7053,31.25,173.75,66059.73970091897,False,,2.0,0.0
7054,31.25,176.25,66059.73970091897,False,,0.0,0.0
7055,31.25,178.75,66059.73970091897,False,,0.0,0.0
7056,33.75,-178.75,64248.337217138105,False,,0.0,0.0
7057,33.75,-176.25,64248.337217138105,False,,0.0,0.0
7058,33.75,-173.75,64248.337217138105,False,,0.0,0.0
7059,33.75,-171.25,64248.33721713876,False,,0.0,0.0
7060,33.75,-168.75,64248.337217138105,False,,0.0,0.0
7061,33.75,-166.25,64248.337217138105,False,,0.0,0.0
7062,33.75,-163.75,64248.337217138105,False,,0.0,0.0
7063,33.75,-161.25,64248.337217138105,False,,0.0,0.0
7064,33.75,-158.75,64248.337217138105,False,,0.0,0.0
7065,33.75,-156.25,64248.337217138105,False,,0.0,0.0
7066,33.75,-153.75,64248.337217138105,False,,0.0,0.0
7067,33.75,-151.25,64248.33721713876,False,,0.0,0.0
7068,33.75,-148.75,64248.337217138105,False,,0.0,0.0
7069,33.75,-146.25,64248.337217138105,False,,0.0,0.0
7070,33.75,-143.75,64248.337217138105,False,,0.0,0.0
7071,33.75,-141.25,64248.337217138105,False,,0.0,0.0
7072,33.75,-138.75,64248.337217138105,False,,0.0,0.0
7073,33.75,-136.25,64248.337217138105,False,,0.0,0.0
7074,33.75,-133.75,64248.337217138105,False,,0.0,0.0
7075,33.75,-131.25,64248.337217138105,False,,0.0,0.0
7076,33.75,-128.75,64248.337217138105,False,,0.0,0.0
7077,33.75,-126.25,64248.337217138105,False,,0.0,0.0
7078,33.75,-123.75,64248.337217138105,False,,0.0,0.0
7079,33.75,-121.25,64248.337217138105,True,0.0,0.0,233950.23
7080,33.75,-118.75,64248.337217138105,True,0.0,2.0,10540548.0
7081,33.75,-116.25,64248.33721713941,True,0.0,2.0,16235170.0
7082,33.75,-113.75,64248.337217138105,True,0.0,2.0,686399.94
7083,33.75,-111.25,64248.337217138105,True,0.0,2.0,6961593.5
7084,33.75,-108.75,64248.337217138105,True,0.0,2.0,135235.31
7085,33.75,-106.25,64248.337217138105,True,0.0,2.0,486207.5
7086,33.75,-103.75,64248.337217138105,True,0.0,2.0,284080.6
7087,33.75,-101.25,64248.337217138105,True,0.0,2.0,779663.25
7088,33.75,-98.75,64248.337217138105,True,0.0,0.0,687707.7
7089,33.75,-96.25,64248.337217138105,True,0.0,0.0,9411365.0
7090,33.75,-93.75,64248.337217138105,True,0.0,0.0,1365287.6
7091,33.75,-91.25,64248.337217138105,True,0.0,0.0,2230665.8
7092,33.75,-88.75,64248.337217138105,True,0.0,0.0,1271106.1
7093,33.75,-86.25,64248.337217138105,True,0.0,0.0,4563782.0
7094,33.75,-83.75,64248.337217138105,True,0.0,0.0,8718396.0
7095,33.75,-81.25,64248.337217138105,True,0.0,0.0,5276448.0
7096,33.75,-78.75,64248.337217138105,True,0.0,0.0,1669944.8
7097,33.75,-76.25,64248.337217138105,True,0.0,0.0,670493.0
7098,33.75,-73.75,64248.33721713941,False,,0.0,0.0
7099,33.75,-71.25,64248.337217138105,False,,0.0,0.0
7100,33.75,-68.75,64248.337217138105,False,,2.0,0.0
7101,33.75,-66.25,64248.337217138105,False,,2.0,0.0
7102,33.75,-63.75,64248.337217138105,False,,2.0,66846.19
7103,33.75,-61.25,64248.337217138105,False,,2.0,0.0
7104,33.75,-58.75,64248.337217138105,False,,2.0,0.0
7105,33.75,-56.25,64248.337217138105,False,,2.0,0.0
7106,33.75,-53.75,64248.337217138105,False,,2.0,0.0
7107,33.75,-51.25,64248.337217138105,False,,2.0,0.0
7108,33.75,-48.75,64248.337217138105,False,,2.0,0.0
7109,33.75,-46.25,64248.337217138105,False,,2.0,0.0
7110,33.75,-43.75,64248.337217138105,False,,2.0,0.0
7111,33.75,-41.25,64248.337217138105,False,,2.0,0.0
7112,33.75,-38.75,64248.337217138105,False,,2.0,0.0
7113,33.75,-36.25,64248.337217138105,False,,2.0,0.0
7114,33.75,-33.75,64248.337217138105,False,,2.0,0.0
7115,33.75,-31.25,64248.337217138105,False,,2.0,0.0
7116,33.75,-28.75,64248.33721713941,False,,2.0,0.0
7117,33.75,-26.25,64248.337217138105,False,,2.0,0.0
7118,33.75,-23.75,64248.337217138105,False,,2.0,0.0
7119,33.75,-21.25,64248.337217138105,False,,2.0,0.0
7120,33.75,-18.75,64248.337217138105,False,,2.0,0.0
7121,33.75,-16.25,64248.337217138105,False,,2.0,268703.9
7122,33.75,-13.75,64248.337217138105,False,,2.0,0.0
7123,33.75,-11.25,64248.337217138105,False,,2.0,0.0
7124,33.75,-8.75,64248.337217138105,True,0.0,2.0,2250582.2
7125,33.75,-6.25,64248.337217138105,True,-2.0,2.0,16715295.0
7126,33.75,-3.75,64248.337217138105,True,0.0,1.0,3080943.0
7127,33.75,-1.25,64248.337217138105,True,0.0,1.0,2760023.2
7128,33.75,1.25,64248.33721713818,True,0.0,2.0,786798.2
7129,33.75,3.75,64248.33721713818,True,0.0,2.0,2776127.2
7130,33.75,6.25,64248.33721713817,True,0.0,2.0,2056017.9
7131,33.75,8.75,64248.337217138185,True,0.0,2.0,1496759.9
7132,33.75,11.25,64248.337217138185,True,0.0,2.0,1993794.9
7133,33.75,13.75,64248.33721713814,True,0.0,2.0,2979216.2
7134,33.75,16.25,64248.337217138185,False,,2.0,29981.35
7135,33.75,18.75,64248.337217138185,False,,2.0,276.8068
7136,33.75,21.25,64248.337217138185,True,0.0,1.0,442083.12
7137,33.75,23.75,64248.337217138185,True,0.0,1.0,97182.41
7138,33.75,26.25,64248.337217138185,True,,2.0,4732.53
7139,33.75,28.75,64248.337217138105,False,,2.0,0.0
7140,33.75,31.25,64248.337217138265,True,0.0,2.0,0.0
7141,33.75,33.75,64248.337217138105,True,0.0,2.0,3690782.0
7142,33.75,36.25,64248.337217138265,True,0.0,2.0,28445392.0
7143,33.75,38.75,64248.337217138105,True,-3.0,2.0,491804.9
7144,33.75,41.25,64248.337217138265,True,-3.0,,930277.1
7145,33.75,43.75,64248.337217138105,True,,,17393528.0
7146,33.75,46.25,64248.337217138265,True,0.0,2.0,3971629.2
7147,33.75,48.75,64248.337217138105,True,-3.0,2.0,6459975.5
7148,33.75,51.25,64248.337217138265,True,,2.0,5079532.0
7149,33.75,53.75,64248.337217138105,True,,2.0,2178086.5
7150,33.75,56.25,64248.337217138105,True,,2.0,159816.22
7151,33.75,58.75,64248.337217138105,True,-4.0,2.0,730076.9
7152,33.75,61.25,64248.33721713843,True,,2.0,914776.5
7153,33.75,63.75,64248.337217138105,True,,2.0,3111753.0
7154,33.75,66.25,64248.337217138105,True,,2.0,1737861.0
7155,33.75,68.75,64248.337217138105,True,,2.0,10534326.0
7156,33.75,71.25,64248.33721713843,True,3.0,0.0,24022716.0
7157,33.75,73.75,64248.337217138105,True,0.0,0.0,60728096.0
7158,33.75,76.25,64248.337217138105,True,,,10151888.0
7159,33.75,78.75,64248.337217138105,True,,,335009.28
7160,33.75,81.25,64248.337217138105,True,,2.0,23208.723
7161,33.75,83.75,64248.33721713843,True,,2.0,21746.342
7162,33.75,86.25,64248.337217138105,True,,2.0,10737.844
7163,33.75,88.75,64248.337217138105,True,,2.0,18187.598
7164,33.75,91.25,64248.337217138105,True,,2.0,36168.695
7165,33.75,93.75,64248.33721713843,True,,2.0,111596.09
7166,33.75,96.25,64248.337217138105,True,,2.0,386536.16
7167,33.75,98.75,64248.337217138105,True,4.0,2.0,375628.97
7168,33.75,101.25,64248.337217138105,True,0.0,2.0,418250.3
7169,33.75,103.75,64248.33721713843,True,0.0,2.0,3186982.5
7170,33.75,106.25,64248.337217138105,True,-2.0,2.0,8159539.5
7171,33.75,108.75,64248.337217138105,True,0.0,2.0,27893882.0
7172,33.75,111.25,64248.337217138105,True,-2.0,2.0,12735886.0
7173,33.75,113.75,64248.337217138105,True,0.0,2.0,61179440.0
7174,33.75,116.25,64248.337217138105,True,0.0,2.0,38156964.0
7175,33.75,118.75,64248.337217138105,True,0.0,2.0,54543356.0
7176,33.75,121.25,64248.33721713876,True,0.0,2.0,11792568.0
7177,33.75,123.75,64248.337217138105,False,,2.0,0.0
7178,33.75,126.25,64248.337217138105,True,0.0,2.0,1144650.8
7179,33.75,128.75,64248.337217138105,True,0.0,2.0,2247404.0
7180,33.75,131.25,64248.337217138105,True,0.0,2.0,10734234.0
7181,33.75,133.75,64248.337217138105,True,0.0,2.0,10387986.0
7182,33.75,136.25,64248.337217138105,True,-3.0,2.0,17939864.0
7183,33.75,138.75,64248.337217138105,True,0.0,2.0,3422364.2
7184,33.75,141.25,64248.337217138105,False,,2.0,0.0
7185,33.75,143.75,64248.33721713876,False,,2.0,0.0
7186,33.75,146.25,64248.337217138105,False,,2.0,0.0
7187,33.75,148.75,64248.337217138105,False,,2.0,0.0
7188,33.75,151.25,64248.337217138105,False,,2.0,0.0
7189,33.75,153.75,64248.337217138105,False,,2.0,0.0
7190,33.75,156.25,64248.337217138105,False,,2.0,0.0
7191,33.75,158.75,64248.337217138105,False,,2.0,0.0
7192,33.75,161.25,64248.337217138105,False,,2.0,0.0
7193,33.75,163.75,64248.337217138105,False,,2.0,0.0
7194,33.75,166.25,64248.33721713876,False,,2.0,0.0
7195,33.75,168.75,64248.337217138105,False,,2.0,0.0
7196,33.75,171.25,64248.337217138105,False,,2.0,0.0
7197,33.75,173.75,64248.337217138105,False,,2.0,0.0
7198,33.75,176.25,64248.337217138105,False,,0.0,0.0
7199,33.75,178.75,64248.337217138105,False,,0.0,0.0
7200,36.25,-178.75,62314.63437182832,False,,0.0,0.0
7201,36.25,-176.25,62314.63437182832,False,,0.0,0.0
7202,36.25,-173.75,62314.63437182832,False,,0.0,0.0
7203,36.25,-171.25,62314.63437182895,False,,0.0,0.0
7204,36.25,-168.75,62314.63437182832,False,,0.0,0.0
7205,36.25,-166.25,62314.63437182832,False,,0.0,0.0
7206,36.25,-163.75,62314.63437182832,False,,0.0,0.0
7207,36.25,-161.25,62314.63437182832,False,,0.0,0.0
7208,36.25,-158.75,62314.63437182832,False,,0.0,0.0
7209,36.25,-156.25,62314.63437182832,False,,0.0,0.0
7210,36.25,-153.75,62314.63437182832,False,,0.0,0.0
7211,36.25,-151.25,62314.63437182895,False,,0.0,0.0
7212,36.25,-148.75,62314.63437182832,False,,0.0,0.0
7213,36.25,-146.25,62314.63437182832,False,,0.0,0.0
7214,36.25,-143.75,62314.63437182832,False,,0.0,0.0
7215,36.25,-141.25,62314.63437182832,False,,0.0,0.0
7216,36.25,-138.75,62314.63437182832,False,,0.0,0.0
7217,36.25,-136.25,62314.63437182832,False,,0.0,0.0
7218,36.25,-133.75,62314.63437182832,False,,0.0,0.0
7219,36.25,-131.25,62314.63437182832,False,,0.0,0.0
7220,36.25,-128.75,62314.63437182832,False,,0.0,0.0
7221,36.25,-126.25,62314.63437182832,False,,0.0,0.0
7222,36.25,-123.75,62314.63437182832,True,,0.0,0.0
7223,36.25,-121.25,62314.63437182832,True,0.0,0.0,1205897.1
7224,36.25,-118.75,62314.63437182832,True,0.0,2.0,2655328.2
7225,36.25,-116.25,62314.63437182958,True,0.0,2.0,2720340.8
7226,36.25,-113.75,62314.63437182832,True,0.0,2.0,338862.47
7227,36.25,-111.25,62314.63437182832,True,0.0,2.0,203769.36
7228,36.25,-108.75,62314.63437182832,True,0.0,2.0,247621.89
7229,36.25,-106.25,62314.63437182832,True,0.0,2.0,1306285.2
7230,36.25,-103.75,62314.63437182832,True,0.0,2.0,26177.832
7231,36.25,-101.25,62314.63437182832,True,0.0,2.0,405131.03
7232,36.25,-98.75,62314.63437182832,True,0.0,2.0,178949.73
7233,36.25,-96.25,62314.63437182832,True,0.0,2.0,3038676.8
7234,36.25,-93.75,62314.63437182832,True,0.0,2.0,1501392.2
7235,36.25,-91.25,62314.63437182832,True,0.0,2.0,1231332.6
7236,36.25,-88.75,62314.63437182832,True,0.0,2.0,1685830.6
7237,36.25,-86.25,62314.63437182832,True,0.0,2.0,3695094.0
7238,36.25,-83.75,62314.63437182832,True,0.0,2.0,1979063.2
7239,36.25,-81.25,62314.63437182832,True,0.0,2.0,5810705.0
7240,36.25,-78.75,62314.63437182832,True,0.0,2.0,4329894.0
7241,36.25,-76.25,62314.63437182832,True,0.0,2.0,2390688.2
7242,36.25,-73.75,62314.63437182958,False,,2.0,0.0
7243,36.25,-71.25,62314.63437182832,False,,2.0,0.0
7244,36.25,-68.75,62314.63437182832,False,,2.0,0.0
7245,36.25,-66.25,62314.63437182832,False,,2.0,0.0
7246,36.25,-63.75,62314.63437182832,False,,2.0,0.0
7247,36.25,-61.25,62314.63437182832,False,,2.0,0.0
7248,36.25,-58.75,62314.63437182832,False,,2.0,0.0
7249,36.25,-56.25,62314.63437182832,False,,2.0,0.0
7250,36.25,-53.75,62314.63437182832,False,,2.0,0.0
7251,36.25,-51.25,62314.63437182832,False,,2.0,0.0
7252,36.25,-48.75,62314.63437182832,False,,2.0,0.0
7253,36.25,-46.25,62314.63437182832,False,,2.0,0.0
7254,36.25,-43.75,62314.63437182832,False,,2.0,0.0
7255,36.25,-41.25,62314.63437182832,False,,2.0,0.0
7256,36.25,-38.75,62314.63437182832,False,,2.0,0.0
7257,36.25,-36.25,62314.63437182832,False,,2.0,0.0
7258,36.25,-33.75,62314.63437182832,False,,2.0,0.0
7259,36.25,-31.25,62314.63437182832,False,,2.0,0.0
7260,36.25,-28.75,62314.63437182958,False,,2.0,0.0
7261,36.25,-26.25,62314.63437182832,False,,2.0,5493.592
7262,36.25,-23.75,62314.63437182832,False,,2.0,0.0
7263,36.25,-21.25,62314.63437182832,False,,2.0,0.0
7264,36.25,-18.75,62314.63437182832,False,,2.0,0.0
7265,36.25,-16.25,62314.63437182832,False,,2.0,0.0
7266,36.25,-13.75,62314.63437182832,False,,2.0,0.0
7267,36.25,-11.25,62314.63437182832,False,,2.0,0.0
7268,36.25,-8.75,62314.63437182832,True,0.0,2.0,0.0
7269,36.25,-6.25,62314.63437182832,True,0.0,2.0,4524038.5
7270,36.25,-3.75,62314.63437182832,True,0.0,2.0,2437814.2
7271,36.25,-1.25,62314.63437182832,True,0.0,2.0,4861875.0
7272,36.25,1.25,62314.63437182839,True,0.0,2.0,5681009.5
7273,36.25,3.75,62314.63437182839,True,0.0,2.0,13728946.0
7274,36.25,6.25,62314.634371828375,True,0.0,2.0,7970296.0
7275,36.25,8.75,62314.6343718284,True,0.0,2.0,6336299.0
7276,36.25,11.25,62314.6343718284,True,0.0,2.0,5921552.5
7277,36.25,13.75,62314.63437182836,True,4.0,2.0,764824.1
7278,36.25,16.25,62314.6343718284,True,0.0,2.0,87047.05
7279,36.25,18.75,62314.6343718284,False,,2.0,0.0
7280,36.25,21.25,62314.6343718284,True,0.0,2.0,19233.13
7281,36.25,23.75,62314.6343718284,True,0.0,2.0,366310.7
7282,36.25,26.25,62314.6343718284,True,-2.0,1.0,388305.62
7283,36.25,28.75,62314.63437182832,True,0.0,1.0,755080.8
7284,36.25,31.25,62314.63437182848,True,0.0,2.0,1143925.6
7285,36.25,33.75,62314.63437182832,True,0.0,2.0,2237439.8
7286,36.25,36.25,62314.63437182848,True,0.0,2.0,8343260.0
7287,36.25,38.75,62314.63437182832,True,-3.0,2.0,8872249.0
7288,36.25,41.25,62314.63437182848,True,-3.0,2.0,2261069.0
7289,36.25,43.75,62314.63437182832,True,,2.0,9758814.0
7290,36.25,46.25,62314.63437182848,True,,2.0,3991533.0
7291,36.25,48.75,62314.63437182832,True,-3.0,2.0,2850887.2
7292,36.25,51.25,62314.63437182848,True,0.0,2.0,17202572.0
7293,36.25,53.75,62314.63437182832,True,0.0,2.0,3870244.8
7294,36.25,56.25,62314.63437182832,True,0.0,2.0,351130.03
7295,36.25,58.75,62314.63437182832,True,0.0,2.0,4088238.0
7296,36.25,61.25,62314.63437182863,True,0.0,2.0,1984624.1
7297,36.25,63.75,62314.63437182832,True,,2.0,2080401.4
7298,36.25,66.25,62314.63437182832,True,0.0,2.0,1976646.5
7299,36.25,68.75,62314.63437182832,True,0.0,2.0,4244376.0
7300,36.25,71.25,62314.63437182863,True,0.0,2.0,1670574.8
7301,36.25,73.75,62314.63437182832,True,2.0,2.0,3967117.0
7302,36.25,76.25,62314.63437182832,True,2.0,2.0,316444.97
7303,36.25,78.75,62314.63437182832,True,2.0,2.0,135493.81
7304,36.25,81.25,62314.63437182832,True,,2.0,383005.47
7305,36.25,83.75,62314.63437182863,True,,2.0,36217.707
7306,36.25,86.25,62314.63437182832,True,,2.0,45.4686
7307,36.25,88.75,62314.63437182832,True,,2.0,0.0
7308,36.25,91.25,62314.63437182832,True,,2.0,1009.079
7309,36.25,93.75,62314.63437182863,True,2.0,2.0,285975.06
7310,36.25,96.25,62314.63437182832,True,2.0,2.0,46908.668
7311,36.25,98.75,62314.63437182832,True,3.0,2.0,222734.28
7312,36.25,101.25,62314.63437182832,True,4.0,2.0,3343805.5
7313,36.25,103.75,62314.63437182863,True,-2.0,2.0,10056799.0
7314,36.25,106.25,62314.63437182832,True,0.0,2.0,4466370.0
7315,36.25,108.75,62314.63437182832,True,0.0,2.0,6255347.5
7316,36.25,111.25,62314.63437182832,True,0.0,2.0,10464562.0
7317,36.25,113.75,62314.63437182832,True,0.0,2.0,31703654.0
7318,36.25,116.25,62314.63437182832,True,0.0,2.0,30845224.0
7319,36.25,118.75,62314.63437182832,True,0.0,2.0,38003236.0
7320,36.25,121.25,62314.63437182895,True,,2.0,9646441.0
7321,36.25,123.75,62314.63437182832,False,-3.0,2.0,316556.4
7322,36.25,126.25,62314.63437182832,True,0.0,2.0,3435752.0
7323,36.25,128.75,62314.63437182832,True,0.0,2.0,17956580.0
7324,36.25,131.25,62314.63437182832,True,-3.0,0.0,0.0
7325,36.25,133.75,62314.63437182832,True,-3.0,0.0,1732931.9
7326,36.25,136.25,62314.63437182832,True,-3.0,2.0,10451578.0
7327,36.25,138.75,62314.63437182832,True,0.0,2.0,46014656.0
7328,36.25,141.25,62314.63437182832,True,0.0,0.0,7015492.0
7329,36.25,143.75,62314.63437182895,False,,0.0,0.0
7330,36.25,146.25,62314.63437182832,False,,0.0,0.0
7331,36.25,148.75,62314.63437182832,False,,0.0,0.0
7332,36.25,151.25,62314.63437182832,False,,0.0,0.0
7333,36.25,153.75,62314.63437182832,False,,0.0,0.0
7334,36.25,156.25,62314.63437182832,False,,0.0,0.0
7335,36.25,158.75,62314.63437182832,False,,0.0,0.0
7336,36.25,161.25,62314.63437182832,False,,0.0,0.0
7337,36.25,163.75,62314.63437182832,False,,0.0,0.0
7338,36.25,166.25,62314.63437182895,False,,0.0,0.0
7339,36.25,168.75,62314.63437182832,False,,0.0,0.0
7340,36.25,171.25,62314.63437182832,False,,0.0,0.0
7341,36.25,173.75,62314.63437182832,False,,0.0,0.0
7342,36.25,176.25,62314.63437182832,False,,0.0,0.0
7343,36.25,178.75,62314.63437182832,False,,0.0,0.0
7344,38.75,-178.75,60262.3120782589,False,,0.0,0.0
7345,38.75,-176.25,60262.3120782589,False,,0.0,0.0
7346,38.75,-173.75,60262.3120782589,False,,0.0,0.0
7347,38.75,-171.25,60262.312078259514,False,,0.0,0.0
7348,38.75,-168.75,60262.3120782589,False,,0.0,0.0
7349,38.75,-166.25,60262.3120782589,False,,0.0,0.0
7350,38.75,-163.75,60262.3120782589,False,,0.0,0.0
7351,38.75,-161.25,60262.3120782589,False,,0.0,0.0
7352,38.75,-158.75,60262.3120782589,False,,0.0,0.0
7353,38.75,-156.25,60262.3120782589,False,,0.0,0.0
7354,38.75,-153.75,60262.3120782589,False,,0.0,0.0
7355,38.75,-151.25,60262.312078259514,False,,0.0,0.0
7356,38.75,-148.75,60262.3120782589,False,,0.0,0.0
7357,38.75,-146.25,60262.3120782589,False,,0.0,0.0
7358,38.75,-143.75,60262.3120782589,False,,0.0,0.0
7359,38.75,-141.25,60262.3120782589,False,,0.0,0.0
7360,38.75,-138.75,60262.3120782589,False,,0.0,0.0
7361,38.75,-136.25,60262.3120782589,False,,0.0,0.0
7362,38.75,-133.75,60262.3120782589,False,,0.0,0.0
7363,38.75,-131.25,60262.3120782589,False,,0.0,0.0
7364,38.75,-128.75,60262.3120782589,False,,0.0,0.0
7365,38.75,-126.25,60262.3120782589,False,,0.0,0.0
7366,38.75,-123.75,60262.3120782589,True,0.0,0.0,109791.78
7367,38.75,-121.25,60262.3120782589,True,0.0,0.0,12765455.0
7368,38.75,-118.75,60262.3120782589,True,0.0,2.0,859711.8
7369,38.75,-116.25,60262.31207826013,True,0.0,2.0,11649.137
7370,38.75,-113.75,60262.3120782589,True,0.0,2.0,281939.3
7371,38.75,-111.25,60262.3120782589,True,0.0,2.0,168242.45
7372,38.75,-108.75,60262.3120782589,True,0.0,2.0,267846.97
7373,38.75,-106.25,60262.3120782589,True,0.0,2.0,1724070.1
7374,38.75,-103.75,60262.3120782589,True,0.0,2.0,2888927.2
7375,38.75,-101.25,60262.3120782589,True,0.0,2.0,192386.38
7376,38.75,-98.75,60262.3120782589,True,0.0,2.0,177668.94
7377,38.75,-96.25,60262.3120782589,True,0.0,2.0,1712130.0
7378,38.75,-93.75,60262.3120782589,True,0.0,2.0,3338378.5
7379,38.75,-91.25,60262.3120782589,True,0.0,2.0,3838129.2
7380,38.75,-88.75,60262.3120782589,True,3.0,2.0,1663807.1
7381,38.75,-86.25,60262.3120782589,True,3.0,2.0,5506247.0
7382,38.75,-83.75,60262.3120782589,True,3.0,2.0,5124181.0
7383,38.75,-81.25,60262.3120782589,True,3.0,2.0,3221718.0
7384,38.75,-78.75,60262.3120782589,True,0.0,2.0,2119040.2
7385,38.75,-76.25,60262.3120782589,True,0.0,2.0,16627490.0
7386,38.75,-73.75,60262.31207826013,True,0.0,2.0,1175235.1
7387,38.75,-71.25,60262.3120782589,False,,2.0,0.0
7388,38.75,-68.75,60262.3120782589,False,,2.0,0.0
7389,38.75,-66.25,60262.3120782589,False,,2.0,0.0
7390,38.75,-63.75,60262.3120782589,False,,2.0,0.0
7391,38.75,-61.25,60262.3120782589,False,,2.0,0.0
7392,38.75,-58.75,60262.3120782589,False,,2.0,0.0
7393,38.75,-56.25,60262.3120782589,False,,2.0,0.0
7394,38.75,-53.75,60262.3120782589,False,,2.0,0.0
7395,38.75,-51.25,60262.3120782589,False,,2.0,0.0
7396,38.75,-48.75,60262.3120782589,False,,2.0,0.0
7397,38.75,-46.25,60262.3120782589,False,,2.0,0.0
7398,38.75,-43.75,60262.3120782589,False,,2.0,0.0
7399,38.75,-41.25,60262.3120782589,False,,2.0,0.0
7400,38.75,-38.75,60262.3120782589,False,,2.0,0.0
7401,38.75,-36.25,60262.3120782589,False,,2.0,0.0
7402,38.75,-33.75,60262.3120782589,False,,2.0,0.0
7403,38.75,-31.25,60262.3120782589,False,,2.0,5132.3
7404,38.75,-28.75,60262.31207826013,False,,2.0,37746.824
7405,38.75,-26.25,60262.3120782589,False,,2.0,202781.11
7406,38.75,-23.75,60262.3120782589,False,,2.0,0.0
7407,38.75,-21.25,60262.3120782589,False,,2.0,0.0
7408,38.75,-18.75,60262.3120782589,False,,2.0,0.0
7409,38.75,-16.25,60262.3120782589,False,,2.0,0.0
7410,38.75,-13.75,60262.3120782589,False,,2.0,0.0
7411,38.75,-11.25,60262.3120782589,False,,2.0,0.0
7412,38.75,-8.75,60262.3120782589,True,0.0,2.0,4633510.5
7413,38.75,-6.25,60262.3120782589,True,0.0,2.0,4283895.5
7414,38.75,-3.75,60262.3120782589,True,0.0,2.0,3464291.5
7415,38.75,-1.25,60262.3120782589,True,0.0,2.0,8160885.0
7416,38.75,1.25,60262.31207825897,True,0.0,2.0,378165.12
7417,38.75,3.75,60262.31207825897,True,0.0,2.0,1191854.4
7418,38.75,6.25,60262.31207825896,False,,2.0,60134.11
7419,38.75,8.75,60262.312078258976,True,0.0,2.0,1429709.8
7420,38.75,11.25,60262.312078258976,False,,2.0,132243.28
7421,38.75,13.75,60262.31207825895,True,4.0,2.0,3152245.5
7422,38.75,16.25,60262.312078258976,True,0.0,2.0,3306166.8
7423,38.75,18.75,60262.312078258976,True,0.0,2.0,377165.8
7424,38.75,21.25,60262.312078258976,True,0.0,2.0,1384308.4
7425,38.75,23.75,60262.312078258976,True,0.0,2.0,5302452.0
7426,38.75,26.25,60262.312078258976,True,0.0,1.0,1089084.2
7427,38.75,28.75,60262.3120782589,True,0.0,1.0,9824310.0
7428,38.75,31.25,60262.312078259056,True,0.0,2.0,3097799.2
7429,38.75,33.75,60262.3120782589,True,0.0,2.0,8200507.5
7430,38.75,36.25,60262.312078259056,True,0.0,2.0,4184382.0
7431,38.75,38.75,60262.3120782589,True,0.0,2.0,6210146.5
7432,38.75,41.25,60262.312078259056,True,0.0,2.0,3935428.8
7433,38.75,43.75,60262.3120782589,True,0.0,2.0,6758131.5
7434,38.75,46.25,60262.312078259056,True,0.0,2.0,5235434.5
7435,38.75,48.75,60262.3120782589,True,-3.0,2.0,6063048.5
7436,38.75,51.25,60262.312078259056,True,,2.0,316604.5
7437,38.75,53.75,60262.3120782589,True,,2.0,549739.6
7438,38.75,56.25,60262.3120782589,True,0.0,2.0,1098904.4
7439,38.75,58.75,60262.3120782589,True,0.0,2.0,3275542.5
7440,38.75,61.25,60262.31207825921,True,0.0,2.0,1207081.9
7441,38.75,63.75,60262.3120782589,True,0.0,2.0,2477478.5
7442,38.75,66.25,60262.3120782589,True,0.0,2.0,5799381.0
7443,38.75,68.75,60262.3120782589,True,0.0,2.0,11205664.0
7444,38.75,71.25,60262.31207825921,True,0.0,2.0,1549042.1
7445,38.75,73.75,60262.3120782589,True,,2.0,381643.8
7446,38.75,76.25,60262.3120782589,True,3.0,2.0,2789251.2
7447,38.75,78.75,60262.3120782589,True,3.0,2.0,3877150.5
7448,38.75,81.25,60262.3120782589,True,,2.0,436883.97
7449,38.75,83.75,60262.31207825921,True,,2.0,37801.496
7450,38.75,86.25,60262.3120782589,True,,2.0,68444.234
7451,38.75,88.75,60262.3120782589,True,2.0,2.0,40791.6
7452,38.75,91.25,60262.3120782589,True,,2.0,37392.9
7453,38.75,93.75,60262.31207825921,True,,2.0,89032.69
7454,38.75,96.25,60262.3120782589,True,,2.0,44071.72
7455,38.75,98.75,60262.3120782589,True,2.0,2.0,1239418.2
7456,38.75,101.25,60262.3120782589,True,2.0,2.0,1537622.0
7457,38.75,103.75,60262.31207825921,True,0.0,2.0,2411469.5
7458,38.75,106.25,60262.3120782589,True,0.0,2.0,6311272.5
7459,38.75,108.75,60262.3120782589,True,0.0,2.0,3525537.0
7460,38.75,111.25,60262.3120782589,True,0.0,2.0,7226695.0
7461,38.75,113.75,60262.3120782589,True,-4.0,2.0,31347086.0
7462,38.75,116.25,60262.3120782589,True,0.0,2.0,53549108.0
7463,38.75,118.75,60262.3120782589,True,0.0,2.0,35321092.0
7464,38.75,121.25,60262.312078259514,True,0.0,2.0,11472372.0
7465,38.75,123.75,60262.3120782589,True,,2.0,5040064.0
7466,38.75,126.25,60262.3120782589,True,0.0,2.0,27569046.0
7467,38.75,128.75,60262.3120782589,True,0.0,2.0,16480015.0
7468,38.75,131.25,60262.3120782589,False,,0.0,5917.5854
7469,38.75,133.75,60262.3120782589,False,,0.0,0.0
7470,38.75,136.25,60262.3120782589,False,,2.0,94826.2
7471,38.75,138.75,60262.3120782589,True,0.0,2.0,2798994.5
7472,38.75,141.25,60262.3120782589,True,0.0,0.0,6535375.0
7473,38.75,143.75,60262.312078259514,False,,0.0,4293.295
7474,38.75,146.25,60262.3120782589,False,,0.0,0.0
7475,38.75,148.75,60262.3120782589,False,,0.0,0.0
7476,38.75,151.25,60262.3120782589,False,,0.0,0.0
7477,38.75,153.75,60262.3120782589,False,,0.0,0.0
7478,38.75,156.25,60262.3120782589,False,,0.0,0.0
7479,38.75,158.75,60262.3120782589,False,,0.0,0.0
7480,38.75,161.25,60262.3120782589,False,,0.0,0.0
7481,38.75,163.75,60262.3120782589,False,,0.0,0.0
7482,38.75,166.25,60262.312078259514,False,,0.0,0.0
7483,38.75,168.75,60262.3120782589,False,,0.0,0.0
7484,38.75,171.25,60262.3120782589,False,,0.0,0.0
7485,38.75,173.75,60262.3120782589,False,,0.0,0.0
7486,38.75,176.25,60262.3120782589,False,,0.0,0.0
7487,38.75,178.75,60262.3120782589,False,,0.0,0.0
7488,41.25,-178.75,58095.27704856318,False,,0.0,0.0
7489,41.25,-176.25,58095.27704856318,False,,0.0,0.0
7490,41.25,-173.75,58095.27704856318,False,,0.0,0.0
7491,41.25,-171.25,58095.27704856377,False,,0.0,0.0
7492,41.25,-168.75,58095.27704856318,False,,0.0,0.0
7493,41.25,-166.25,58095.27704856318,False,,0.0,0.0
7494,41.25,-163.75,58095.27704856318,False,,0.0,0.0
7495,41.25,-161.25,58095.27704856318,False,,0.0,0.0
7496,41.25,-158.75,58095.27704856318,False,,0.0,0.0
7497,41.25,-156.25,58095.27704856318,False,,0.0,0.0
7498,41.25,-153.75,58095.27704856318,False,,0.0,0.0
7499,41.25,-151.25,58095.27704856377,False,,0.0,0.0
7500,41.25,-148.75,58095.27704856318,False,,0.0,0.0
7501,41.25,-146.25,58095.27704856318,False,,0.0,0.0
7502,41.25,-143.75,58095.27704856318,False,,0.0,0.0
7503,41.25,-141.25,58095.27704856318,False,,0.0,0.0
7504,41.25,-138.75,58095.27704856318,False,,0.0,0.0
7505,41.25,-136.25,58095.27704856318,False,,0.0,0.0
7506,41.25,-133.75,58095.27704856318,False,,0.0,0.0
7507,41.25,-131.25,58095.27704856318,False,,0.0,0.0
7508,41.25,-128.75,58095.27704856318,False,,0.0,0.0
7509,41.25,-126.25,58095.27704856318,False,,0.0,0.0
7510,41.25,-123.75,58095.27704856318,True,0.0,2.0,182076.44
7511,41.25,-121.25,58095.27704856318,True,0.0,2.0,349043.78
7512,41.25,-118.75,58095.27704856318,True,0.0,2.0,6637.4966
7513,41.25,-116.25,58095.277048564356,True,0.0,2.0,68387.63
7514,41.25,-113.75,58095.27704856318,True,0.0,2.0,10774.673
7515,41.25,-111.25,58095.27704856318,True,0.0,2.0,2971344.2
7516,41.25,-108.75,58095.27704856318,True,0.0,2.0,103237.03
7517,41.25,-106.25,58095.27704856318,True,0.0,2.0,712879.44
7518,41.25,-103.75,58095.27704856318,True,0.0,2.0,553584.8
7519,41.25,-101.25,58095.27704856318,True,0.0,2.0,112395.766
7520,41.25,-98.75,58095.27704856318,True,0.0,2.0,243678.81
7521,41.25,-96.25,58095.27704856318,True,0.0,2.0,1625991.2
7522,41.25,-93.75,58095.27704856318,True,0.0,2.0,906448.94
7523,41.25,-91.25,58095.27704856318,True,0.0,2.0,1330134.9
7524,41.25,-88.75,58095.27704856318,True,0.0,2.0,3422238.2
7525,41.25,-86.25,58095.27704856318,True,3.0,2.0,8015980.5
7526,41.25,-83.75,58095.27704856318,True,3.0,2.0,2463714.5
7527,41.25,-81.25,58095.27704856318,True,3.0,2.0,6571778.5
7528,41.25,-78.75,58095.27704856318,True,0.0,2.0,2206729.2
7529,41.25,-76.25,58095.27704856318,True,0.0,2.0,6804364.0
7530,41.25,-73.75,58095.277048564356,True,0.0,2.0,22198502.0
7531,41.25,-71.25,58095.27704856318,True,0.0,2.0,4591156.5
7532,41.25,-68.75,58095.27704856318,True,,2.0,14585.68
7533,41.25,-66.25,58095.27704856318,False,,2.0,0.0
7534,41.25,-63.75,58095.27704856318,False,,2.0,0.0
7535,41.25,-61.25,58095.27704856318,False,,2.0,0.0
7536,41.25,-58.75,58095.27704856318,False,,2.0,0.0
7537,41.25,-56.25,58095.27704856318,False,,2.0,0.0
7538,41.25,-53.75,58095.27704856318,False,,2.0,0.0
7539,41.25,-51.25,58095.27704856318,False,,2.0,0.0
7540,41.25,-48.75,58095.27704856318,False,,2.0,0.0
7541,41.25,-46.25,58095.27704856318,False,,2.0,0.0
7542,41.25,-43.75,58095.27704856318,False,,2.0,0.0
7543,41.25,-41.25,58095.27704856318,False,,2.0,0.0
7544,41.25,-38.75,58095.27704856318,False,,0.0,0.0
7545,41.25,-36.25,58095.27704856318,False,,0.0,0.0
7546,41.25,-33.75,58095.27704856318,False,,0.0,0.0
7547,41.25,-31.25,58095.27704856318,False,,0.0,0.0
7548,41.25,-28.75,58095.277048564356,False,,2.0,0.0
7549,41.25,-26.25,58095.27704856318,False,,2.0,0.0
7550,41.25,-23.75,58095.27704856318,False,,2.0,0.0
7551,41.25,-21.25,58095.27704856318,False,,2.0,0.0
7552,41.25,-18.75,58095.27704856318,False,,2.0,0.0
7553,41.25,-16.25,58095.27704856318,False,,2.0,0.0
7554,41.25,-13.75,58095.27704856318,False,,2.0,0.0
7555,41.25,-11.25,58095.27704856318,False,,2.0,0.0
7556,41.25,-8.75,58095.27704856318,True,0.0,2.0,4081837.0
7557,41.25,-6.25,58095.27704856318,True,0.0,2.0,1624494.2
7558,41.25,-3.75,58095.27704856318,True,-3.0,2.0,9016671.0
7559,41.25,-1.25,58095.27704856318,True,-3.0,2.0,1601170.1
7560,41.25,1.25,58095.277048563235,True,-3.0,2.0,2867492.5
7561,41.25,3.75,58095.277048563235,True,0.0,2.0,5614007.0
7562,41.25,6.25,58095.27704856323,False,,2.0,0.0
7563,41.25,8.75,58095.27704856324,True,0.0,2.0,863402.1
7564,41.25,11.25,58095.27704856324,True,0.0,2.0,4.884695
7565,41.25,13.75,58095.27704856321,True,0.0,2.0,10670779.0
7566,41.25,16.25,58095.27704856324,True,0.0,2.0,3165160.0
7567,41.25,18.75,58095.27704856324,True,0.0,2.0,3817104.2
7568,41.25,21.25,58095.27704856324,True,0.0,2.0,2098756.8
7569,41.25,23.75,58095.27704856324,True,0.0,2.0,3011422.5
7570,41.25,26.25,58095.27704856324,True,0.0,2.0,1293954.8
7571,41.25,28.75,58095.27704856318,True,0.0,2.0,22286452.0
7572,41.25,31.25,58095.277048563315,True,0.0,2.0,2661020.0
7573,41.25,33.75,58095.27704856318,True,4.0,2.0,3280451.8
7574,41.25,36.25,58095.277048563315,True,4.0,0.0,2284056.2
7575,41.25,38.75,58095.27704856318,True,4.0,0.0,1748717.8
7576,41.25,41.25,58095.277048563315,True,3.0,2.0,1027678.25
7577,41.25,43.75,58095.27704856318,True,0.0,2.0,4524877.5
7578,41.25,46.25,58095.277048563315,True,0.0,2.0,2622784.0
7579,41.25,48.75,58095.27704856318,True,0.0,2.0,5458216.5
7580,41.25,51.25,58095.277048563315,True,0.0,2.0,313873.2
7581,41.25,53.75,58095.27704856318,True,0.0,2.0,174260.44
7582,41.25,56.25,58095.27704856318,True,0.0,2.0,333859.34
7583,41.25,58.75,58095.27704856318,True,0.0,2.0,1493515.9
7584,41.25,61.25,58095.27704856347,True,0.0,2.0,2085861.9
7585,41.25,63.75,58095.27704856318,True,0.0,2.0,1853858.2
7586,41.25,66.25,58095.27704856318,True,0.0,2.0,1418522.8
7587,41.25,68.75,58095.27704856318,True,0.0,2.0,8099832.5
7588,41.25,71.25,58095.27704856347,True,0.0,2.0,8639274.0
7589,41.25,73.75,58095.27704856318,True,0.0,2.0,5197036.0
7590,41.25,76.25,58095.27704856318,True,0.0,2.0,192287.2
7591,41.25,78.75,58095.27704856318,True,3.0,2.0,520622.84
7592,41.25,81.25,58095.27704856318,True,2.0,2.0,1403017.5
7593,41.25,83.75,58095.27704856347,True,2.0,2.0,1139256.9
7594,41.25,86.25,58095.27704856318,True,2.0,2.0,796547.44
7595,41.25,88.75,58095.27704856318,True,,2.0,57161.33
7596,41.25,91.25,58095.27704856318,True,,2.0,0.0
7597,41.25,93.75,58095.27704856347,True,0.0,2.0,151398.52
7598,41.25,96.25,58095.27704856318,True,0.0,2.0,205320.05
7599,41.25,98.75,58095.27704856318,True,,2.0,196835.06
7600,41.25,101.25,58095.27704856318,True,,2.0,11747.202
7601,41.25,103.75,58095.27704856347,True,,2.0,15261.848
7602,41.25,106.25,58095.27704856318,True,2.0,2.0,212439.7
7603,41.25,108.75,58095.27704856318,True,0.0,2.0,3675392.5
7604,41.25,111.25,58095.27704856318,True,0.0,2.0,4872738.5
7605,41.25,113.75,58095.27704856318,True,0.0,2.0,6747133.5
7606,41.25,116.25,58095.27704856318,True,0.0,2.0,9897422.0
7607,41.25,118.75,58095.27704856318,True,0.0,2.0,9619714.0
7608,41.25,121.25,58095.27704856377,True,0.0,2.0,7030537.0
7609,41.25,123.75,58095.27704856318,True,0.0,2.0,23854906.0
7610,41.25,126.25,58095.27704856318,True,0.0,2.0,3890402.5
7611,41.25,128.75,58095.27704856318,True,0.0,2.0,3670222.5
7612,41.25,131.25,58095.27704856318,True,0.0,2.0,330.8373
7613,41.25,133.75,58095.27704856318,False,,2.0,0.0
7614,41.25,136.25,58095.27704856318,False,,0.0,0.0
7615,41.25,138.75,58095.27704856318,True,0.0,0.0,10382.843
7616,41.25,141.25,58095.27704856318,True,0.0,0.0,1970971.0
7617,41.25,143.75,58095.27704856377,True,0.0,0.0,639.1929
7618,41.25,146.25,58095.27704856318,False,,0.0,0.0
7619,41.25,148.75,58095.27704856318,False,,0.0,0.0
7620,41.25,151.25,58095.27704856318,False,,0.0,0.0
7621,41.25,153.75,58095.27704856318,False,,0.0,0.0
7622,41.25,156.25,58095.27704856318,False,,0.0,0.0
7623,41.25,158.75,58095.27704856318,False,,0.0,0.0
7624,41.25,161.25,58095.27704856318,False,,0.0,0.0
7625,41.25,163.75,58095.27704856318,False,,0.0,0.0
7626,41.25,166.25,58095.27704856377,False,,0.0,0.0
7627,41.25,168.75,58095.27704856318,False,,0.0,0.0
7628,41.25,171.25,58095.27704856318,False,,0.0,0.0
7629,41.25,173.75,58095.27704856318,False,,0.0,0.0
7630,41.25,176.25,58095.27704856318,False,,0.0,0.0
7631,41.25,178.75,58095.27704856318,False,,0.0,0.0
7632,43.75,-178.75,55817.654357085274,False,,0.0,0.0
7633,43.75,-176.25,55817.654357085274,False,,0.0,0.0
7634,43.75,-173.75,55817.654357085274,False,,0.0,0.0
7635,43.75,-171.25,55817.65435708585,False,,0.0,0.0
7636,43.75,-168.75,55817.654357085274,False,,0.0,0.0
7637,43.75,-166.25,55817.654357085274,False,,0.0,0.0
7638,43.75,-163.75,55817.654357085274,False,,0.0,0.0
7639,43.75,-161.25,55817.654357085274,False,,0.0,0.0
7640,43.75,-158.75,55817.654357085274,False,,0.0,0.0
7641,43.75,-156.25,55817.654357085274,False,,0.0,0.0
7642,43.75,-153.75,55817.654357085274,False,,0.0,0.0
7643,43.75,-151.25,55817.65435708585,False,,0.0,0.0
7644,43.75,-148.75,55817.654357085274,False,,0.0,0.0
7645,43.75,-146.25,55817.654357085274,False,,0.0,0.0
7646,43.75,-143.75,55817.654357085274,False,,0.0,0.0
7647,43.75,-141.25,55817.654357085274,False,,0.0,0.0
7648,43.75,-138.75,55817.654357085274,False,,0.0,0.0
7649,43.75,-136.25,55817.654357085274,False,,0.0,0.0
7650,43.75,-133.75,55817.654357085274,False,,0.0,0.0
7651,43.75,-131.25,55817.654357085274,False,,0.0,0.0
7652,43.75,-128.75,55817.654357085274,False,,0.0,0.0
7653,43.75,-126.25,55817.654357085274,False,,0.0,0.0
7654,43.75,-123.75,55817.654357085274,True,0.0,2.0,1041447.94
7655,43.75,-121.25,55817.654357085274,True,0.0,2.0,819502.8
7656,43.75,-118.75,55817.654357085274,True,0.0,2.0,16179.825
7657,43.75,-116.25,55817.65435708641,True,0.0,2.0,943900.56
7658,43.75,-113.75,55817.654357085274,True,0.0,2.0,221901.08
7659,43.75,-111.25,55817.654357085274,True,0.0,2.0,484479.5
7660,43.75,-108.75,55817.654357085274,True,0.0,2.0,102832.78
7661,43.75,-106.25,55817.654357085274,True,0.0,2.0,217979.98
7662,43.75,-103.75,55817.654357085274,True,0.0,2.0,235694.89
7663,43.75,-101.25,55817.654357085274,True,2.0,2.0,89933.555
7664,43.75,-98.75,55817.654357085274,True,,2.0,104552.164
7665,43.75,-96.25,55817.654357085274,True,0.0,2.0,987162.9
7666,43.75,-93.75,55817.654357085274,True,,2.0,2585297.0
7667,43.75,-91.25,55817.654357085274,True,3.0,2.0,2098028.2
7668,43.75,-88.75,55817.654357085274,True,3.0,2.0,5028781.0
7669,43.75,-86.25,55817.654357085274,True,3.0,2.0,4960704.0
7670,43.75,-83.75,55817.654357085274,True,2.0,2.0,5788320.0
7671,43.75,-81.25,55817.654357085274,True,0.0,2.0,3767437.8
7672,43.75,-78.75,55817.654357085274,True,0.0,2.0,10285815.0
7673,43.75,-76.25,55817.654357085274,True,2.0,2.0,3626003.2
7674,43.75,-73.75,55817.65435708641,True,0.0,2.0,2041917.8
7675,43.75,-71.25,55817.654357085274,True,0.0,2.0,8208083.0
7676,43.75,-68.75,55817.654357085274,True,0.0,2.0,524083.62
7677,43.75,-66.25,55817.654357085274,True,2.0,2.0,95372.41
7678,43.75,-63.75,55817.654357085274,True,3.0,2.0,511933.5
7679,43.75,-61.25,55817.654357085274,True,0.0,2.0,4822.424
7680,43.75,-58.75,55817.654357085274,False,,2.0,4.3249645
7681,43.75,-56.25,55817.654357085274,False,,2.0,0.0
7682,43.75,-53.75,55817.654357085274,False,,2.0,0.0
7683,43.75,-51.25,55817.654357085274,False,,2.0,0.0
7684,43.75,-48.75,55817.654357085274,False,,2.0,0.0
7685,43.75,-46.25,55817.654357085274,False,,2.0,0.0
7686,43.75,-43.75,55817.654357085274,False,,2.0,0.0
7687,43.75,-41.25,55817.654357085274,False,,2.0,0.0
7688,43.75,-38.75,55817.654357085274,False,,0.0,0.0
7689,43.75,-36.25,55817.654357085274,False,,0.0,0.0
7690,43.75,-33.75,55817.654357085274,False,,0.0,0.0
7691,43.75,-31.25,55817.654357085274,False,,0.0,0.0
7692,43.75,-28.75,55817.65435708641,False,,2.0,0.0
7693,43.75,-26.25,55817.654357085274,False,,2.0,0.0
7694,43.75,-23.75,55817.654357085274,False,,2.0,0.0
7695,43.75,-21.25,55817.654357085274,False,,2.0,0.0
7696,43.75,-18.75,55817.654357085274,False,,2.0,0.0
7697,43.75,-16.25,55817.654357085274,False,,2.0,0.0
7698,43.75,-13.75,55817.654357085274,False,,2.0,0.0
7699,43.75,-11.25,55817.654357085274,False,,2.0,0.0
7700,43.75,-8.75,55817.654357085274,True,0.0,2.0,2208149.5
7701,43.75,-6.25,55817.654357085274,True,0.0,2.0,2207977.5
7702,43.75,-3.75,55817.654357085274,True,0.0,2.0,1404505.4
7703,43.75,-1.25,55817.654357085274,True,0.0,2.0,5832455.5
7704,43.75,1.25,55817.65435708534,True,0.0,2.0,3532812.8
7705,43.75,3.75,55817.65435708534,True,0.0,2.0,5334033.5
7706,43.75,6.25,55817.65435708533,True,0.0,2.0,3984143.0
7707,43.75,8.75,55817.65435708535,True,0.0,2.0,4556901.0
7708,43.75,11.25,55817.65435708535,True,0.0,2.0,7412334.0
7709,43.75,13.75,55817.65435708531,True,0.0,2.0,5928858.0
7710,43.75,16.25,55817.65435708535,True,0.0,2.0,1077259.6
7711,43.75,18.75,55817.65435708535,True,0.0,2.0,4318836.5
7712,43.75,21.25,55817.65435708535,True,0.0,2.0,7051119.5
7713,43.75,23.75,55817.65435708535,True,0.0,2.0,5709892.5
7714,43.75,26.25,55817.65435708535,True,0.0,2.0,13325880.0
7715,43.75,28.75,55817.654357085274,True,0.0,2.0,9494708.0
7716,43.75,31.25,55817.65435708542,False,,2.0,0.0
7717,43.75,33.75,55817.654357085274,True,0.0,2.0,1118363.0
7718,43.75,36.25,55817.65435708542,True,0.0,0.0,32970.277
7719,43.75,38.75,55817.654357085274,True,,0.0,1559291.8
7720,43.75,41.25,55817.65435708542,True,0.0,2.0,1833274.4
7721,43.75,43.75,55817.654357085274,True,0.0,2.0,4327341.0
7722,43.75,46.25,55817.65435708542,True,4.0,2.0,2809996.0
7723,43.75,48.75,55817.654357085274,True,,2.0,1906547.5
7724,43.75,51.25,55817.65435708542,True,0.0,2.0,431223.75
7725,43.75,53.75,55817.654357085274,True,0.0,2.0,200678.03
7726,43.75,56.25,55817.654357085274,True,0.0,2.0,406868.5
7727,43.75,58.75,55817.654357085274,True,0.0,2.0,1004231.0
7728,43.75,61.25,55817.654357085565,True,0.0,2.0,490658.8
7729,43.75,63.75,55817.654357085274,True,2.0,2.0,491006.9
7730,43.75,66.25,55817.654357085274,True,0.0,2.0,404218.9
7731,43.75,68.75,55817.654357085274,True,2.0,2.0,2083628.6
7732,43.75,71.25,55817.654357085565,True,0.0,2.0,1171209.6
7733,43.75,73.75,55817.654357085274,True,0.0,2.0,2067532.8
7734,43.75,76.25,55817.654357085274,True,0.0,2.0,2724998.2
7735,43.75,78.75,55817.654357085274,True,2.0,2.0,1466854.5
7736,43.75,81.25,55817.654357085274,True,2.0,2.0,1948563.0
7737,43.75,83.75,55817.654357085565,True,2.0,2.0,1595865.4
7738,43.75,86.25,55817.654357085274,True,3.0,2.0,1946219.5
7739,43.75,88.75,55817.654357085274,True,3.0,2.0,5944950.0
7740,43.75,91.25,55817.654357085274,True,2.0,2.0,238964.11
7741,43.75,93.75,55817.654357085565,True,3.0,2.0,629424.44
7742,43.75,96.25,55817.654357085274,True,,2.0,12583.047
7743,43.75,98.75,55817.654357085274,True,,2.0,13995.939
7744,43.75,101.25,55817.654357085274,True,,2.0,18440.025
7745,43.75,103.75,55817.654357085565,True,0.0,2.0,48530.215
7746,43.75,106.25,55817.654357085274,True,,2.0,23302.996
7747,43.75,108.75,55817.654357085274,True,,2.0,49645.934
7748,43.75,111.25,55817.654357085274,True,0.0,2.0,105260.89
7749,43.75,113.75,55817.654357085274,True,0.0,2.0,248204.02
7750,43.75,116.25,55817.654357085274,True,0.0,2.0,529405.4
7751,43.75,118.75,55817.654357085274,True,0.0,2.0,3229830.0
7752,43.75,121.25,55817.65435708585,True,0.0,2.0,2701207.5
7753,43.75,123.75,55817.654357085274,True,0.0,2.0,11233922.0
7754,43.75,126.25,55817.654357085274,True,0.0,2.0,14817634.0
7755,43.75,128.75,55817.654357085274,True,0.0,2.0,6369800.5
7756,43.75,131.25,55817.654357085274,True,0.0,2.0,2182558.0
7757,43.75,133.75,55817.654357085274,True,0.0,2.0,993432.7
7758,43.75,136.25,55817.654357085274,True,0.0,0.0,55582.92
7759,43.75,138.75,55817.654357085274,True,,0.0,13703.69
7760,43.75,141.25,55817.654357085274,True,0.0,0.0,3197534.5
7761,43.75,143.75,55817.65435708585,True,0.0,0.0,1563107.6
7762,43.75,146.25,55817.654357085274,True,3.0,0.0,64636.273
7763,43.75,148.75,55817.654357085274,False,,0.0,1309.931
7764,43.75,151.25,55817.654357085274,False,,0.0,0.0
7765,43.75,153.75,55817.654357085274,False,,0.0,0.0
7766,43.75,156.25,55817.654357085274,False,,0.0,0.0
7767,43.75,158.75,55817.654357085274,False,,0.0,0.0
7768,43.75,161.25,55817.654357085274,False,,0.0,0.0
7769,43.75,163.75,55817.654357085274,False,,0.0,0.0
7770,43.75,166.25,55817.65435708585,False,,0.0,0.0
7771,43.75,168.75,55817.654357085274,False,,0.0,0.0
7772,43.75,171.25,55817.654357085274,False,,0.0,0.0
7773,43.75,173.75,55817.654357085274,False,,0.0,0.0
7774,43.75,176.25,55817.654357085274,False,,0.0,0.0
7775,43.75,178.75,55817.654357085274,False,,0.0,0.0
7776,46.25,-178.75,53433.77958807113,False,,0.0,0.0
7777,46.25,-176.25,53433.77958807113,False,,0.0,0.0
7778,46.25,-173.75,53433.77958807113,False,,0.0,0.0
7779,46.25,-171.25,53433.77958807167,False,,0.0,0.0
7780,46.25,-168.75,53433.77958807113,False,,0.0,0.0
7781,46.25,-166.25,53433.77958807113,False,,0.0,0.0
7782,46.25,-163.75,53433.77958807113,False,,0.0,0.0
7783,46.25,-161.25,53433.77958807113,False,,0.0,0.0
7784,46.25,-158.75,53433.77958807113,False,,0.0,0.0
7785,46.25,-156.25,53433.77958807113,False,,0.0,0.0
7786,46.25,-153.75,53433.77958807113,False,,0.0,0.0
7787,46.25,-151.25,53433.77958807167,False,,0.0,0.0
7788,46.25,-148.75,53433.77958807113,False,,0.0,0.0
7789,46.25,-146.25,53433.77958807113,False,,0.0,0.0
7790,46.25,-143.75,53433.77958807113,False,,0.0,0.0
7791,46.25,-141.25,53433.77958807113,False,,0.0,0.0
7792,46.25,-138.75,53433.77958807113,False,,0.0,0.0
7793,46.25,-136.25,53433.77958807113,False,,0.0,0.0
7794,46.25,-133.75,53433.77958807113,False,,0.0,0.0
7795,46.25,-131.25,53433.77958807113,False,,0.0,0.0
7796,46.25,-128.75,53433.77958807113,False,,0.0,0.0
7797,46.25,-126.25,53433.77958807113,False,,0.0,0.0
7798,46.25,-123.75,53433.77958807113,True,0.0,2.0,378726.56
7799,46.25,-121.25,53433.77958807113,True,0.0,2.0,3117657.5
7800,46.25,-118.75,53433.77958807113,True,0.0,2.0,577518.3
7801,46.25,-116.25,53433.77958807222,True,0.0,2.0,198267.34
7802,46.25,-113.75,53433.77958807113,True,0.0,2.0,173075.6
7803,46.25,-111.25,53433.77958807113,True,0.0,2.0,289417.84
7804,46.25,-108.75,53433.77958807113,True,0.0,2.0,201931.83
7805,46.25,-106.25,53433.77958807113,True,0.0,2.0,37414.75
7806,46.25,-103.75,53433.77958807113,True,0.0,2.0,13060.303
7807,46.25,-101.25,53433.77958807113,True,2.0,2.0,179547.86
7808,46.25,-98.75,53433.77958807113,True,3.0,2.0,87641.35
7809,46.25,-96.25,53433.77958807113,True,2.0,2.0,536581.25
7810,46.25,-93.75,53433.77958807113,True,2.0,2.0,1810375.5
7811,46.25,-91.25,53433.77958807113,True,0.0,2.0,735954.06
7812,46.25,-88.75,53433.77958807113,True,0.0,2.0,197743.81
7813,46.25,-86.25,53433.77958807113,True,0.0,2.0,234717.03
7814,46.25,-83.75,53433.77958807113,True,2.0,2.0,250108.84
7815,46.25,-81.25,53433.77958807113,True,2.0,2.0,231625.02
7816,46.25,-78.75,53433.77958807113,True,0.0,2.0,170368.12
7817,46.25,-76.25,53433.77958807113,True,0.0,2.0,1719707.0
7818,46.25,-73.75,53433.77958807222,True,0.0,2.0,5095569.0
7819,46.25,-71.25,53433.77958807113,True,0.0,2.0,2250405.8
7820,46.25,-68.75,53433.77958807113,True,0.0,2.0,88678.164
7821,46.25,-66.25,53433.77958807113,True,2.0,2.0,440180.38
7822,46.25,-63.75,53433.77958807113,True,0.0,2.0,493523.3
7823,46.25,-61.25,53433.77958807113,True,0.0,2.0,203789.8
7824,46.25,-58.75,53433.77958807113,False,,2.0,18172.457
7825,46.25,-56.25,53433.77958807113,True,0.0,2.0,8219.329
7826,46.25,-53.75,53433.77958807113,True,0.0,2.0,3163.9297
7827,46.25,-51.25,53433.77958807113,False,,2.0,710.5674
7828,46.25,-48.75,53433.77958807113,False,,0.0,0.0
7829,46.25,-46.25,53433.77958807113,False,,0.0,0.0
7830,46.25,-43.75,53433.77958807113,False,,0.0,0.0
7831,46.25,-41.25,53433.77958807113,False,,0.0,0.0
7832,46.25,-38.75,53433.77958807113,False,,0.0,0.0
7833,46.25,-36.25,53433.77958807113,False,,0.0,0.0
7834,46.25,-33.75,53433.77958807113,False,,0.0,0.0
7835,46.25,-31.25,53433.77958807113,False,,0.0,0.0
7836,46.25,-28.75,53433.77958807222,False,,0.0,0.0
7837,46.25,-26.25,53433.77958807113,False,,0.0,0.0
7838,46.25,-23.75,53433.77958807113,False,,0.0,0.0
7839,46.25,-21.25,53433.77958807113,False,,0.0,0.0
7840,46.25,-18.75,53433.77958807113,False,,0.0,0.0
7841,46.25,-16.25,53433.77958807113,False,,0.0,0.0
7842,46.25,-13.75,53433.77958807113,False,,2.0,0.0
7843,46.25,-11.25,53433.77958807113,False,,2.0,0.0
7844,46.25,-8.75,53433.77958807113,False,,2.0,0.0
7845,46.25,-6.25,53433.77958807113,False,,2.0,0.0
7846,46.25,-3.75,53433.77958807113,True,0.0,2.0,0.0
7847,46.25,-1.25,53433.77958807113,True,0.0,2.0,2159507.0
7848,46.25,1.25,53433.779588071186,True,0.0,2.0,1888620.9
7849,46.25,3.75,53433.779588071186,True,0.0,2.0,5143504.0
7850,46.25,6.25,53433.77958807118,True,0.0,2.0,5043078.0
7851,46.25,8.75,53433.77958807119,True,0.0,2.0,13687651.0
7852,46.25,11.25,53433.77958807119,True,0.0,2.0,6104070.0
7853,46.25,13.75,53433.779588071164,True,0.0,2.0,5469978.0
7854,46.25,16.25,53433.77958807119,True,0.0,2.0,3537203.0
7855,46.25,18.75,53433.77958807119,True,0.0,2.0,3483692.0
7856,46.25,21.25,53433.77958807119,True,0.0,2.0,2374186.5
7857,46.25,23.75,53433.77958807119,True,0.0,2.0,3024145.0
7858,46.25,26.25,53433.77958807119,True,0.0,2.0,2554067.5
7859,46.25,28.75,53433.77958807113,True,0.0,2.0,3640357.0
7860,46.25,31.25,53433.779588071266,True,0.0,2.0,1668071.9
7861,46.25,33.75,53433.77958807113,True,0.0,2.0,2180946.2
7862,46.25,36.25,53433.779588071266,True,0.0,2.0,800843.1
7863,46.25,38.75,53433.77958807113,True,,2.0,2653755.8
7864,46.25,41.25,53433.779588071266,True,0.0,2.0,1497906.8
7865,46.25,43.75,53433.77958807113,True,3.0,2.0,751531.8
7866,46.25,46.25,53433.779588071266,True,3.0,2.0,82756.31
7867,46.25,48.75,53433.77958807113,True,0.0,2.0,822593.06
7868,46.25,51.25,53433.779588071266,True,2.0,2.0,53337.797
7869,46.25,53.75,53433.77958807113,True,,2.0,139653.8
7870,46.25,56.25,53433.77958807113,True,3.0,2.0,68640.625
7871,46.25,58.75,53433.77958807113,True,0.0,2.0,106589.8
7872,46.25,61.25,53433.7795880714,True,0.0,2.0,51128.062
7873,46.25,63.75,53433.77958807113,True,2.0,2.0,160434.62
7874,46.25,66.25,53433.77958807113,True,,2.0,134330.17
7875,46.25,68.75,53433.77958807113,True,0.0,2.0,63943.094
7876,46.25,71.25,53433.7795880714,True,0.0,2.0,28447.688
7877,46.25,73.75,53433.77958807113,True,3.0,2.0,35540.93
7878,46.25,76.25,53433.77958807113,True,0.0,2.0,43115.227
7879,46.25,78.75,53433.77958807113,True,0.0,2.0,184726.14
7880,46.25,81.25,53433.77958807113,True,0.0,2.0,116456.14
7881,46.25,83.75,53433.7795880714,True,0.0,2.0,1118153.9
7882,46.25,86.25,53433.77958807113,True,2.0,2.0,202160.44
7883,46.25,88.75,53433.77958807113,True,,2.0,108408.51
7884,46.25,91.25,53433.77958807113,True,,2.0,76989.97
7885,46.25,93.75,53433.7795880714,True,,2.0,16346.766
7886,46.25,96.25,53433.77958807113,True,0.0,2.0,23905.482
7887,46.25,98.75,53433.77958807113,True,,2.0,21179.621
7888,46.25,101.25,53433.77958807113,True,0.0,2.0,54293.605
7889,46.25,103.75,53433.7795880714,True,0.0,2.0,67336.84
7890,46.25,106.25,53433.77958807113,True,-4.0,2.0,20970.143
7891,46.25,108.75,53433.77958807113,True,-4.0,2.0,38619.85
7892,46.25,111.25,53433.77958807113,True,0.0,2.0,12006.876
7893,46.25,113.75,53433.77958807113,True,,2.0,34110.055
7894,46.25,116.25,53433.77958807113,True,0.0,2.0,38875.285
7895,46.25,118.75,53433.77958807113,True,0.0,2.0,201034.8
7896,46.25,121.25,53433.77958807167,True,,2.0,769182.25
7897,46.25,123.75,53433.77958807113,True,0.0,2.0,5351631.5
7898,46.25,126.25,53433.77958807113,True,0.0,2.0,13010776.0
7899,46.25,128.75,53433.77958807113,True,0.0,2.0,4922594.5
7900,46.25,131.25,53433.77958807113,True,0.0,2.0,5318319.5
7901,46.25,133.75,53433.77958807113,True,0.0,2.0,961706.56
7902,46.25,136.25,53433.77958807113,True,0.0,2.0,35590.82
7903,46.25,138.75,53433.77958807113,True,0.0,2.0,9716.996
7904,46.25,141.25,53433.77958807113,True,0.0,2.0,59798.656
7905,46.25,143.75,53433.77958807167,True,0.0,2.0,140568.69
7906,46.25,146.25,53433.77958807113,False,,2.0,0.0
7907,46.25,148.75,53433.77958807113,False,,2.0,3706.844
7908,46.25,151.25,53433.77958807113,False,,2.0,1127.9963
7909,46.25,153.75,53433.77958807113,False,,2.0,77.40495
7910,46.25,156.25,53433.77958807113,False,,2.0,0.0
7911,46.25,158.75,53433.77958807113,False,,2.0,0.0
7912,46.25,161.25,53433.77958807113,False,,0.0,0.0
7913,46.25,163.75,53433.77958807113,False,,0.0,0.0
7914,46.25,166.25,53433.77958807167,False,,0.0,0.0
7915,46.25,168.75,53433.77958807113,False,,0.0,0.0
7916,46.25,171.25,53433.77958807113,False,,0.0,0.0
7917,46.25,173.75,53433.77958807113,False,,0.0,0.0
7918,46.25,176.25,53433.77958807113,False,,0.0,0.0
7919,46.25,178.75,53433.77958807113,False,,0.0,0.0
7920,48.75,-178.75,50948.19058263299,False,,0.0,0.0
7921,48.75,-176.25,50948.19058263299,False,,0.0,0.0
7922,48.75,-173.75,50948.19058263299,False,,0.0,0.0
7923,48.75,-171.25,50948.190582633506,False,,0.0,0.0
7924,48.75,-168.75,50948.19058263299,False,,0.0,0.0
7925,48.75,-166.25,50948.19058263299,False,,0.0,0.0
7926,48.75,-163.75,50948.19058263299,False,,0.0,0.0
7927,48.75,-161.25,50948.19058263299,False,,0.0,0.0
7928,48.75,-158.75,50948.19058263299,False,,0.0,0.0
7929,48.75,-156.25,50948.19058263299,False,,0.0,0.0
7930,48.75,-153.75,50948.19058263299,False,,0.0,0.0
7931,48.75,-151.25,50948.190582633506,False,,0.0,0.0
7932,48.75,-148.75,50948.19058263299,False,,0.0,0.0
7933,48.75,-146.25,50948.19058263299,False,,0.0,0.0
7934,48.75,-143.75,50948.19058263299,False,,0.0,0.0
7935,48.75,-141.25,50948.19058263299,False,,0.0,0.0
7936,48.75,-138.75,50948.19058263299,False,,0.0,0.0
7937,48.75,-136.25,50948.19058263299,False,,0.0,0.0
7938,48.75,-133.75,50948.19058263299,False,,0.0,0.0
7939,48.75,-131.25,50948.19058263299,False,,0.0,0.0
7940,48.75,-128.75,50948.19058263299,False,,0.0,0.0
7941,48.75,-126.25,50948.19058263299,True,0.0,0.0,53409.96
7942,48.75,-123.75,50948.19058263299,True,0.0,2.0,2208894.8
7943,48.75,-121.25,50948.19058263299,True,0.0,2.0,6780593.0
7944,48.75,-118.75,50948.19058263299,True,0.0,2.0,445092.4
7945,48.75,-116.25,50948.19058263403,True,0.0,2.0,996040.9
7946,48.75,-113.75,50948.19058263299,True,0.0,2.0,211070.6
7947,48.75,-111.25,50948.19058263299,True,0.0,2.0,293104.84
7948,48.75,-108.75,50948.19058263299,True,3.0,2.0,41856.953
7949,48.75,-106.25,50948.19058263299,True,3.0,2.0,36620.707
7950,48.75,-103.75,50948.19058263299,True,0.0,2.0,83637.95
7951,48.75,-101.25,50948.19058263299,True,3.0,2.0,174347.73
7952,48.75,-98.75,50948.19058263299,True,,2.0,179738.16
7953,48.75,-96.25,50948.19058263299,True,0.0,2.0,1115409.0
7954,48.75,-93.75,50948.19058263299,True,2.0,2.0,159589.53
7955,48.75,-91.25,50948.19058263299,True,0.0,2.0,103461.47
7956,48.75,-88.75,50948.19058263299,True,0.0,2.0,162943.12
7957,48.75,-86.25,50948.19058263299,True,0.0,2.0,14161.428
7958,48.75,-83.75,50948.19058263299,True,0.0,2.0,14669.781
7959,48.75,-81.25,50948.19058263299,True,-4.0,2.0,78280.22
7960,48.75,-78.75,50948.19058263299,True,0.0,2.0,125492.625
7961,48.75,-76.25,50948.19058263299,True,,2.0,49633.066
7962,48.75,-73.75,50948.19058263403,True,2.0,2.0,16602.967
7963,48.75,-71.25,50948.19058263299,True,0.0,2.0,367903.72
7964,48.75,-68.75,50948.19058263299,True,0.0,2.0,238781.31
7965,48.75,-66.25,50948.19058263299,True,0.0,2.0,204974.62
7966,48.75,-63.75,50948.19058263299,True,0.0,2.0,68615.875
7967,48.75,-61.25,50948.19058263299,True,,2.0,12346.002
7968,48.75,-58.75,50948.19058263299,True,0.0,2.0,34308.96
7969,48.75,-56.25,50948.19058263299,True,0.0,2.0,103116.29
7970,48.75,-53.75,50948.19058263299,True,2.0,2.0,136388.19
7971,48.75,-51.25,50948.19058263299,False,,2.0,214513.5
7972,48.75,-48.75,50948.19058263299,False,,0.0,0.0
7973,48.75,-46.25,50948.19058263299,False,,0.0,0.0
7974,48.75,-43.75,50948.19058263299,False,,0.0,0.0
7975,48.75,-41.25,50948.19058263299,False,,0.0,0.0
7976,48.75,-38.75,50948.19058263299,False,,0.0,0.0
7977,48.75,-36.25,50948.19058263299,False,,0.0,0.0
7978,48.75,-33.75,50948.19058263299,False,,0.0,0.0
7979,48.75,-31.25,50948.19058263299,False,,0.0,0.0
7980,48.75,-28.75,50948.19058263403,False,,0.0,0.0
7981,48.75,-26.25,50948.19058263299,False,,0.0,0.0
7982,48.75,-23.75,50948.19058263299,False,,0.0,0.0
7983,48.75,-21.25,50948.19058263299,False,,0.0,0.0
7984,48.75,-18.75,50948.19058263299,False,,0.0,0.0
7985,48.75,-16.25,50948.19058263299,False,,0.0,0.0
7986,48.75,-13.75,50948.19058263299,False,,2.0,0.0
7987,48.75,-11.25,50948.19058263299,False,,2.0,0.0
7988,48.75,-8.75,50948.19058263299,False,,2.0,0.0
7989,48.75,-6.25,50948.19058263299,False,0.0,2.0,4715.179
7990,48.75,-3.75,50948.19058263299,True,0.0,2.0,1514430.0
7991,48.75,-1.25,50948.19058263299,True,0.0,2.0,6180734.0
7992,48.75,1.25,50948.19058263305,True,0.0,2.0,5301739.5
7993,48.75,3.75,50948.19058263305,True,0.0,2.0,16266165.0
7994,48.75,6.25,50948.19058263304,True,0.0,2.0,5431860.0
7995,48.75,8.75,50948.190582633055,True,0.0,2.0,22078402.0
7996,48.75,11.25,50948.190582633055,True,0.0,2.0,9288397.0
7997,48.75,13.75,50948.190582633026,True,0.0,2.0,6944781.0
7998,48.75,16.25,50948.190582633055,True,0.0,2.0,6837604.0
7999,48.75,18.75,50948.190582633055,True,0.0,2.0,11937585.0
8000,48.75,21.25,50948.190582633055,True,0.0,2.0,5500852.0
8001,48.75,23.75,50948.190582633055,True,0.0,2.0,6639578.0
8002,48.75,26.25,50948.190582633055,True,0.0,2.0,3941778.5
8003,48.75,28.75,50948.19058263299,True,0.0,2.0,5295986.0
8004,48.75,31.25,50948.19058263312,True,0.0,2.0,1935588.0
8005,48.75,33.75,50948.19058263299,True,0.0,2.0,4637427.0
8006,48.75,36.25,50948.19058263312,True,2.0,2.0,3770919.0
8007,48.75,38.75,50948.19058263299,True,2.0,2.0,8429478.0
8008,48.75,41.25,50948.19058263312,True,0.0,2.0,1446765.0
8009,48.75,43.75,50948.19058263299,True,0.0,2.0,2081558.0
8010,48.75,46.25,50948.19058263312,True,0.0,2.0,296385.53
8011,48.75,48.75,50948.19058263299,True,0.0,2.0,158818.12
8012,48.75,51.25,50948.19058263312,True,0.0,2.0,120283.01
8013,48.75,53.75,50948.19058263299,True,2.0,2.0,247189.97
8014,48.75,56.25,50948.19058263299,True,2.0,2.0,58982.35
8015,48.75,58.75,50948.19058263299,True,0.0,2.0,107012.75
8016,48.75,61.25,50948.19058263325,True,0.0,2.0,32430.486
8017,48.75,63.75,50948.19058263299,True,0.0,2.0,43549.625
8018,48.75,66.25,50948.19058263299,True,0.0,2.0,55152.754
8019,48.75,68.75,50948.19058263299,True,0.0,2.0,73044.84
8020,48.75,71.25,50948.19058263325,True,0.0,2.0,42373.06
8021,48.75,73.75,50948.19058263299,True,3.0,2.0,507737.6
8022,48.75,76.25,50948.19058263299,True,0.0,2.0,91628.41
8023,48.75,78.75,50948.19058263299,True,0.0,2.0,274511.25
8024,48.75,81.25,50948.19058263299,True,0.0,2.0,126692.08
8025,48.75,83.75,50948.19058263325,True,0.0,2.0,385756.1
8026,48.75,86.25,50948.19058263299,True,2.0,2.0,220774.42
8027,48.75,88.75,50948.19058263299,True,0.0,2.0,389492.56
8028,48.75,91.25,50948.19058263299,True,0.0,2.0,83557.266
8029,48.75,93.75,50948.19058263325,True,,2.0,31442.652
8030,48.75,96.25,50948.19058263299,True,0.0,2.0,32550.164
8031,48.75,98.75,50948.19058263299,True,,2.0,50826.266
8032,48.75,101.25,50948.19058263299,True,0.0,2.0,106818.55
8033,48.75,103.75,50948.19058263325,True,0.0,2.0,191848.62
8034,48.75,106.25,50948.19058263299,True,0.0,2.0,1477466.8
8035,48.75,108.75,50948.19058263299,True,0.0,2.0,509366.16
8036,48.75,111.25,50948.19058263299,True,0.0,2.0,42000.03
8037,48.75,113.75,50948.19058263299,True,0.0,2.0,65293.14
8038,48.75,116.25,50948.19058263299,True,0.0,2.0,31447.629
8039,48.75,118.75,50948.19058263299,True,0.0,2.0,759737.56
8040,48.75,121.25,50948.190582633506,True,0.0,2.0,430020.4
8041,48.75,123.75,50948.19058263299,True,0.0,2.0,4430587.0
8042,48.75,126.25,50948.19058263299,True,0.0,2.0,4211612.0
8043,48.75,128.75,50948.19058263299,True,0.0,2.0,1798347.0
8044,48.75,131.25,50948.19058263299,True,0.0,2.0,1384865.9
8045,48.75,133.75,50948.19058263299,True,0.0,2.0,1053808.2
8046,48.75,136.25,50948.19058263299,True,0.0,2.0,538444.0
8047,48.75,138.75,50948.19058263299,True,-4.0,2.0,83180.43
8048,48.75,141.25,50948.19058263299,True,0.0,2.0,10327.83
8049,48.75,143.75,50948.190582633506,True,0.0,2.0,214480.47
8050,48.75,146.25,50948.19058263299,False,,2.0,0.0
8051,48.75,148.75,50948.19058263299,False,,2.0,0.0
8052,48.75,151.25,50948.19058263299,False,,2.0,0.0
8053,48.75,153.75,50948.19058263299,False,,2.0,724.9577
8054,48.75,156.25,50948.19058263299,False,,2.0,0.01107386
8055,48.75,158.75,50948.19058263299,False,,2.0,0.0
8056,48.75,161.25,50948.19058263299,False,,0.0,0.0
8057,48.75,163.75,50948.19058263299,False,,0.0,0.0
8058,48.75,166.25,50948.190582633506,False,,0.0,0.0
8059,48.75,168.75,50948.19058263299,False,,0.0,0.0
8060,48.75,171.25,50948.19058263299,False,,0.0,0.0
8061,48.75,173.75,50948.19058263299,False,,0.0,0.0
8062,48.75,176.25,50948.19058263299,False,,0.0,0.0
8063,48.75,178.75,50948.19058263299,False,,0.0,0.0
8064,51.25,-178.75,48365.61880071541,True,,2.0,0.0
8065,51.25,-176.25,48365.61880071541,False,,2.0,331.7873
8066,51.25,-173.75,48365.61880071541,False,,0.0,0.0
8067,51.25,-171.25,48365.61880071591,True,,0.0,0.0
8068,51.25,-168.75,48365.61880071541,False,,0.0,0.0
8069,51.25,-166.25,48365.61880071541,False,,0.0,0.0
8070,51.25,-163.75,48365.61880071541,False,,2.0,0.0
8071,51.25,-161.25,48365.61880071541,False,,2.0,0.0
8072,51.25,-158.75,48365.61880071541,False,,0.0,0.0
8073,51.25,-156.25,48365.61880071541,False,,0.0,0.0
8074,51.25,-153.75,48365.61880071541,False,,0.0,0.0
8075,51.25,-151.25,48365.61880071591,False,,0.0,0.0
8076,51.25,-148.75,48365.61880071541,False,,0.0,0.0
8077,51.25,-146.25,48365.61880071541,False,,0.0,0.0
8078,51.25,-143.75,48365.61880071541,False,,0.0,0.0
8079,51.25,-141.25,48365.61880071541,False,,0.0,0.0
8080,51.25,-138.75,48365.61880071541,False,,0.0,0.0
8081,51.25,-136.25,48365.61880071541,False,,0.0,0.0
8082,51.25,-133.75,48365.61880071541,False,,0.0,0.0
8083,51.25,-131.25,48365.61880071541,False,,0.0,0.02897747
8084,51.25,-128.75,48365.61880071541,True,0.0,2.0,72.90176
8085,51.25,-126.25,48365.61880071541,True,0.0,2.0,30138.88
8086,51.25,-123.75,48365.61880071541,True,0.0,2.0,3554.2617
8087,51.25,-121.25,48365.61880071541,True,0.0,2.0,166126.2
8088,51.25,-118.75,48365.61880071541,True,0.0,2.0,160550.2
8089,51.25,-116.25,48365.6188007164,True,0.0,2.0,45220.42
8090,51.25,-113.75,48365.61880071541,True,0.0,2.0,1692006.6
8091,51.25,-111.25,48365.61880071541,True,0.0,2.0,122531.45
8092,51.25,-108.75,48365.61880071541,True,0.0,2.0,23934.262
8093,51.25,-106.25,48365.61880071541,True,0.0,2.0,105640.586
8094,51.25,-103.75,48365.61880071541,True,0.0,2.0,287866.4
8095,51.25,-101.25,48365.61880071541,True,2.0,2.0,103871.57
8096,51.25,-98.75,48365.61880071541,True,3.0,2.0,39421.008
8097,51.25,-96.25,48365.61880071541,True,2.0,2.0,107906.7
8098,51.25,-93.75,48365.61880071541,True,3.0,2.0,5757.0073
8099,51.25,-91.25,48365.61880071541,True,0.0,2.0,6394.6694
8100,51.25,-88.75,48365.61880071541,True,0.0,2.0,500.32898
8101,51.25,-86.25,48365.61880071541,True,,2.0,910.18365
8102,51.25,-83.75,48365.61880071541,True,,2.0,5.199894
8103,51.25,-81.25,48365.61880071541,True,0.0,2.0,3809.3472
8104,51.25,-78.75,48365.61880071541,True,,,2491.7769
8105,51.25,-76.25,48365.61880071541,True,,,935.59625
8106,51.25,-73.75,48365.6188007164,True,,,3892.3108
8107,51.25,-71.25,48365.61880071541,True,,,40.775738
8108,51.25,-68.75,48365.61880071541,True,,0.0,16.091835
8109,51.25,-66.25,48365.61880071541,True,,0.0,36091.637
8110,51.25,-63.75,48365.61880071541,True,0.0,0.0,4691.944
8111,51.25,-61.25,48365.61880071541,True,0.0,0.0,2659.3818
8112,51.25,-58.75,48365.61880071541,True,0.0,0.0,1937.7391
8113,51.25,-56.25,48365.61880071541,True,0.0,0.0,15319.4795
8114,51.25,-53.75,48365.61880071541,False,,0.0,0.0
8115,51.25,-51.25,48365.61880071541,False,,0.0,0.0
8116,51.25,-48.75,48365.61880071541,False,,0.0,0.0
8117,51.25,-46.25,48365.61880071541,False,,0.0,0.0
8118,51.25,-43.75,48365.61880071541,False,,0.0,0.0
8119,51.25,-41.25,48365.61880071541,False,,0.0,0.0
8120,51.25,-38.75,48365.61880071541,False,,0.0,0.0
8121,51.25,-36.25,48365.61880071541,False,,0.0,0.0
8122,51.25,-33.75,48365.61880071541,False,,0.0,0.0
8123,51.25,-31.25,48365.61880071541,False,,0.0,0.0
8124,51.25,-28.75,48365.6188007164,False,,0.0,0.0
8125,51.25,-26.25,48365.61880071541,False,,0.0,0.0
8126,51.25,-23.75,48365.61880071541,False,,0.0,0.0
8127,51.25,-21.25,48365.61880071541,False,,0.0,0.0
8128,51.25,-18.75,48365.61880071541,False,,0.0,0.0
8129,51.25,-16.25,48365.61880071541,False,,0.0,0.0
8130,51.25,-13.75,48365.61880071541,False,,0.0,0.0
8131,51.25,-11.25,48365.61880071541,True,2.0,0.0,7429.005
8132,51.25,-8.75,48365.61880071541,True,0.0,2.0,486239.56
8133,51.25,-6.25,48365.61880071541,True,0.0,2.0,337551.5
8134,51.25,-3.75,48365.61880071541,True,0.0,2.0,3752349.5
8135,51.25,-1.25,48365.61880071541,True,0.0,2.0,19047116.0
8136,51.25,1.25,48365.61880071546,True,0.0,2.0,6904593.0
8137,51.25,3.75,48365.61880071546,True,0.0,2.0,15886525.0
8138,51.25,6.25,48365.618800715456,True,0.0,2.0,13398599.0
8139,51.25,8.75,48365.61880071548,True,0.0,2.0,15253378.0
8140,51.25,11.25,48365.61880071548,True,0.0,2.0,3719425.5
8141,51.25,13.75,48365.61880071544,True,0.0,2.0,8362215.0
8142,51.25,16.25,48365.61880071548,True,0.0,2.0,4359838.5
8143,51.25,18.75,48365.61880071548,True,0.0,2.0,9004846.0
8144,51.25,21.25,48365.61880071548,True,0.0,2.0,3890718.2
8145,51.25,23.75,48365.61880071548,True,3.0,2.0,3538249.5
8146,51.25,26.25,48365.61880071548,True,0.0,2.0,1818271.0
8147,51.25,28.75,48365.61880071541,True,0.0,2.0,1546853.0
8148,51.25,31.25,48365.618800715536,True,2.0,2.0,4512149.0
8149,51.25,33.75,48365.61880071541,True,0.0,2.0,1619986.2
8150,51.25,36.25,48365.618800715536,True,2.0,2.0,2433527.0
8151,51.25,38.75,48365.61880071541,True,2.0,2.0,2524180.0
8152,51.25,41.25,48365.618800715536,True,0.0,2.0,576521.5
8153,51.25,43.75,48365.61880071541,True,0.0,2.0,713353.8
8154,51.25,46.25,48365.618800715536,True,2.0,2.0,1486973.1
8155,51.25,48.75,48365.61880071541,True,2.0,2.0,452184.72
8156,51.25,51.25,48365.618800715536,True,3.0,2.0,357899.88
8157,51.25,53.75,48365.61880071541,True,3.0,2.0,268965.2
8158,51.25,56.25,48365.61880071541,True,0.0,2.0,743727.9
8159,51.25,58.75,48365.61880071541,True,0.0,2.0,1086906.8
8160,51.25,61.25,48365.61880071566,True,0.0,2.0,70361.64
8161,51.25,63.75,48365.61880071541,True,,2.0,34683.36
8162,51.25,66.25,48365.61880071541,True,2.0,2.0,38218.797
8163,51.25,68.75,48365.61880071541,True,3.0,2.0,87040.36
8164,51.25,71.25,48365.61880071566,True,3.0,2.0,1294661.4
8165,51.25,73.75,48365.61880071541,True,3.0,2.0,554120.94
8166,51.25,76.25,48365.61880071541,True,3.0,2.0,91390.57
8167,51.25,78.75,48365.61880071541,True,0.0,2.0,167994.47
8168,51.25,81.25,48365.61880071541,True,2.0,2.0,389330.4
8169,51.25,83.75,48365.61880071566,True,0.0,2.0,295317.94
8170,51.25,86.25,48365.61880071541,True,0.0,2.0,155627.34
8171,51.25,88.75,48365.61880071541,True,0.0,2.0,43827.11
8172,51.25,91.25,48365.61880071541,True,0.0,2.0,67752.086
8173,51.25,93.75,48365.61880071566,True,,2.0,202717.42
8174,51.25,96.25,48365.61880071541,True,0.0,2.0,21447.297
8175,51.25,98.75,48365.61880071541,True,,2.0,19085.16
8176,51.25,101.25,48365.61880071541,True,0.0,2.0,18196.531
8177,51.25,103.75,48365.61880071566,True,0.0,2.0,143404.55
8178,51.25,106.25,48365.61880071541,True,0.0,2.0,169019.83
8179,51.25,108.75,48365.61880071541,True,0.0,2.0,588852.4
8180,51.25,111.25,48365.61880071541,True,0.0,2.0,46131.812
8181,51.25,113.75,48365.61880071541,True,0.0,2.0,189339.06
8182,51.25,116.25,48365.61880071541,True,0.0,2.0,154703.6
8183,51.25,118.75,48365.61880071541,True,0.0,2.0,139982.88
8184,51.25,121.25,48365.61880071591,True,,2.0,164506.5
8185,51.25,123.75,48365.61880071541,True,,2.0,350842.53
8186,51.25,126.25,48365.61880071541,True,0.0,2.0,79070.84
8187,51.25,128.75,48365.61880071541,True,0.0,2.0,643378.3
8188,51.25,131.25,48365.61880071541,True,0.0,2.0,26319.828
8189,51.25,133.75,48365.61880071541,True,0.0,2.0,31373.477
8190,51.25,136.25,48365.61880071541,True,0.0,2.0,186725.25
8191,51.25,138.75,48365.61880071541,True,,2.0,144813.72
8192,51.25,141.25,48365.61880071541,True,0.0,2.0,10335.682
8193,51.25,143.75,48365.61880071591,True,3.0,2.0,38311.523
8194,51.25,146.25,48365.61880071541,False,,2.0,0.0
8195,51.25,148.75,48365.61880071541,False,,2.0,0.0
8196,51.25,151.25,48365.61880071541,False,,2.0,0.0
8197,51.25,153.75,48365.61880071541,False,,2.0,5.176922
8198,51.25,156.25,48365.61880071541,True,0.0,2.0,3189.1147
8199,51.25,158.75,48365.61880071541,True,,2.0,4984.4575
8200,51.25,161.25,48365.61880071541,False,,2.0,0.0
8201,51.25,163.75,48365.61880071541,False,,2.0,0.0
8202,51.25,166.25,48365.61880071591,False,,2.0,0.0
8203,51.25,168.75,48365.61880071541,False,,2.0,0.0
8204,51.25,171.25,48365.61880071541,False,,2.0,0.0
8205,51.25,173.75,48365.61880071541,True,,2.0,0.0
8206,51.25,176.25,48365.61880071541,False,,2.0,0.0
8207,51.25,178.75,48365.61880071541,False,,2.0,0.0
8208,53.75,-178.75,45690.98031448842,False,,2.0,0.0
8209,53.75,-176.25,45690.98031448842,False,,2.0,0.0
8210,53.75,-173.75,45690.98031448842,False,,0.0,62.0829
8211,53.75,-171.25,45690.98031448889,True,,0.0,0.0
8212,53.75,-168.75,45690.98031448842,True,,0.0,18.319544
8213,53.75,-166.25,45690.98031448842,True,,0.0,5649.758
8214,53.75,-163.75,45690.98031448842,True,,2.0,40.76196
8215,53.75,-161.25,45690.98031448842,True,,2.0,0.0
8216,53.75,-158.75,45690.98031448842,True,,0.0,0.0
8217,53.75,-156.25,45690.98031448842,False,,0.0,0.0
8218,53.75,-153.75,45690.98031448842,False,,0.0,0.0
8219,53.75,-151.25,45690.98031448889,False,,0.0,0.0
8220,53.75,-148.75,45690.98031448842,False,,0.0,0.0
8221,53.75,-146.25,45690.98031448842,False,,0.0,0.0
8222,53.75,-143.75,45690.98031448842,False,,0.0,0.0
8223,53.75,-141.25,45690.98031448842,False,,0.0,0.0
8224,53.75,-138.75,45690.98031448842,False,,0.0,0.0
8225,53.75,-136.25,45690.98031448842,False,,0.0,0.0
8226,53.75,-133.75,45690.98031448842,True,0.0,0.0,6.886377
8227,53.75,-131.25,45690.98031448842,True,-4.0,0.0,17179.428
8228,53.75,-128.75,45690.98031448842,True,0.0,2.0,28111.95
8229,53.75,-126.25,45690.98031448842,True,0.0,2.0,26961.076
8230,53.75,-123.75,45690.98031448842,True,-4.0,2.0,19462.492
8231,53.75,-121.25,45690.98031448842,True,0.0,2.0,130009.82
8232,53.75,-118.75,45690.98031448842,True,0.0,2.0,12042.116
8233,53.75,-116.25,45690.98031448935,True,0.0,2.0,59164.32
8234,53.75,-113.75,45690.98031448842,True,0.0,2.0,1747279.8
8235,53.75,-111.25,45690.98031448842,True,0.0,2.0,227244.88
8236,53.75,-108.75,45690.98031448842,True,0.0,2.0,85796.8
8237,53.75,-106.25,45690.98031448842,True,2.0,2.0,421863.97
8238,53.75,-103.75,45690.98031448842,True,0.0,2.0,43848.496
8239,53.75,-101.25,45690.98031448842,True,2.0,2.0,39858.434
8240,53.75,-98.75,45690.98031448842,True,3.0,2.0,2806.2034
8241,53.75,-96.25,45690.98031448842,True,,2.0,16669.914
8242,53.75,-93.75,45690.98031448842,True,,2.0,13194.083
8243,53.75,-91.25,45690.98031448842,True,,2.0,810.43
8244,53.75,-88.75,45690.98031448842,True,0.0,2.0,786.0795
8245,53.75,-86.25,45690.98031448842,True,,2.0,193.8111
8246,53.75,-83.75,45690.98031448842,True,,2.0,0.0
8247,53.75,-81.25,45690.98031448842,True,,2.0,1742.3983
8248,53.75,-78.75,45690.98031448842,True,2.0,,7480.1475
8249,53.75,-76.25,45690.98031448842,True,,,305.2838
8250,53.75,-73.75,45690.98031448935,True,,,0.0
8251,53.75,-71.25,45690.98031448842,True,,,0.7015429
8252,53.75,-68.75,45690.98031448842,True,,0.0,0.0
8253,53.75,-66.25,45690.98031448842,True,0.0,0.0,13760.265
8254,53.75,-63.75,45690.98031448842,True,,0.0,649.0524
8255,53.75,-61.25,45690.98031448842,True,0.0,0.0,9587.934
8256,53.75,-58.75,45690.98031448842,True,,0.0,602.66516
8257,53.75,-56.25,45690.98031448842,True,0.0,0.0,2220.0972
8258,53.75,-53.75,45690.98031448842,False,,0.0,0.0
8259,53.75,-51.25,45690.98031448842,False,,0.0,0.0
8260,53.75,-48.75,45690.98031448842,False,,0.0,0.0
8261,53.75,-46.25,45690.98031448842,False,,0.0,0.0
8262,53.75,-43.75,45690.98031448842,False,,0.0,0.0
8263,53.75,-41.25,45690.98031448842,False,,0.0,0.0
8264,53.75,-38.75,45690.98031448842,False,,0.0,0.0
8265,53.75,-36.25,45690.98031448842,False,,0.0,0.0
8266,53.75,-33.75,45690.98031448842,False,,0.0,0.0
8267,53.75,-31.25,45690.98031448842,False,,0.0,0.0
8268,53.75,-28.75,45690.98031448935,False,,0.0,0.0
8269,53.75,-26.25,45690.98031448842,False,,0.0,0.0
8270,53.75,-23.75,45690.98031448842,False,,0.0,0.0
8271,53.75,-21.25,45690.98031448842,False,,0.0,0.0
8272,53.75,-18.75,45690.98031448842,False,,0.0,0.0
8273,53.75,-16.25,45690.98031448842,False,,0.0,0.0
8274,53.75,-13.75,45690.98031448842,False,,0.0,0.0
8275,53.75,-11.25,45690.98031448842,False,,0.0,19307.178
8276,53.75,-8.75,45690.98031448842,True,3.0,2.0,1317005.8
8277,53.75,-6.25,45690.98031448842,True,0.0,2.0,5367663.5
8278,53.75,-3.75,45690.98031448842,True,0.0,2.0,1961630.9
8279,53.75,-1.25,45690.98031448842,True,0.0,2.0,25953894.0
8280,53.75,1.25,45690.98031448847,True,0.0,2.0,2294677.8
8281,53.75,3.75,45690.98031448847,True,2.0,2.0,4149597.8
8282,53.75,6.25,45690.980314488465,True,0.0,2.0,5987524.0
8283,53.75,8.75,45690.98031448848,True,0.0,2.0,9736324.0
8284,53.75,11.25,45690.98031448848,True,0.0,2.0,5328817.5
8285,53.75,13.75,45690.98031448845,True,0.0,2.0,7147590.5
8286,53.75,16.25,45690.98031448848,True,2.0,2.0,2868582.5
8287,53.75,18.75,45690.98031448848,True,0.0,2.0,6675743.0
8288,53.75,21.25,45690.98031448848,True,3.0,2.0,5614748.5
8289,53.75,23.75,45690.98031448848,True,3.0,2.0,3668606.8
8290,53.75,26.25,45690.98031448848,True,3.0,2.0,1912546.4
8291,53.75,28.75,45690.98031448842,True,0.0,2.0,4020655.8
8292,53.75,31.25,45690.980314488545,True,3.0,2.0,1789757.2
8293,53.75,33.75,45690.98031448842,True,3.0,2.0,1825479.2
8294,53.75,36.25,45690.980314488545,True,2.0,2.0,1441413.1
8295,53.75,38.75,45690.98031448842,True,2.0,2.0,3746897.0
8296,53.75,41.25,45690.980314488545,True,2.0,2.0,1146432.1
8297,53.75,43.75,45690.98031448842,True,0.0,2.0,1308920.2
8298,53.75,46.25,45690.980314488545,True,0.0,2.0,1438015.9
8299,53.75,48.75,45690.98031448842,True,2.0,2.0,2941438.5
8300,53.75,51.25,45690.980314488545,True,2.0,2.0,1817869.6
8301,53.75,53.75,45690.98031448842,True,0.0,2.0,1412459.5
8302,53.75,56.25,45690.98031448842,True,0.0,2.0,2276780.2
8303,53.75,58.75,45690.98031448842,True,0.0,2.0,1217170.5
8304,53.75,61.25,45690.980314488654,True,0.0,2.0,642451.9
8305,53.75,63.75,45690.98031448842,True,3.0,2.0,664144.06
8306,53.75,66.25,45690.98031448842,True,3.0,2.0,118966.94
8307,53.75,68.75,45690.98031448842,True,3.0,2.0,504484.88
8308,53.75,71.25,45690.980314488654,True,3.0,2.0,198507.12
8309,53.75,73.75,45690.98031448842,True,3.0,2.0,1042126.2
8310,53.75,76.25,45690.98031448842,True,3.0,2.0,259132.34
8311,53.75,78.75,45690.98031448842,True,2.0,2.0,604027.1
8312,53.75,81.25,45690.98031448842,True,3.0,2.0,290202.44
8313,53.75,83.75,45690.980314488654,True,2.0,2.0,2331753.2
8314,53.75,86.25,45690.98031448842,True,2.0,2.0,1047595.3
8315,53.75,88.75,45690.98031448842,True,0.0,2.0,898269.25
8316,53.75,91.25,45690.98031448842,True,2.0,2.0,560525.06
8317,53.75,93.75,45690.980314488654,True,0.0,2.0,117687.195
8318,53.75,96.25,45690.98031448842,True,2.0,2.0,41539.535
8319,53.75,98.75,45690.98031448842,True,2.0,2.0,58807.49
8320,53.75,101.25,45690.98031448842,True,2.0,2.0,122207.766
8321,53.75,103.75,45690.980314488654,True,0.0,2.0,1235216.9
8322,53.75,106.25,45690.98031448842,True,0.0,2.0,84635.95
8323,53.75,108.75,45690.98031448842,True,0.0,2.0,72336.33
8324,53.75,111.25,45690.98031448842,True,0.0,2.0,40803.195
8325,53.75,113.75,45690.98031448842,True,0.0,2.0,316508.7
8326,53.75,116.25,45690.98031448842,True,0.0,2.0,51429.293
8327,53.75,118.75,45690.98031448842,True,0.0,2.0,60067.43
8328,53.75,121.25,45690.98031448889,True,2.0,2.0,30353.715
8329,53.75,123.75,45690.98031448842,True,2.0,2.0,222242.62
8330,53.75,126.25,45690.98031448842,True,0.0,2.0,63783.45
8331,53.75,128.75,45690.98031448842,True,0.0,2.0,51301.547
8332,53.75,131.25,45690.98031448842,True,,2.0,7595.8877
8333,53.75,133.75,45690.98031448842,True,0.0,2.0,8653.594
8334,53.75,136.25,45690.98031448842,True,0.0,2.0,2695.6682
8335,53.75,138.75,45690.98031448842,True,2.0,2.0,19666.861
8336,53.75,141.25,45690.98031448842,True,0.0,2.0,24879.127
8337,53.75,143.75,45690.98031448889,True,0.0,2.0,23002.193
8338,53.75,146.25,45690.98031448842,False,,2.0,0.0
8339,53.75,148.75,45690.98031448842,False,,2.0,0.0
8340,53.75,151.25,45690.98031448842,False,,2.0,0.0
8341,53.75,153.75,45690.98031448842,False,,2.0,0.0
8342,53.75,156.25,45690.98031448842,True,0.0,2.0,4521.238
8343,53.75,158.75,45690.98031448842,True,0.0,2.0,224433.4
8344,53.75,161.25,45690.98031448842,True,,2.0,10100.57
8345,53.75,163.75,45690.98031448842,False,,2.0,247.8528
8346,53.75,166.25,45690.98031448889,True,,2.0,204.7238
8347,53.75,168.75,45690.98031448842,False,,2.0,97.70194
8348,53.75,171.25,45690.98031448842,False,,2.0,0.0
8349,53.75,173.75,45690.98031448842,True,,2.0,202.5328
8350,53.75,176.25,45690.98031448842,False,,2.0,0.0
8351,53.75,178.75,45690.98031448842,False,,2.0,0.0
8352,56.25,-178.75,42929.36645032728,False,,2.0,0.0
8353,56.25,-176.25,42929.36645032728,False,,2.0,0.0
8354,56.25,-173.75,42929.36645032728,False,,0.0,0.0
8355,56.25,-171.25,42929.36645032771,False,,0.0,0.0
8356,56.25,-168.75,42929.36645032728,False,,2.0,103.8108
8357,56.25,-166.25,42929.36645032728,False,,2.0,0.0
8358,56.25,-163.75,42929.36645032728,True,2.0,2.0,0.0
8359,56.25,-161.25,42929.36645032728,True,,2.0,2421.2607
8360,56.25,-158.75,42929.36645032728,True,,2.0,415.1311
8361,56.25,-156.25,42929.36645032728,True,,2.0,0.0
8362,56.25,-153.75,42929.36645032728,True,,0.0,71.52455
8363,56.25,-151.25,42929.36645032771,True,,0.0,0.0
8364,56.25,-148.75,42929.36645032728,False,,0.0,0.0
8365,56.25,-146.25,42929.36645032728,False,,0.0,0.0
8366,56.25,-143.75,42929.36645032728,False,,0.0,0.0
8367,56.25,-141.25,42929.36645032728,False,,0.0,0.0
8368,56.25,-138.75,42929.36645032728,False,,0.0,0.0
8369,56.25,-136.25,42929.36645032728,True,0.0,0.0,18.81912
8370,56.25,-133.75,42929.36645032728,True,0.0,0.0,2913.7834
8371,56.25,-131.25,42929.36645032728,True,0.0,0.0,20750.148
8372,56.25,-128.75,42929.36645032728,True,0.0,2.0,3159.1375
8373,56.25,-126.25,42929.36645032728,True,0.0,2.0,4745.9634
8374,56.25,-123.75,42929.36645032728,True,0.0,2.0,3765.586
8375,56.25,-121.25,42929.36645032728,True,0.0,2.0,62726.543
8376,56.25,-118.75,42929.36645032728,True,0.0,2.0,117249.484
8377,56.25,-116.25,42929.366450328154,True,0.0,2.0,47239.36
8378,56.25,-113.75,42929.36645032728,True,0.0,2.0,14677.881
8379,56.25,-111.25,42929.36645032728,True,0.0,2.0,100729.32
8380,56.25,-108.75,42929.36645032728,True,,2.0,8470.19
8381,56.25,-106.25,42929.36645032728,True,,2.0,12295.883
8382,56.25,-103.75,42929.36645032728,True,0.0,2.0,3918.053
8383,56.25,-101.25,42929.36645032728,True,0.0,2.0,7528.9917
8384,56.25,-98.75,42929.36645032728,True,,,3730.3613
8385,56.25,-96.25,42929.36645032728,True,,,17983.574
8386,56.25,-93.75,42929.36645032728,True,2.0,2.0,1661.845
8387,56.25,-91.25,42929.36645032728,True,,2.0,1073.2032
8388,56.25,-88.75,42929.36645032728,True,,,0.0
8389,56.25,-86.25,42929.36645032728,True,,,273.1347
8390,56.25,-83.75,42929.36645032728,True,,,0.0
8391,56.25,-81.25,42929.36645032728,True,,,0.0
8392,56.25,-78.75,42929.36645032728,True,0.0,2.0,924.0699
8393,56.25,-76.25,42929.36645032728,True,,2.0,2228.4126
8394,56.25,-73.75,42929.366450328154,True,,,0.0
8395,56.25,-71.25,42929.36645032728,True,,,0.0
8396,56.25,-68.75,42929.36645032728,True,,0.0,0.0
8397,56.25,-66.25,42929.36645032728,True,,0.0,0.033037033
8398,56.25,-63.75,42929.36645032728,True,,0.0,0.004033583
8399,56.25,-61.25,42929.36645032728,True,0.0,0.0,2959.111
8400,56.25,-58.75,42929.36645032728,True,,,417.4715
8401,56.25,-56.25,42929.36645032728,False,,,0.0
8402,56.25,-53.75,42929.36645032728,False,,0.0,0.0
8403,56.25,-51.25,42929.36645032728,False,,0.0,0.0
8404,56.25,-48.75,42929.36645032728,False,,0.0,0.0
8405,56.25,-46.25,42929.36645032728,False,,0.0,0.0
8406,56.25,-43.75,42929.36645032728,False,,0.0,0.0
8407,56.25,-41.25,42929.36645032728,False,,0.0,0.0
8408,56.25,-38.75,42929.36645032728,False,,0.0,0.0
8409,56.25,-36.25,42929.36645032728,False,,0.0,0.0
8410,56.25,-33.75,42929.36645032728,False,,0.0,0.0
8411,56.25,-31.25,42929.36645032728,False,,0.0,0.0
8412,56.25,-28.75,42929.366450328154,False,,0.0,0.0
8413,56.25,-26.25,42929.36645032728,False,,0.0,0.0
8414,56.25,-23.75,42929.36645032728,False,,0.0,0.0
8415,56.25,-21.25,42929.36645032728,False,,0.0,0.0
8416,56.25,-18.75,42929.36645032728,False,,0.0,0.0
8417,56.25,-16.25,42929.36645032728,False,,0.0,0.0
8418,56.25,-13.75,42929.36645032728,False,,0.0,0.0
8419,56.25,-11.25,42929.36645032728,False,,0.0,0.0
8420,56.25,-8.75,42929.36645032728,True,2.0,2.0,12986.78
8421,56.25,-6.25,42929.36645032728,True,2.0,2.0,327985.03
8422,56.25,-3.75,42929.36645032728,True,3.0,2.0,4000207.0
8423,56.25,-1.25,42929.36645032728,True,0.0,2.0,1037073.94
8424,56.25,1.25,42929.366450327325,False,,2.0,0.0
8425,56.25,3.75,42929.366450327325,False,,2.0,0.0
8426,56.25,6.25,42929.36645032732,False,,2.0,0.0
8427,56.25,8.75,42929.36645032733,True,2.0,2.0,1648910.5
8428,56.25,11.25,42929.36645032733,True,0.0,2.0,1529600.5
8429,56.25,13.75,42929.3664503273,True,2.0,2.0,3918243.8
8430,56.25,16.25,42929.36645032733,True,2.0,2.0,251490.6
8431,56.25,18.75,42929.36645032733,True,2.0,2.0,595.8814
8432,56.25,21.25,42929.36645032733,True,2.0,2.0,571774.6
8433,56.25,23.75,42929.36645032733,True,3.0,2.0,1905447.6
8434,56.25,26.25,42929.36645032733,True,3.0,2.0,604050.0
8435,56.25,28.75,42929.36645032728,True,3.0,2.0,608151.9
8436,56.25,31.25,42929.36645032738,True,3.0,2.0,625248.44
8437,56.25,33.75,42929.36645032728,True,3.0,2.0,426587.34
8438,56.25,36.25,42929.36645032738,True,3.0,2.0,1687078.8
8439,56.25,38.75,42929.36645032728,True,2.0,2.0,19789882.0
8440,56.25,41.25,42929.36645032738,True,0.0,2.0,1326540.8
8441,56.25,43.75,42929.36645032728,True,2.0,2.0,2696829.2
8442,56.25,46.25,42929.36645032738,True,0.0,2.0,440011.72
8443,56.25,48.75,42929.36645032728,True,3.0,2.0,3059683.5
8444,56.25,51.25,42929.36645032738,True,2.0,2.0,846429.9
8445,56.25,53.75,42929.36645032728,True,2.0,2.0,2294155.2
8446,56.25,56.25,42929.36645032728,True,2.0,2.0,416974.3
8447,56.25,58.75,42929.36645032728,True,2.0,2.0,719206.44
8448,56.25,61.25,42929.3664503275,True,2.0,2.0,3447895.5
8449,56.25,63.75,42929.36645032728,True,3.0,2.0,467239.75
8450,56.25,66.25,42929.36645032728,True,2.0,2.0,563266.4
8451,56.25,68.75,42929.36645032728,True,3.0,2.0,379652.94
8452,56.25,71.25,42929.3664503275,True,3.0,2.0,118197.66
8453,56.25,73.75,42929.36645032728,True,3.0,2.0,624195.9
8454,56.25,76.25,42929.36645032728,True,3.0,2.0,104218.33
8455,56.25,78.75,42929.36645032728,True,3.0,2.0,135712.73
8456,56.25,81.25,42929.36645032728,True,3.0,2.0,54734.33
8457,56.25,83.75,42929.3664503275,True,3.0,2.0,1418896.2
8458,56.25,86.25,42929.36645032728,True,3.0,2.0,1192889.5
8459,56.25,88.75,42929.36645032728,True,2.0,2.0,252654.45
8460,56.25,91.25,42929.36645032728,True,2.0,2.0,256798.5
8461,56.25,93.75,42929.3664503275,True,2.0,2.0,1331731.2
8462,56.25,96.25,42929.36645032728,True,3.0,2.0,189444.72
8463,56.25,98.75,42929.36645032728,True,2.0,2.0,90300.33
8464,56.25,101.25,42929.36645032728,True,2.0,2.0,270689.53
8465,56.25,103.75,42929.3664503275,True,,2.0,64844.945
8466,56.25,106.25,42929.36645032728,True,2.0,2.0,27894.113
8467,56.25,108.75,42929.36645032728,True,0.0,2.0,41891.99
8468,56.25,111.25,42929.36645032728,True,,2.0,10803.589
8469,56.25,113.75,42929.36645032728,True,2.0,2.0,14361.117
8470,56.25,116.25,42929.36645032728,True,3.0,2.0,7492.464
8471,56.25,118.75,42929.36645032728,True,3.0,2.0,6018.5146
8472,56.25,121.25,42929.36645032771,True,3.0,2.0,3762.6064
8473,56.25,123.75,42929.36645032728,True,3.0,2.0,48865.58
8474,56.25,126.25,42929.36645032728,True,,2.0,16689.648
8475,56.25,128.75,42929.36645032728,True,,2.0,25880.033
8476,56.25,131.25,42929.36645032728,True,0.0,2.0,10939.987
8477,56.25,133.75,42929.36645032728,True,,2.0,1102.2039
8478,56.25,136.25,42929.36645032728,True,,2.0,334.80212
8479,56.25,138.75,42929.36645032728,True,0.0,2.0,114.754425
8480,56.25,141.25,42929.36645032728,False,,2.0,0.0
8481,56.25,143.75,42929.36645032771,False,,2.0,0.2675163
8482,56.25,146.25,42929.36645032728,False,,2.0,0.0
8483,56.25,148.75,42929.36645032728,False,,2.0,0.0
8484,56.25,151.25,42929.36645032728,False,,2.0,0.0
8485,56.25,153.75,42929.36645032728,False,,2.0,0.0
8486,56.25,156.25,42929.36645032728,True,0.0,2.0,1288.9054
8487,56.25,158.75,42929.36645032728,True,,2.0,6518.4795
8488,56.25,161.25,42929.36645032728,True,0.0,2.0,8462.091
8489,56.25,163.75,42929.36645032728,True,,2.0,1600.7761
8490,56.25,166.25,42929.36645032771,True,0.0,2.0,288.22757
8491,56.25,168.75,42929.36645032728,False,,2.0,0.0
8492,56.25,171.25,42929.36645032728,False,,2.0,0.0
8493,56.25,173.75,42929.36645032728,False,,2.0,0.0
8494,56.25,176.25,42929.36645032728,False,,2.0,0.0
8495,56.25,178.75,42929.36645032728,False,,2.0,0.0
8496,58.75,-178.75,40086.034097182106,False,,2.0,0.0
8497,58.75,-176.25,40086.034097182106,False,,2.0,0.0
8498,58.75,-173.75,40086.034097182106,False,,0.0,0.0
8499,58.75,-171.25,40086.03409718251,False,,0.0,487.5035
8500,58.75,-168.75,40086.034097182106,False,,2.0,0.0
8501,58.75,-166.25,40086.034097182106,True,,2.0,0.0
8502,58.75,-163.75,40086.034097182106,True,,2.0,1017.8537
8503,58.75,-161.25,40086.034097182106,True,,2.0,2381.9385
8504,58.75,-158.75,40086.034097182106,True,,2.0,3071.6262
8505,58.75,-156.25,40086.034097182106,True,2.0,2.0,1894.9463
8506,58.75,-153.75,40086.034097182106,True,3.0,0.0,720.48193
8507,58.75,-151.25,40086.03409718251,True,2.0,0.0,14490.613
8508,58.75,-148.75,40086.034097182106,True,,0.0,23.87627
8509,58.75,-146.25,40086.034097182106,True,,0.0,0.0
8510,58.75,-143.75,40086.034097182106,True,,0.0,0.0
8511,58.75,-141.25,40086.034097182106,True,,0.0,0.0
8512,58.75,-138.75,40086.034097182106,True,0.0,0.0,542.74835
8513,58.75,-136.25,40086.034097182106,True,0.0,0.0,14009.482
8514,58.75,-133.75,40086.034097182106,True,3.0,0.0,32658.166
8515,58.75,-131.25,40086.034097182106,True,2.0,0.0,524.537
8516,58.75,-128.75,40086.034097182106,True,0.0,2.0,627.8792
8517,58.75,-126.25,40086.034097182106,True,0.0,2.0,299.8326
8518,58.75,-123.75,40086.034097182106,True,0.0,2.0,131.86674
8519,58.75,-121.25,40086.034097182106,True,,2.0,4812.706
8520,58.75,-118.75,40086.034097182106,True,,2.0,2051.926
8521,58.75,-116.25,40086.03409718293,True,0.0,2.0,19557.15
8522,58.75,-113.75,40086.034097182106,True,,2.0,2959.0593
8523,58.75,-111.25,40086.034097182106,True,0.0,2.0,3098.5872
8524,58.75,-108.75,40086.034097182106,True,2.0,2.0,87.5191
8525,58.75,-106.25,40086.034097182106,True,,2.0,2558.9646
8526,58.75,-103.75,40086.034097182106,True,,2.0,1445.692
8527,58.75,-101.25,40086.034097182106,True,,2.0,1519.2148
8528,58.75,-98.75,40086.034097182106,True,,,345.0533
8529,58.75,-96.25,40086.034097182106,True,,,0.0
8530,58.75,-93.75,40086.034097182106,True,0.0,2.0,873.9199
8531,58.75,-91.25,40086.034097182106,True,,2.0,0.0
8532,58.75,-88.75,40086.034097182106,False,,,0.0
8533,58.75,-86.25,40086.034097182106,False,,,0.0
8534,58.75,-83.75,40086.034097182106,False,,,0.0
8535,58.75,-81.25,40086.034097182106,False,,,0.0
8536,58.75,-78.75,40086.034097182106,True,3.0,2.0,1801.911
8537,58.75,-76.25,40086.034097182106,True,,2.0,0.0
8538,58.75,-73.75,40086.03409718293,True,,,0.0
8539,58.75,-71.25,40086.034097182106,True,,,0.0
8540,58.75,-68.75,40086.034097182106,True,2.0,0.0,3241.6345
8541,58.75,-66.25,40086.034097182106,True,,0.0,986.1429
8542,58.75,-63.75,40086.034097182106,True,,0.0,0.0
8543,58.75,-61.25,40086.034097182106,True,,0.0,0.0
8544,58.75,-58.75,40086.034097182106,False,,,0.0
8545,58.75,-56.25,40086.034097182106,False,,,0.0
8546,58.75,-53.75,40086.034097182106,False,,0.0,0.0
8547,58.75,-51.25,40086.034097182106,False,,0.0,0.0
8548,58.75,-48.75,40086.034097182106,False,,0.0,0.0
8549,58.75,-46.25,40086.034097182106,False,,0.0,0.0
8550,58.75,-43.75,40086.034097182106,True,,0.0,4.97485
8551,58.75,-41.25,40086.034097182106,False,,0.0,0.0
8552,58.75,-38.75,40086.034097182106,False,,0.0,0.0
8553,58.75,-36.25,40086.034097182106,False,,0.0,0.0
8554,58.75,-33.75,40086.034097182106,False,,0.0,0.0
8555,58.75,-31.25,40086.034097182106,False,,0.0,0.0
8556,58.75,-28.75,40086.03409718293,False,,0.0,0.0
8557,58.75,-26.25,40086.034097182106,False,,0.0,0.0
8558,58.75,-23.75,40086.034097182106,False,,0.0,0.0
8559,58.75,-21.25,40086.034097182106,False,,0.0,0.0
8560,58.75,-18.75,40086.034097182106,False,,0.0,0.0
8561,58.75,-16.25,40086.034097182106,False,,0.0,0.0
8562,58.75,-13.75,40086.034097182106,False,,0.0,0.0
8563,58.75,-11.25,40086.034097182106,False,,0.0,0.0
8564,58.75,-8.75,40086.034097182106,False,,2.0,22.39771
8565,58.75,-6.25,40086.034097182106,True,,2.0,51617.973
8566,58.75,-3.75,40086.034097182106,True,0.0,2.0,300236.84
8567,58.75,-1.25,40086.034097182106,True,,2.0,516623.72
8568,58.75,1.25,40086.03409718215,False,,2.0,0.0
8569,58.75,3.75,40086.03409718215,False,,2.0,202.5457
8570,58.75,6.25,40086.03409718214,True,3.0,2.0,583234.7
8571,58.75,8.75,40086.03409718216,True,0.0,2.0,776327.6
8572,58.75,11.25,40086.03409718216,True,2.0,2.0,2372457.5
8573,58.75,13.75,40086.034097182135,True,2.0,2.0,1866499.5
8574,58.75,16.25,40086.03409718216,True,0.0,2.0,1251186.1
8575,58.75,18.75,40086.03409718216,True,0.0,2.0,2862012.8
8576,58.75,21.25,40086.03409718216,True,2.0,2.0,64296.49
8577,58.75,23.75,40086.03409718216,True,2.0,2.0,1233636.8
8578,58.75,26.25,40086.03409718216,True,2.0,2.0,611316.94
8579,58.75,28.75,40086.034097182106,True,3.0,2.0,1154172.8
8580,58.75,31.25,40086.034097182215,True,3.0,2.0,4614867.0
8581,58.75,33.75,40086.034097182106,True,3.0,2.0,568103.2
8582,58.75,36.25,40086.034097182215,True,0.0,2.0,253518.45
8583,58.75,38.75,40086.034097182106,True,0.0,2.0,1813090.8
8584,58.75,41.25,40086.034097182215,True,0.0,2.0,944612.0
8585,58.75,43.75,40086.034097182106,True,0.0,2.0,348661.47
8586,58.75,46.25,40086.034097182215,True,0.0,2.0,223901.25
8587,58.75,48.75,40086.034097182106,True,2.0,2.0,788842.06
8588,58.75,51.25,40086.034097182215,True,3.0,2.0,247922.03
8589,58.75,53.75,40086.034097182106,True,3.0,2.0,609000.9
8590,58.75,56.25,40086.034097182106,True,3.0,2.0,1596431.4
8591,58.75,58.75,40086.034097182106,True,3.0,2.0,1040953.6
8592,58.75,61.25,40086.03409718231,True,3.0,2.0,746555.9
8593,58.75,63.75,40086.034097182106,True,3.0,2.0,269925.75
8594,58.75,66.25,40086.034097182106,True,2.0,2.0,820228.75
8595,58.75,68.75,40086.034097182106,True,3.0,2.0,203810.34
8596,58.75,71.25,40086.03409718231,True,3.0,2.0,44089.684
8597,58.75,73.75,40086.034097182106,True,,2.0,119690.64
8598,58.75,76.25,40086.034097182106,True,0.0,2.0,50745.227
8599,58.75,78.75,40086.034097182106,True,2.0,2.0,21097.537
8600,58.75,81.25,40086.034097182106,True,2.0,2.0,24998.37
8601,58.75,83.75,40086.03409718231,True,2.0,2.0,87366.62
8602,58.75,86.25,40086.034097182106,True,,2.0,53679.64
8603,58.75,88.75,40086.034097182106,True,0.0,2.0,27779.062
8604,58.75,91.25,40086.034097182106,True,2.0,2.0,17006.457
8605,58.75,93.75,40086.03409718231,True,,2.0,127690.734
8606,58.75,96.25,40086.034097182106,True,0.0,2.0,35634.047
8607,58.75,98.75,40086.034097182106,True,0.0,2.0,60603.695
8608,58.75,101.25,40086.034097182106,True,,2.0,23256.309
8609,58.75,103.75,40086.03409718231,True,,2.0,118189.33
8610,58.75,106.25,40086.034097182106,True,0.0,2.0,19477.762
8611,58.75,108.75,40086.034097182106,True,0.0,2.0,18204.432
8612,58.75,111.25,40086.034097182106,True,,2.0,12750.234
8613,58.75,113.75,40086.034097182106,True,2.0,2.0,13391.141
8614,58.75,116.25,40086.034097182106,True,,2.0,9544.824
8615,58.75,118.75,40086.034097182106,True,,2.0,11145.633
8616,58.75,121.25,40086.03409718251,True,3.0,2.0,8933.326
8617,58.75,123.75,40086.034097182106,True,,2.0,23465.568
8618,58.75,126.25,40086.034097182106,True,3.0,2.0,14722.9
8619,58.75,128.75,40086.034097182106,True,,2.0,16835.81
8620,58.75,131.25,40086.034097182106,True,0.0,2.0,10355.212
8621,58.75,133.75,40086.034097182106,True,,2.0,2514.5215
8622,58.75,136.25,40086.034097182106,True,0.0,2.0,1106.444
8623,58.75,138.75,40086.034097182106,True,0.0,2.0,1740.3115
8624,58.75,141.25,40086.034097182106,True,,2.0,1001.8627
8625,58.75,143.75,40086.03409718251,True,3.0,2.0,614.38324
8626,58.75,146.25,40086.034097182106,True,,2.0,392.31628
8627,58.75,148.75,40086.034097182106,True,,2.0,1132.5884
8628,58.75,151.25,40086.034097182106,True,2.0,2.0,85720.695
8629,58.75,153.75,40086.034097182106,True,0.0,2.0,1675.0513
8630,58.75,156.25,40086.034097182106,True,,2.0,72.95716
8631,58.75,158.75,40086.034097182106,True,0.0,2.0,3894.691
8632,58.75,161.25,40086.034097182106,True,,2.0,3840.797
8633,58.75,163.75,40086.034097182106,True,,2.0,1937.3761
8634,58.75,166.25,40086.03409718251,True,,2.0,30.630146
8635,58.75,168.75,40086.034097182106,False,,2.0,0.0
8636,58.75,171.25,40086.034097182106,False,,2.0,5.703486
8637,58.75,173.75,40086.034097182106,False,,2.0,0.0
8638,58.75,176.25,40086.034097182106,False,,2.0,0.0
8639,58.75,178.75,40086.034097182106,False,,2.0,0.0
8640,61.25,-178.75,37166.39569979209,False,,,0.0
8641,61.25,-176.25,37166.39569979209,False,,,0.0
8642,61.25,-173.75,37166.39569979209,False,,2.0,0.0
8643,61.25,-171.25,37166.39569979247,False,,2.0,0.0
8644,61.25,-168.75,37166.39569979209,False,,2.0,0.0
8645,61.25,-166.25,37166.39569979209,True,,2.0,3839.8193
8646,61.25,-163.75,37166.39569979209,True,,2.0,1115.341
8647,61.25,-161.25,37166.39569979209,True,0.0,2.0,13080.017
8648,61.25,-158.75,37166.39569979209,True,,2.0,0.5224437
8649,61.25,-156.25,37166.39569979209,True,,2.0,1.322898
8650,61.25,-153.75,37166.39569979209,True,0.0,2.0,20.268068
8651,61.25,-151.25,37166.39569979247,True,0.0,2.0,42109.9
8652,61.25,-148.75,37166.39569979209,True,2.0,2.0,305001.03
8653,61.25,-146.25,37166.39569979209,True,0.0,2.0,6045.6494
8654,61.25,-143.75,37166.39569979209,True,0.0,2.0,8.936096
8655,61.25,-141.25,37166.39569979209,True,,2.0,21.103653
8656,61.25,-138.75,37166.39569979209,True,0.0,2.0,193.51958
8657,61.25,-136.25,37166.39569979209,True,0.0,2.0,29301.03
8658,61.25,-133.75,37166.39569979209,True,0.0,2.0,4706.35
8659,61.25,-131.25,37166.39569979209,True,,2.0,1039.6335
8660,61.25,-128.75,37166.39569979209,True,0.0,2.0,1351.6869
8661,61.25,-126.25,37166.39569979209,True,,2.0,4.453383
8662,61.25,-123.75,37166.39569979209,True,,2.0,611.149
8663,61.25,-121.25,37166.39569979209,True,0.0,2.0,1336.2284
8664,61.25,-118.75,37166.39569979209,True,,2.0,0.04775182
8665,61.25,-116.25,37166.39569979285,True,0.0,2.0,4684.1904
8666,61.25,-113.75,37166.39569979209,True,0.0,2.0,486.242
8667,61.25,-111.25,37166.39569979209,True,0.0,2.0,2110.5073
8668,61.25,-108.75,37166.39569979209,True,,2.0,69.06382
8669,61.25,-106.25,37166.39569979209,True,,2.0,111.49104
8670,61.25,-103.75,37166.39569979209,True,,,0.0001917381
8671,61.25,-101.25,37166.39569979209,True,,,0.0
8672,61.25,-98.75,37166.39569979209,True,,2.0,0.0
8673,61.25,-96.25,37166.39569979209,True,,2.0,0.0
8674,61.25,-93.75,37166.39569979209,True,,2.0,2630.166
8675,61.25,-91.25,37166.39569979209,False,,2.0,0.0
8676,61.25,-88.75,37166.39569979209,False,,,0.0
8677,61.25,-86.25,37166.39569979209,False,,,0.0
8678,61.25,-83.75,37166.39569979209,True,,2.0,0.0
8679,61.25,-81.25,37166.39569979209,True,,2.0,0.0
8680,61.25,-78.75,37166.39569979209,True,,2.0,693.9106
8681,61.25,-76.25,37166.39569979209,True,,2.0,1909.101
8682,61.25,-73.75,37166.39569979285,True,,,0.0
8683,61.25,-71.25,37166.39569979209,True,,,1201.777
8684,61.25,-68.75,37166.39569979209,True,,0.0,627.2136
8685,61.25,-66.25,37166.39569979209,True,,0.0,0.0
8686,61.25,-63.75,37166.39569979209,True,,,0.0
8687,61.25,-61.25,37166.39569979209,False,,,0.0
8688,61.25,-58.75,37166.39569979209,False,,,0.0
8689,61.25,-56.25,37166.39569979209,False,,,0.0
8690,61.25,-53.75,37166.39569979209,False,,0.0,0.0
8691,61.25,-51.25,37166.39569979209,True,,0.0,0.0
8692,61.25,-48.75,37166.39569979209,True,,0.0,1180.322
8693,61.25,-46.25,37166.39569979209,True,0.0,0.0,7025.6577
8694,61.25,-43.75,37166.39569979209,True,0.0,2.0,252.4471
8695,61.25,-41.25,37166.39569979209,True,,2.0,0.0
8696,61.25,-38.75,37166.39569979209,False,,0.0,0.0
8697,61.25,-36.25,37166.39569979209,False,,0.0,0.0
8698,61.25,-33.75,37166.39569979209,False,,0.0,0.0
8699,61.25,-31.25,37166.39569979209,False,,0.0,0.0
8700,61.25,-28.75,37166.39569979285,False,,0.0,0.0
8701,61.25,-26.25,37166.39569979209,False,,0.0,0.0
8702,61.25,-23.75,37166.39569979209,False,,0.0,0.0
8703,61.25,-21.25,37166.39569979209,False,,0.0,0.0
8704,61.25,-18.75,37166.39569979209,False,,0.0,0.0
8705,61.25,-16.25,37166.39569979209,False,,0.0,0.0
8706,61.25,-13.75,37166.39569979209,False,,0.0,0.0
8707,61.25,-11.25,37166.39569979209,False,,0.0,0.0
8708,61.25,-8.75,37166.39569979209,False,,0.0,0.0
8709,61.25,-6.25,37166.39569979209,True,3.0,0.0,9819.456
8710,61.25,-3.75,37166.39569979209,False,,0.0,0.0
8711,61.25,-1.25,37166.39569979209,True,3.0,0.0,22335.535
8712,61.25,1.25,37166.395699792134,False,,0.0,0.0
8713,61.25,3.75,37166.395699792134,True,3.0,0.0,21179.996
8714,61.25,6.25,37166.39569979212,True,3.0,2.0,539510.75
8715,61.25,8.75,37166.395699792134,True,2.0,2.0,119349.766
8716,61.25,11.25,37166.395699792134,True,2.0,2.0,761310.4
8717,61.25,13.75,37166.39569979211,True,0.0,2.0,132170.72
8718,61.25,16.25,37166.395699792134,True,0.0,2.0,354758.3
8719,61.25,18.75,37166.395699792134,True,,2.0,233812.06
8720,61.25,21.25,37166.395699792134,True,2.0,2.0,202201.31
8721,61.25,23.75,37166.395699792134,True,0.0,2.0,2184039.0
8722,61.25,26.25,37166.395699792134,True,0.0,2.0,1100303.9
8723,61.25,28.75,37166.39569979209,True,2.0,2.0,560701.0
8724,61.25,31.25,37166.395699792185,True,3.0,2.0,1556785.9
8725,61.25,33.75,37166.39569979209,True,2.0,2.0,403206.38
8726,61.25,36.25,37166.395699792185,True,2.0,2.0,46471.637
8727,61.25,38.75,37166.39569979209,True,2.0,2.0,77100.17
8728,61.25,41.25,37166.395699792185,True,0.0,2.0,79462.27
8729,61.25,43.75,37166.39569979209,True,0.0,2.0,93589.02
8730,61.25,46.25,37166.395699792185,True,0.0,2.0,154191.06
8731,61.25,48.75,37166.39569979209,True,2.0,2.0,115585.086
8732,61.25,51.25,37166.395699792185,True,3.0,2.0,248432.66
8733,61.25,53.75,37166.39569979209,True,2.0,2.0,69828.87
8734,61.25,56.25,37166.39569979209,True,3.0,2.0,25820.07
8735,61.25,58.75,37166.39569979209,True,,2.0,71400.49
8736,61.25,61.25,37166.39569979228,True,2.0,2.0,61414.14
8737,61.25,63.75,37166.39569979209,True,0.0,2.0,94515.68
8738,61.25,66.25,37166.39569979209,True,0.0,2.0,73420.61
8739,61.25,68.75,37166.39569979209,True,0.0,2.0,103373.59
8740,61.25,71.25,37166.39569979228,True,,2.0,71927.14
8741,61.25,73.75,37166.39569979209,True,0.0,2.0,106573.95
8742,61.25,76.25,37166.39569979209,True,,2.0,71610.64
8743,61.25,78.75,37166.39569979209,True,2.0,2.0,113686.08
8744,61.25,81.25,37166.39569979209,True,2.0,2.0,50769.05
8745,61.25,83.75,37166.39569979228,True,2.0,2.0,64508.094
8746,61.25,86.25,37166.39569979209,True,,2.0,11491.217
8747,61.25,88.75,37166.39569979209,True,0.0,2.0,6388.6416
8748,61.25,91.25,37166.39569979209,True,2.0,2.0,2923.0195
8749,61.25,93.75,37166.39569979228,True,3.0,2.0,4824.3867
8750,61.25,96.25,37166.39569979209,True,0.0,2.0,769.2107
8751,61.25,98.75,37166.39569979209,True,,2.0,982.9691
8752,61.25,101.25,37166.39569979209,True,0.0,2.0,488.999
8753,61.25,103.75,37166.39569979228,True,,2.0,743.6372
8754,61.25,106.25,37166.39569979209,True,,2.0,591.8325
8755,61.25,108.75,37166.39569979209,True,0.0,2.0,1725.101
8756,61.25,111.25,37166.39569979209,True,,2.0,11412.505
8757,61.25,113.75,37166.39569979209,True,3.0,2.0,18267.082
8758,61.25,116.25,37166.39569979209,True,,2.0,10698.373
8759,61.25,118.75,37166.39569979209,True,0.0,2.0,9786.117
8760,61.25,121.25,37166.39569979247,True,2.0,2.0,4937.546
8761,61.25,123.75,37166.39569979209,True,,2.0,8416.564
8762,61.25,126.25,37166.39569979209,True,3.0,2.0,14237.499
8763,61.25,128.75,37166.39569979209,True,0.0,2.0,107893.49
8764,61.25,131.25,37166.39569979209,True,0.0,2.0,32423.336
8765,61.25,133.75,37166.39569979209,True,2.0,2.0,21106.775
8766,61.25,136.25,37166.39569979209,True,,2.0,3245.2837
8767,61.25,138.75,37166.39569979209,True,,2.0,2683.7986
8768,61.25,141.25,37166.39569979209,True,0.0,2.0,1139.967
8769,61.25,143.75,37166.39569979247,True,,2.0,1796.2986
8770,61.25,146.25,37166.39569979209,True,,2.0,1722.6553
8771,61.25,148.75,37166.39569979209,True,,2.0,4417.01
8772,61.25,151.25,37166.39569979209,True,3.0,2.0,5899.2188
8773,61.25,153.75,37166.39569979209,True,,2.0,5651.2573
8774,61.25,156.25,37166.39569979209,True,,2.0,1111.9121
8775,61.25,158.75,37166.39569979209,True,,2.0,103.61768
8776,61.25,161.25,37166.39569979209,True,0.0,2.0,281.8982
8777,61.25,163.75,37166.39569979209,True,,2.0,1241.2146
8778,61.25,166.25,37166.39569979247,True,0.0,2.0,913.5879
8779,61.25,168.75,37166.39569979209,True,0.0,2.0,1443.229
8780,61.25,171.25,37166.39569979209,True,,2.0,1126.398
8781,61.25,173.75,37166.39569979209,True,,2.0,497.68445
8782,61.25,176.25,37166.39569979209,True,,2.0,0.6843013
8783,61.25,178.75,37166.39569979209,True,,2.0,0.0
8784,63.75,-178.75,34176.008955787256,False,,,0.0
8785,63.75,-176.25,34176.008955787256,True,,,85.40087
8786,63.75,-173.75,34176.008955787256,True,-4.0,2.0,662.9609
8787,63.75,-171.25,34176.00895578761,True,,2.0,1604.3567
8788,63.75,-168.75,34176.008955787256,False,,2.0,0.0
8789,63.75,-166.25,34176.008955787256,True,0.0,2.0,3880.6738
8790,63.75,-163.75,34176.008955787256,True,,2.0,4215.749
8791,63.75,-161.25,34176.008955787256,True,,2.0,2888.5667
8792,63.75,-158.75,34176.008955787256,True,,2.0,614.77527
8793,63.75,-156.25,34176.008955787256,True,0.0,2.0,980.18176
8794,63.75,-153.75,34176.008955787256,True,,2.0,4.6566877
8795,63.75,-151.25,34176.00895578761,True,0.0,2.0,84.36548
8796,63.75,-148.75,34176.008955787256,True,0.0,2.0,6726.8594
8797,63.75,-146.25,34176.008955787256,True,0.0,2.0,115155.766
8798,63.75,-143.75,34176.008955787256,True,0.0,2.0,1500.713
8799,63.75,-141.25,34176.008955787256,True,0.0,2.0,1381.4108
8800,63.75,-138.75,34176.008955787256,True,0.0,2.0,2022.5585
8801,63.75,-136.25,34176.008955787256,True,2.0,2.0,1626.2526
8802,63.75,-133.75,34176.008955787256,True,,2.0,455.9675
8803,63.75,-131.25,34176.008955787256,True,,2.0,21.620314
8804,63.75,-128.75,34176.008955787256,True,,2.0,0.079525724
8805,63.75,-126.25,34176.008955787256,True,,2.0,433.4431
8806,63.75,-123.75,34176.008955787256,True,0.0,2.0,127.864
8807,63.75,-121.25,34176.008955787256,True,,2.0,1.3228272
8808,63.75,-118.75,34176.008955787256,True,,2.0,0.0039480412
8809,63.75,-116.25,34176.00895578796,True,,2.0,2737.2205
8810,63.75,-113.75,34176.008955787256,True,,2.0,20016.906
8811,63.75,-111.25,34176.008955787256,True,,2.0,306.95715
8812,63.75,-108.75,34176.008955787256,True,,2.0,32.71749
8813,63.75,-106.25,34176.008955787256,True,,2.0,37.83499
8814,63.75,-103.75,34176.008955787256,True,,,0.0
8815,63.75,-101.25,34176.008955787256,True,,,0.0
8816,63.75,-98.75,34176.008955787256,True,,2.0,0.0
8817,63.75,-96.25,34176.008955787256,True,0.0,2.0,2124.1025
8818,63.75,-93.75,34176.008955787256,True,,2.0,0.0
8819,63.75,-91.25,34176.008955787256,True,2.0,2.0,3388.126
8820,63.75,-88.75,34176.008955787256,True,,,0.0
8821,63.75,-86.25,34176.008955787256,True,,,0.0
8822,63.75,-83.75,34176.008955787256,True,3.0,2.0,946.315
8823,63.75,-81.25,34176.008955787256,True,,2.0,0.0
8824,63.75,-78.75,34176.008955787256,True,,2.0,0.0
8825,63.75,-76.25,34176.008955787256,True,,2.0,3488.4258
8826,63.75,-73.75,34176.00895578796,True,,,0.0
8827,63.75,-71.25,34176.008955787256,True,,,0.0
8828,63.75,-68.75,34176.008955787256,True,-4.0,0.0,8141.375
8829,63.75,-66.25,34176.008955787256,True,,0.0,0.0
8830,63.75,-63.75,34176.008955787256,True,,,0.0
8831,63.75,-61.25,34176.008955787256,False,,,0.0
8832,63.75,-58.75,34176.008955787256,False,,,0.0
8833,63.75,-56.25,34176.008955787256,False,,,0.0
8834,63.75,-53.75,34176.008955787256,False,,0.0,0.0
8835,63.75,-51.25,34176.008955787256,True,0.0,0.0,18255.574
8836,63.75,-48.75,34176.008955787256,True,,0.0,516.4041
8837,63.75,-46.25,34176.008955787256,True,,0.0,0.0
8838,63.75,-43.75,34176.008955787256,True,,2.0,0.0
8839,63.75,-41.25,34176.008955787256,True,,2.0,0.0
8840,63.75,-38.75,34176.008955787256,False,,0.0,0.0
8841,63.75,-36.25,34176.008955787256,False,,0.0,0.0
8842,63.75,-33.75,34176.008955787256,False,,0.0,0.0
8843,63.75,-31.25,34176.008955787256,False,,0.0,0.0
8844,63.75,-28.75,34176.00895578796,False,,0.0,0.0
8845,63.75,-26.25,34176.008955787256,False,,0.0,0.0
8846,63.75,-23.75,34176.008955787256,True,0.0,0.0,2329.1206
8847,63.75,-21.25,34176.008955787256,True,0.0,0.0,301230.72
8848,63.75,-18.75,34176.008955787256,True,3.0,0.0,5138.1436
8849,63.75,-16.25,34176.008955787256,True,2.0,0.0,2947.665
8850,63.75,-13.75,34176.008955787256,True,,0.0,2728.5627
8851,63.75,-11.25,34176.008955787256,False,,0.0,0.0
8852,63.75,-8.75,34176.008955787256,False,,0.0,0.0
8853,63.75,-6.25,34176.008955787256,False,,0.0,43740.223
8854,63.75,-3.75,34176.008955787256,False,,0.0,0.0
8855,63.75,-1.25,34176.008955787256,False,,0.0,0.0
8856,63.75,1.25,34176.0089557873,False,,0.0,0.0
8857,63.75,3.75,34176.0089557873,False,,0.0,84.06981
8858,63.75,6.25,34176.00895578729,True,,2.0,150325.19
8859,63.75,8.75,34176.0089557873,True,0.0,2.0,175940.48
8860,63.75,11.25,34176.0089557873,True,2.0,2.0,393866.34
8861,63.75,13.75,34176.00895578728,True,2.0,2.0,121803.78
8862,63.75,16.25,34176.0089557873,True,2.0,2.0,69023.55
8863,63.75,18.75,34176.0089557873,True,2.0,2.0,270631.47
8864,63.75,21.25,34176.0089557873,True,2.0,2.0,310040.94
8865,63.75,23.75,34176.0089557873,True,,2.0,458565.1
8866,63.75,26.25,34176.0089557873,True,,2.0,428895.22
8867,63.75,28.75,34176.008955787256,True,3.0,2.0,394668.0
8868,63.75,31.25,34176.00895578735,True,2.0,2.0,133802.25
8869,63.75,33.75,34176.008955787256,True,2.0,2.0,106359.42
8870,63.75,36.25,34176.00895578735,True,,2.0,42932.03
8871,63.75,38.75,34176.008955787256,True,2.0,2.0,224514.73
8872,63.75,41.25,34176.00895578735,True,2.0,2.0,443512.7
8873,63.75,43.75,34176.008955787256,True,0.0,2.0,49930.453
8874,63.75,46.25,34176.00895578735,True,,2.0,21298.887
8875,63.75,48.75,34176.008955787256,True,0.0,2.0,38969.61
8876,63.75,51.25,34176.00895578735,True,2.0,2.0,30306.205
8877,63.75,53.75,34176.008955787256,True,2.0,2.0,148288.05
8878,63.75,56.25,34176.008955787256,True,2.0,2.0,38505.016
8879,63.75,58.75,34176.008955787256,True,,2.0,51305.297
8880,63.75,61.25,34176.00895578744,True,0.0,2.0,105896.04
8881,63.75,63.75,34176.008955787256,True,,2.0,141479.1
8882,63.75,66.25,34176.008955787256,True,2.0,2.0,84671.27
8883,63.75,68.75,34176.008955787256,True,,2.0,128304.516
8884,63.75,71.25,34176.00895578744,True,,2.0,64353.277
8885,63.75,73.75,34176.008955787256,True,,2.0,74505.98
8886,63.75,76.25,34176.008955787256,True,,2.0,48408.02
8887,63.75,78.75,34176.008955787256,True,2.0,2.0,61106.566
8888,63.75,81.25,34176.008955787256,True,,2.0,52219.406
8889,63.75,83.75,34176.00895578744,True,,2.0,60145.984
8890,63.75,86.25,34176.008955787256,True,,2.0,8420.848
8891,63.75,88.75,34176.008955787256,True,2.0,2.0,4209.162
8892,63.75,91.25,34176.008955787256,True,,2.0,1979.287
8893,63.75,93.75,34176.00895578744,True,0.0,2.0,1030.8173
8894,63.75,96.25,34176.008955787256,True,,2.0,671.8939
8895,63.75,98.75,34176.008955787256,True,,2.0,1007.2102
8896,63.75,101.25,34176.008955787256,True,0.0,2.0,672.51575
8897,63.75,103.75,34176.00895578744,True,,2.0,1009.7551
8898,63.75,106.25,34176.008955787256,True,,2.0,2150.1956
8899,63.75,108.75,34176.008955787256,True,,2.0,10626.78
8900,63.75,111.25,34176.008955787256,True,0.0,2.0,14872.231
8901,63.75,113.75,34176.008955787256,True,,2.0,22143.209
8902,63.75,116.25,34176.008955787256,True,,2.0,15464.01
8903,63.75,118.75,34176.008955787256,True,0.0,2.0,23774.965
8904,63.75,121.25,34176.00895578761,True,2.0,2.0,16486.74
8905,63.75,123.75,34176.008955787256,True,,2.0,17935.914
8906,63.75,126.25,34176.008955787256,True,3.0,2.0,6126.302
8907,63.75,128.75,34176.008955787256,True,2.0,2.0,250799.69
8908,63.75,131.25,34176.008955787256,True,2.0,2.0,30391.508
8909,63.75,133.75,34176.008955787256,True,2.0,2.0,24536.402
8910,63.75,136.25,34176.008955787256,True,0.0,2.0,4242.562
8911,63.75,138.75,34176.008955787256,True,0.0,2.0,5209.5
8912,63.75,141.25,34176.008955787256,True,,2.0,3436.9058
8913,63.75,143.75,34176.00895578761,True,0.0,2.0,5444.301
8914,63.75,146.25,34176.008955787256,True,,2.0,4077.1448
8915,63.75,148.75,34176.008955787256,True,2.0,2.0,7875.664
8916,63.75,151.25,34176.008955787256,True,2.0,2.0,5499.1494
8917,63.75,153.75,34176.008955787256,True,2.0,2.0,1872.2207
8918,63.75,156.25,34176.008955787256,True,,2.0,2069.3474
8919,63.75,158.75,34176.008955787256,True,,2.0,1877.2753
8920,63.75,161.25,34176.008955787256,True,,2.0,722.9922
8921,63.75,163.75,34176.008955787256,True,0.0,2.0,932.89197
8922,63.75,166.25,34176.00895578761,True,,2.0,634.23157
8923,63.75,168.75,34176.008955787256,True,,2.0,1127.6233
8924,63.75,171.25,34176.008955787256,True,0.0,2.0,1127.7681
8925,63.75,173.75,34176.008955787256,True,,2.0,1694.084
8926,63.75,176.25,34176.008955787256,True,,2.0,887.2821
8927,63.75,178.75,34176.008955787256,True,0.0,2.0,13233.817
8928,66.25,-178.75,31120.566236297993,True,2.0,2.0,447.98926
8929,66.25,-176.25,31120.566236297993,True,,2.0,2207.2236
8930,66.25,-173.75,31120.566236297993,True,,,2541.155
8931,66.25,-171.25,31120.56623629831,True,,,2710.7302
8932,66.25,-168.75,31120.566236297993,True,-4.0,2.0,302.42334
8933,66.25,-166.25,31120.566236297993,True,,2.0,1246.0786
8934,66.25,-163.75,31120.566236297993,True,2.0,2.0,0.0
8935,66.25,-161.25,31120.566236297993,True,,2.0,5756.007
8936,66.25,-158.75,31120.566236297993,True,,,103.661064
8937,66.25,-156.25,31120.566236297993,True,,,668.98114
8938,66.25,-153.75,31120.566236297993,True,,2.0,0.19716978
8939,66.25,-151.25,31120.56623629831,True,0.0,2.0,466.46732
8940,66.25,-148.75,31120.566236297993,True,,0.0,291.78577
8941,66.25,-146.25,31120.566236297993,True,,0.0,1319.1938
8942,66.25,-143.75,31120.566236297993,True,,2.0,238.5927
8943,66.25,-141.25,31120.566236297993,True,,2.0,4.323204
8944,66.25,-138.75,31120.566236297993,True,,2.0,6.09671
8945,66.25,-136.25,31120.566236297993,True,,2.0,28.188437
8946,66.25,-133.75,31120.566236297993,True,0.0,3.0,18.293715
8947,66.25,-131.25,31120.566236297993,True,,3.0,4.082808
8948,66.25,-128.75,31120.566236297993,True,0.0,2.0,466.2408
8949,66.25,-126.25,31120.566236297993,True,0.0,2.0,688.1788
8950,66.25,-123.75,31120.566236297993,True,,,427.312
8951,66.25,-121.25,31120.566236297993,True,,,0.0
8952,66.25,-118.75,31120.566236297993,True,,2.0,0.0
8953,66.25,-116.25,31120.566236298626,True,,2.0,0.0
8954,66.25,-113.75,31120.566236297993,True,,3.0,0.0
8955,66.25,-111.25,31120.566236297993,True,,3.0,0.0
8956,66.25,-108.75,31120.566236297993,True,,2.0,0.0
8957,66.25,-106.25,31120.566236297993,True,,2.0,0.0
8958,66.25,-103.75,31120.566236297993,True,,,0.0
8959,66.25,-101.25,31120.566236297993,True,,,0.0
8960,66.25,-98.75,31120.566236297993,True,,,0.0
8961,66.25,-96.25,31120.566236297993,True,,,0.0
8962,66.25,-93.75,31120.566236297993,True,,,0.0
8963,66.25,-91.25,31120.566236297993,True,,,0.0
8964,66.25,-88.75,31120.566236297993,True,,2.0,0.0
8965,66.25,-86.25,31120.566236297993,True,,2.0,1072.2632
8966,66.25,-83.75,31120.566236297993,True,,2.0,0.0
8967,66.25,-81.25,31120.566236297993,True,,2.0,0.0
8968,66.25,-78.75,31120.566236297993,True,,2.0,0.0
8969,66.25,-76.25,31120.566236297993,True,,2.0,0.0
8970,66.25,-73.75,31120.566236298626,True,,2.0,0.0
8971,66.25,-71.25,31120.566236297993,True,,2.0,0.0
8972,66.25,-68.75,31120.566236297993,True,,2.0,0.0
8973,66.25,-66.25,31120.566236297993,True,,2.0,1621.674
8974,66.25,-63.75,31120.566236297993,True,,2.0,0.0
8975,66.25,-61.25,31120.566236297993,True,,2.0,0.0
8976,66.25,-58.75,31120.566236297993,False,,,0.0
8977,66.25,-56.25,31120.566236297993,False,,,0.0
8978,66.25,-53.75,31120.566236297993,True,,0.0,6177.9697
8979,66.25,-51.25,31120.566236297993,True,0.0,0.0,3162.3591
8980,66.25,-48.75,31120.566236297993,True,,,0.0
8981,66.25,-46.25,31120.566236297993,True,,,0.0
8982,66.25,-43.75,31120.566236297993,True,,,0.0
8983,66.25,-41.25,31120.566236297993,True,,,0.0
8984,66.25,-38.75,31120.566236297993,True,0.0,0.0,67.04652
8985,66.25,-36.25,31120.566236297993,True,,0.0,3129.7205
8986,66.25,-33.75,31120.566236297993,True,,2.0,0.0
8987,66.25,-31.25,31120.566236297993,False,,2.0,0.0
8988,66.25,-28.75,31120.566236298626,False,,0.0,0.0
8989,66.25,-26.25,31120.566236297993,False,,0.0,0.0
8990,66.25,-23.75,31120.566236297993,True,0.0,0.0,3826.9097
8991,66.25,-21.25,31120.566236297993,True,2.0,0.0,6434.332
8992,66.25,-18.75,31120.566236297993,True,2.0,0.0,29695.363
8993,66.25,-16.25,31120.566236297993,True,3.0,0.0,6431.1514
8994,66.25,-13.75,31120.566236297993,True,3.0,0.0,5923.7134
8995,66.25,-11.25,31120.566236297993,False,,0.0,0.0
8996,66.25,-8.75,31120.566236297993,False,,2.0,0.0
8997,66.25,-6.25,31120.566236297993,False,,2.0,0.0
8998,66.25,-3.75,31120.566236297993,False,,0.0,0.0
8999,66.25,-1.25,31120.566236297993,False,,0.0,0.0
9000,66.25,1.25,31120.566236298026,False,,0.0,0.0
9001,66.25,3.75,31120.566236298026,False,,0.0,0.0
9002,66.25,6.25,31120.566236298022,False,,0.0,0.0
9003,66.25,8.75,31120.56623629803,False,,0.0,0.0
9004,66.25,11.25,31120.56623629803,True,0.0,0.0,1974.9543
9005,66.25,13.75,31120.566236298015,True,2.0,0.0,79330.35
9006,66.25,16.25,31120.56623629803,True,2.0,2.0,18441.32
9007,66.25,18.75,31120.56623629803,True,3.0,2.0,19943.258
9008,66.25,21.25,31120.56623629803,True,3.0,2.0,98109.89
9009,66.25,23.75,31120.56623629803,True,3.0,2.0,156161.78
9010,66.25,26.25,31120.56623629803,True,2.0,2.0,212542.48
9011,66.25,28.75,31120.566236297993,True,2.0,2.0,47936.805
9012,66.25,31.25,31120.56623629807,True,2.0,2.0,22514.514
9013,66.25,33.75,31120.566236297993,True,3.0,2.0,26111.068
9014,66.25,36.25,31120.56623629807,True,2.0,2.0,2206.6355
9015,66.25,38.75,31120.566236297993,True,2.0,2.0,4274.7007
9016,66.25,41.25,31120.56623629807,True,0.0,2.0,8920.238
9017,66.25,43.75,31120.566236297993,True,2.0,2.0,6937.8457
9018,66.25,46.25,31120.56623629807,True,,2.0,3801.7422
9019,66.25,48.75,31120.566236297993,True,,2.0,5881.7017
9020,66.25,51.25,31120.56623629807,True,2.0,2.0,4929.3896
9021,66.25,53.75,31120.566236297993,True,,2.0,20651.195
9022,66.25,56.25,31120.566236297993,True,2.0,2.0,28236.766
9023,66.25,58.75,31120.566236297993,True,2.0,2.0,39699.895
9024,66.25,61.25,31120.56623629815,True,2.0,2.0,25225.316
9025,66.25,63.75,31120.566236297993,True,0.0,2.0,49417.7
9026,66.25,66.25,31120.566236297993,True,0.0,2.0,14867.258
9027,66.25,68.75,31120.566236297993,True,,2.0,23659.848
9028,66.25,71.25,31120.56623629815,True,,2.0,13922.003
9029,66.25,73.75,31120.566236297993,True,,2.0,22648.348
9030,66.25,76.25,31120.566236297993,True,,2.0,16710.785
9031,66.25,78.75,31120.566236297993,True,3.0,2.0,24537.254
9032,66.25,81.25,31120.566236297993,True,,2.0,15827.519
9033,66.25,83.75,31120.56623629815,True,,2.0,15212.704
9034,66.25,86.25,31120.566236297993,True,2.0,2.0,1668.3632
9035,66.25,88.75,31120.566236297993,True,2.0,2.0,2067.5989
9036,66.25,91.25,31120.566236297993,True,,2.0,452.54205
9037,66.25,93.75,31120.56623629815,True,0.0,2.0,604.6058
9038,66.25,96.25,31120.566236297993,True,,,406.34558
9039,66.25,98.75,31120.566236297993,True,,,613.09247
9040,66.25,101.25,31120.566236297993,True,,,404.8135
9041,66.25,103.75,31120.56623629815,True,,,606.59607
9042,66.25,106.25,31120.566236297993,True,,,2389.5776
9043,66.25,108.75,31120.566236297993,True,,,10875.769
9044,66.25,111.25,31120.566236297993,True,,2.0,7443.566
9045,66.25,113.75,31120.566236297993,True,0.0,2.0,3827.4526
9046,66.25,116.25,31120.566236297993,True,,2.0,691.26514
9047,66.25,118.75,31120.566236297993,True,,2.0,9703.301
9048,66.25,121.25,31120.56623629831,True,,2.0,3596.0435
9049,66.25,123.75,31120.566236297993,True,3.0,2.0,897.72253
9050,66.25,126.25,31120.566236297993,True,,,1106.9641
9051,66.25,128.75,31120.566236297993,True,,,3450.4602
9052,66.25,131.25,31120.566236297993,True,,2.0,2251.3345
9053,66.25,133.75,31120.566236297993,True,,2.0,2933.1997
9054,66.25,136.25,31120.566236297993,True,0.0,2.0,2030.6587
9055,66.25,138.75,31120.566236297993,True,,2.0,3000.6494
9056,66.25,141.25,31120.566236297993,True,,2.0,1304.7095
9057,66.25,143.75,31120.56623629831,True,2.0,2.0,1505.7888
9058,66.25,146.25,31120.566236297993,True,,,881.4944
9059,66.25,148.75,31120.566236297993,True,,,1878.6123
9060,66.25,151.25,31120.566236297993,True,2.0,2.0,1335.1453
9061,66.25,153.75,31120.566236297993,True,2.0,2.0,1805.0597
9062,66.25,156.25,31120.566236297993,True,,2.0,968.9018
9063,66.25,158.75,31120.566236297993,True,2.0,2.0,1286.0597
9064,66.25,161.25,31120.566236297993,True,2.0,2.0,814.8781
9065,66.25,163.75,31120.566236297993,True,,2.0,1274.8375
9066,66.25,166.25,31120.56623629831,True,,2.0,763.8197
9067,66.25,168.75,31120.566236297993,True,0.0,2.0,1027.7498
9068,66.25,171.25,31120.566236297993,True,,2.0,625.5418
9069,66.25,173.75,31120.566236297993,True,,2.0,923.7187
9070,66.25,176.25,31120.566236297993,True,,2.0,604.8622
9071,66.25,178.75,31120.566236297993,True,,2.0,1014.772
9072,68.75,-178.75,28005.883750200384,True,0.0,2.0,587.9346
9073,68.75,-176.25,28005.883750200384,True,0.0,2.0,461.52777
9074,68.75,-173.75,28005.883750200384,False,,,76.81828
9075,68.75,-171.25,28005.88375020067,False,,,6.129054
9076,68.75,-168.75,28005.883750200384,False,,2.0,0.0
9077,68.75,-166.25,28005.883750200384,True,,2.0,865.7468
9078,68.75,-163.75,28005.883750200384,True,,2.0,760.1734
9079,68.75,-161.25,28005.883750200384,True,,2.0,771.97327
9080,68.75,-158.75,28005.883750200384,True,,,0.04617579
9081,68.75,-156.25,28005.883750200384,True,,,269.8324
9082,68.75,-153.75,28005.883750200384,True,,2.0,0.09842056
9083,68.75,-151.25,28005.88375020067,True,,2.0,500.438
9084,68.75,-148.75,28005.883750200384,True,,0.0,93.14016
9085,68.75,-146.25,28005.883750200384,True,,0.0,303.89932
9086,68.75,-143.75,28005.883750200384,True,,2.0,2.33448
9087,68.75,-141.25,28005.883750200384,True,,2.0,2.0687077
9088,68.75,-138.75,28005.883750200384,True,,2.0,298.5412
9089,68.75,-136.25,28005.883750200384,True,,2.0,619.91925
9090,68.75,-133.75,28005.883750200384,True,0.0,3.0,5252.3857
9091,68.75,-131.25,28005.883750200384,True,,3.0,3.241553
9092,68.75,-128.75,28005.883750200384,True,,2.0,0.0
9093,68.75,-126.25,28005.883750200384,True,,2.0,104.88334
9094,68.75,-123.75,28005.883750200384,True,,,312.49695
9095,68.75,-121.25,28005.883750200384,True,,,0.0
9096,68.75,-118.75,28005.883750200384,True,,2.0,0.0
9097,68.75,-116.25,28005.883750200952,True,0.0,2.0,1723.644
9098,68.75,-113.75,28005.883750200384,True,,3.0,58.56913
9099,68.75,-111.25,28005.883750200384,True,,3.0,0.0
9100,68.75,-108.75,28005.883750200384,True,,2.0,0.1615866
9101,68.75,-106.25,28005.883750200384,True,2.0,2.0,1933.42
9102,68.75,-103.75,28005.883750200384,True,,,48.9771
9103,68.75,-101.25,28005.883750200384,True,,,0.0
9104,68.75,-98.75,28005.883750200384,True,,,0.0
9105,68.75,-96.25,28005.883750200384,True,,,1572.035
9106,68.75,-93.75,28005.883750200384,True,0.0,,1104.972
9107,68.75,-91.25,28005.883750200384,True,,,0.0
9108,68.75,-88.75,28005.883750200384,True,,2.0,947.6459
9109,68.75,-86.25,28005.883750200384,True,,2.0,0.0
9110,68.75,-83.75,28005.883750200384,True,,2.0,0.0
9111,68.75,-81.25,28005.883750200384,True,,2.0,2276.0344
9112,68.75,-78.75,28005.883750200384,True,,2.0,0.0
9113,68.75,-76.25,28005.883750200384,True,,2.0,0.0
9114,68.75,-73.75,28005.883750200952,True,,2.0,0.0
9115,68.75,-71.25,28005.883750200384,True,,2.0,0.0
9116,68.75,-68.75,28005.883750200384,True,,2.0,0.0
9117,68.75,-66.25,28005.883750200384,True,,2.0,0.0
9118,68.75,-63.75,28005.883750200384,True,,2.0,591.76904
9119,68.75,-61.25,28005.883750200384,False,,2.0,0.0
9120,68.75,-58.75,28005.883750200384,False,,,0.0
9121,68.75,-56.25,28005.883750200384,False,,,0.0
9122,68.75,-53.75,28005.883750200384,True,0.0,0.0,1796.3768
9123,68.75,-51.25,28005.883750200384,True,,0.0,9859.33
9124,68.75,-48.75,28005.883750200384,True,,,0.0
9125,68.75,-46.25,28005.883750200384,True,,,0.0
9126,68.75,-43.75,28005.883750200384,True,,,0.0
9127,68.75,-41.25,28005.883750200384,True,,,0.0
9128,68.75,-38.75,28005.883750200384,True,,0.0,0.0
9129,68.75,-36.25,28005.883750200384,True,,0.0,0.0
9130,68.75,-33.75,28005.883750200384,True,,2.0,0.0
9131,68.75,-31.25,28005.883750200384,True,,2.0,0.0
9132,68.75,-28.75,28005.883750200952,True,,0.0,0.0
9133,68.75,-26.25,28005.883750200384,True,,0.0,0.0
9134,68.75,-23.75,28005.883750200384,True,,0.0,0.0
9135,68.75,-21.25,28005.883750200384,True,,0.0,0.0
9136,68.75,-18.75,28005.883750200384,False,,0.0,0.0
9137,68.75,-16.25,28005.883750200384,False,,0.0,0.0
9138,68.75,-13.75,28005.883750200384,False,,0.0,0.0
9139,68.75,-11.25,28005.883750200384,False,,0.0,0.0
9140,68.75,-8.75,28005.883750200384,False,,2.0,0.0
9141,68.75,-6.25,28005.883750200384,False,,2.0,0.0
9142,68.75,-3.75,28005.883750200384,False,,0.0,0.0
9143,68.75,-1.25,28005.883750200384,False,,0.0,0.0
9144,68.75,1.25,28005.883750200417,False,,0.0,0.0
9145,68.75,3.75,28005.883750200417,False,,0.0,0.0
9146,68.75,6.25,28005.883750200413,False,,0.0,0.0
9147,68.75,8.75,28005.88375020042,False,,0.0,0.0
9148,68.75,11.25,28005.88375020042,False,,0.0,108.6124
9149,68.75,13.75,28005.883750200403,True,0.0,0.0,69193.46
9150,68.75,16.25,28005.88375020042,True,0.0,2.0,89209.64
9151,68.75,18.75,28005.88375020042,True,2.0,2.0,155607.73
9152,68.75,21.25,28005.88375020042,True,2.0,2.0,30158.346
9153,68.75,23.75,28005.88375020042,True,2.0,2.0,35782.484
9154,68.75,26.25,28005.88375020042,True,2.0,2.0,21504.371
9155,68.75,28.75,28005.883750200384,True,,2.0,40458.348
9156,68.75,31.25,28005.883750200457,True,2.0,2.0,72846.53
9157,68.75,33.75,28005.883750200384,True,2.0,2.0,555529.56
9158,68.75,36.25,28005.883750200457,True,0.0,2.0,6399.4966
9159,68.75,38.75,28005.883750200384,True,,2.0,5225.9204
9160,68.75,41.25,28005.883750200457,True,,2.0,1219.0735
9161,68.75,43.75,28005.883750200384,True,0.0,2.0,741.68396
9162,68.75,46.25,28005.883750200457,True,,2.0,581.18665
9163,68.75,48.75,28005.883750200384,True,0.0,2.0,1432.5856
9164,68.75,51.25,28005.883750200457,True,,2.0,1350.3523
9165,68.75,53.75,28005.883750200384,True,3.0,2.0,21580.816
9166,68.75,56.25,28005.883750200384,True,,2.0,1568.5085
9167,68.75,58.75,28005.883750200384,True,,2.0,2481.012
9168,68.75,61.25,28005.883750200526,True,0.0,2.0,3094.1367
9169,68.75,63.75,28005.883750200384,True,,2.0,44283.65
9170,68.75,66.25,28005.883750200384,True,0.0,2.0,27830.469
9171,68.75,68.75,28005.883750200384,True,,2.0,26033.094
9172,68.75,71.25,28005.883750200526,True,,2.0,19478.008
9173,68.75,73.75,28005.883750200384,True,0.0,2.0,16390.277
9174,68.75,76.25,28005.883750200384,True,,2.0,20251.459
9175,68.75,78.75,28005.883750200384,True,,2.0,28245.557
9176,68.75,81.25,28005.883750200384,True,,2.0,17185.518
9177,68.75,83.75,28005.883750200526,True,,2.0,5409.5073
9178,68.75,86.25,28005.883750200384,True,0.0,2.0,1335.4395
9179,68.75,88.75,28005.883750200384,True,,2.0,167785.5
9180,68.75,91.25,28005.883750200384,True,,2.0,1095.4978
9181,68.75,93.75,28005.883750200526,True,,2.0,1254.0863
9182,68.75,96.25,28005.883750200384,True,,,662.7186
9183,68.75,98.75,28005.883750200384,True,,,883.4523
9184,68.75,101.25,28005.883750200384,True,,,604.9704
9185,68.75,103.75,28005.883750200526,True,,,967.4694
9186,68.75,106.25,28005.883750200384,True,,,624.52936
9187,68.75,108.75,28005.883750200384,True,,,620.004
9188,68.75,111.25,28005.883750200384,True,2.0,2.0,361.04623
9189,68.75,113.75,28005.883750200384,True,,2.0,540.8794
9190,68.75,116.25,28005.883750200384,True,,2.0,360.1817
9191,68.75,118.75,28005.883750200384,True,2.0,2.0,766.99335
9192,68.75,121.25,28005.88375020067,True,,2.0,991.65
9193,68.75,123.75,28005.883750200384,True,2.0,2.0,1507.4559
9194,68.75,126.25,28005.883750200384,True,,,1110.7128
9195,68.75,128.75,28005.883750200384,True,,,2219.7427
9196,68.75,131.25,28005.883750200384,True,,2.0,1619.7998
9197,68.75,133.75,28005.883750200384,True,2.0,2.0,3458.6694
9198,68.75,136.25,28005.883750200384,True,,2.0,2476.9067
9199,68.75,138.75,28005.883750200384,True,,2.0,2889.3499
9200,68.75,141.25,28005.883750200384,True,,2.0,1546.8729
9201,68.75,143.75,28005.88375020067,True,,2.0,2385.4216
9202,68.75,146.25,28005.883750200384,True,,,1437.3373
9203,68.75,148.75,28005.883750200384,True,,,2452.2043
9204,68.75,151.25,28005.883750200384,True,,2.0,1588.603
9205,68.75,153.75,28005.883750200384,True,,2.0,2386.088
9206,68.75,156.25,28005.883750200384,True,,2.0,1553.7281
9207,68.75,158.75,28005.883750200384,True,,2.0,2101.0352
9208,68.75,161.25,28005.883750200384,True,2.0,2.0,1056.5262
9209,68.75,163.75,28005.883750200384,True,,2.0,1611.8685
9210,68.75,166.25,28005.88375020067,True,,2.0,979.8985
9211,68.75,168.75,28005.883750200384,True,0.0,2.0,2314.3816
9212,68.75,171.25,28005.883750200384,True,,2.0,1828.9594
9213,68.75,173.75,28005.883750200384,True,,2.0,2207.8813
9214,68.75,176.25,28005.883750200384,True,0.0,2.0,916.2416
9215,68.75,178.75,28005.883750200384,True,,2.0,1214.2336
9216,71.25,-178.75,24837.890472634226,True,-4.0,2.0,177.02849
9217,71.25,-176.25,24837.890472634226,False,,2.0,19.23003
9218,71.25,-173.75,24837.890472634226,False,,,0.0
9219,71.25,-171.25,24837.89047263448,False,,,0.0
9220,71.25,-168.75,24837.890472634226,False,,,0.0
9221,71.25,-166.25,24837.890472634226,False,,,0.0
9222,71.25,-163.75,24837.890472634226,False,,,0.0
9223,71.25,-161.25,24837.890472634226,True,,,647.4877
9224,71.25,-158.75,24837.890472634226,True,,2.0,62.47571
9225,71.25,-156.25,24837.890472634226,True,0.0,2.0,5682.261
9226,71.25,-153.75,24837.890472634226,True,,,0.0
9227,71.25,-151.25,24837.89047263448,True,,,705.7547
9228,71.25,-148.75,24837.890472634226,True,,,2753.5815
9229,71.25,-146.25,24837.890472634226,True,,,182.88274
9230,71.25,-143.75,24837.890472634226,True,,2.0,305.1821
9231,71.25,-141.25,24837.890472634226,False,,2.0,0.0
9232,71.25,-138.75,24837.890472634226,False,,,0.0
9233,71.25,-136.25,24837.890472634226,False,,,0.0
9234,71.25,-133.75,24837.890472634226,False,,,0.0
9235,71.25,-131.25,24837.890472634226,True,,,0.0
9236,71.25,-128.75,24837.890472634226,True,,2.0,0.0
9237,71.25,-126.25,24837.890472634226,True,,2.0,68.38297
9238,71.25,-123.75,24837.890472634226,True,,2.0,1.455446
9239,71.25,-121.25,24837.890472634226,True,,2.0,0.0
9240,71.25,-118.75,24837.890472634226,True,0.0,,0.0
9241,71.25,-116.25,24837.890472634732,True,,,401.354
9242,71.25,-113.75,24837.890472634226,True,,,0.0
9243,71.25,-111.25,24837.890472634226,True,,,0.0
9244,71.25,-108.75,24837.890472634226,True,,,0.0
9245,71.25,-106.25,24837.890472634226,True,,,0.0
9246,71.25,-103.75,24837.890472634226,True,,,0.0
9247,71.25,-101.25,24837.890472634226,True,,,0.0
9248,71.25,-98.75,24837.890472634226,True,,,0.0
9249,71.25,-96.25,24837.890472634226,True,,,0.0
9250,71.25,-93.75,24837.890472634226,True,,2.0,0.0
9251,71.25,-91.25,24837.890472634226,True,,2.0,0.0
9252,71.25,-88.75,24837.890472634226,True,,,0.0
9253,71.25,-86.25,24837.890472634226,True,,,0.0
9254,71.25,-83.75,24837.890472634226,True,,2.0,0.0
9255,71.25,-81.25,24837.890472634226,True,,2.0,0.0
9256,71.25,-78.75,24837.890472634226,True,,2.0,0.0
9257,71.25,-76.25,24837.890472634226,True,,2.0,0.0
9258,71.25,-73.75,24837.890472634732,True,,,0.0
9259,71.25,-71.25,24837.890472634226,True,,,0.0
9260,71.25,-68.75,24837.890472634226,True,0.0,2.0,1062.908
9261,71.25,-66.25,24837.890472634226,True,,2.0,0.0
9262,71.25,-63.75,24837.890472634226,False,,,0.0
9263,71.25,-61.25,24837.890472634226,False,,,0.0
9264,71.25,-58.75,24837.890472634226,False,,0.0,0.0
9265,71.25,-56.25,24837.890472634226,True,,0.0,0.0
9266,71.25,-53.75,24837.890472634226,True,,,183.26117
9267,71.25,-51.25,24837.890472634226,True,,,2046.7747
9268,71.25,-48.75,24837.890472634226,True,,,0.0
9269,71.25,-46.25,24837.890472634226,True,,,0.0
9270,71.25,-43.75,24837.890472634226,True,,,0.0
9271,71.25,-41.25,24837.890472634226,True,,,0.0
9272,71.25,-38.75,24837.890472634226,True,,,0.0
9273,71.25,-36.25,24837.890472634226,True,,,0.0
9274,71.25,-33.75,24837.890472634226,True,,,0.0
9275,71.25,-31.25,24837.890472634226,True,,,0.0
9276,71.25,-28.75,24837.890472634732,True,,,0.0
9277,71.25,-26.25,24837.890472634226,True,,,0.0
9278,71.25,-23.75,24837.890472634226,True,,2.0,0.0
9279,71.25,-21.25,24837.890472634226,True,0.0,2.0,422.19
9280,71.25,-18.75,24837.890472634226,False,,,0.0
9281,71.25,-16.25,24837.890472634226,False,,,0.0
9282,71.25,-13.75,24837.890472634226,False,,,0.0
9283,71.25,-11.25,24837.890472634226,False,,,0.0
9284,71.25,-8.75,24837.890472634226,False,,2.0,44.94335
9285,71.25,-6.25,24837.890472634226,False,,2.0,2.054687
9286,71.25,-3.75,24837.890472634226,False,,,0.0
9287,71.25,-1.25,24837.890472634226,False,,,0.0
9288,71.25,1.25,24837.89047263425,False,,0.0,0.0
9289,71.25,3.75,24837.89047263425,False,,0.0,0.0
9290,71.25,6.25,24837.89047263425,False,,2.0,0.0
9291,71.25,8.75,24837.890472634255,False,,2.0,0.0
9292,71.25,11.25,24837.890472634255,False,,0.0,0.0
9293,71.25,13.75,24837.890472634244,False,,0.0,0.0
9294,71.25,16.25,24837.890472634255,False,,0.0,0.0
9295,71.25,18.75,24837.890472634255,False,0.0,0.0,2263.567
9296,71.25,21.25,24837.890472634255,True,,0.0,2816.8364
9297,71.25,23.75,24837.890472634255,True,2.0,0.0,23427.398
9298,71.25,26.25,24837.890472634255,True,,0.0,5819.953
9299,71.25,28.75,24837.890472634226,True,2.0,0.0,10666.135
9300,71.25,31.25,24837.890472634288,True,2.0,0.0,3669.7388
9301,71.25,33.75,24837.890472634226,False,,0.0,0.0
9302,71.25,36.25,24837.890472634288,False,,0.0,0.0
9303,71.25,38.75,24837.890472634226,False,,0.0,0.0
9304,71.25,41.25,24837.890472634288,False,,2.0,0.0
9305,71.25,43.75,24837.890472634226,False,,2.0,0.0
9306,71.25,46.25,24837.890472634288,False,,,0.0
9307,71.25,48.75,24837.890472634226,False,,,0.0
9308,71.25,51.25,24837.890472634288,True,,2.0,34.18496
9309,71.25,53.75,24837.890472634226,True,0.0,2.0,392.66434
9310,71.25,56.25,24837.890472634226,True,,2.0,227.93414
9311,71.25,58.75,24837.890472634226,True,0.0,2.0,207.62665
9312,71.25,61.25,24837.890472634354,True,,,4.471276
9313,71.25,63.75,24837.890472634226,False,,,0.0
9314,71.25,66.25,24837.890472634226,True,,2.0,354.0124
9315,71.25,68.75,24837.890472634226,True,,2.0,16518.344
9316,71.25,71.25,24837.890472634354,True,,2.0,12613.124
9317,71.25,73.75,24837.890472634226,True,,2.0,11082.631
9318,71.25,76.25,24837.890472634226,True,,2.0,9786.131
9319,71.25,78.75,24837.890472634226,True,,2.0,16004.118
9320,71.25,81.25,24837.890472634226,True,,2.0,2123.1396
9321,71.25,83.75,24837.890472634354,True,,2.0,753.0329
9322,71.25,86.25,24837.890472634226,True,,,627.4231
9323,71.25,88.75,24837.890472634226,True,,,926.68774
9324,71.25,91.25,24837.890472634226,True,,2.0,635.48157
9325,71.25,93.75,24837.890472634354,True,2.0,2.0,933.0217
9326,71.25,96.25,24837.890472634226,True,,,598.2854
9327,71.25,98.75,24837.890472634226,True,,,935.4077
9328,71.25,101.25,24837.890472634226,True,0.0,2.0,660.62427
9329,71.25,103.75,24837.890472634354,True,,2.0,1004.46387
9330,71.25,106.25,24837.890472634226,True,,,679.5075
9331,71.25,108.75,24837.890472634226,True,,,993.68396
9332,71.25,111.25,24837.890472634226,True,,2.0,478.8106
9333,71.25,113.75,24837.890472634226,True,0.0,2.0,686.0932
9334,71.25,116.25,24837.890472634226,True,,,290.25192
9335,71.25,118.75,24837.890472634226,True,,,315.12146
9336,71.25,121.25,24837.89047263448,True,,1.0,431.10248
9337,71.25,123.75,24837.890472634226,True,,1.0,1289.0592
9338,71.25,126.25,24837.890472634226,True,0.0,2.0,841.7212
9339,71.25,128.75,24837.890472634226,True,0.0,2.0,1121.2273
9340,71.25,131.25,24837.890472634226,True,,,390.44275
9341,71.25,133.75,24837.890472634226,True,,,1017.1819
9342,71.25,136.25,24837.890472634226,True,0.0,2.0,624.2938
9343,71.25,138.75,24837.890472634226,True,,2.0,896.45807
9344,71.25,141.25,24837.890472634226,True,,1.0,789.0132
9345,71.25,143.75,24837.89047263448,True,,1.0,743.8109
9346,71.25,146.25,24837.890472634226,True,,2.0,408.68777
9347,71.25,148.75,24837.890472634226,True,0.0,2.0,637.7397
9348,71.25,151.25,24837.890472634226,True,,,294.49658
9349,71.25,153.75,24837.890472634226,True,,,592.4309
9350,71.25,156.25,24837.890472634226,True,,,548.35254
9351,71.25,158.75,24837.890472634226,True,,,601.71075
9352,71.25,161.25,24837.890472634226,True,,,12.903915
9353,71.25,163.75,24837.890472634226,True,,,0.9095235
9354,71.25,166.25,24837.89047263448,False,,,0.0
9355,71.25,168.75,24837.890472634226,False,,,0.9182236
9356,71.25,171.25,24837.890472634226,True,,2.0,29.717548
9357,71.25,173.75,24837.890472634226,False,,2.0,0.0
9358,71.25,176.25,24837.890472634226,False,,,0.0
9359,71.25,178.75,24837.890472634226,True,,,93.26697
9360,73.75,-178.75,21622.61685885966,False,,2.0,0.0
9361,73.75,-176.25,21622.61685885966,False,,2.0,0.0
9362,73.75,-173.75,21622.61685885966,False,,,0.0
9363,73.75,-171.25,21622.616858859878,False,,,0.0
9364,73.75,-168.75,21622.61685885966,False,,,0.0
9365,73.75,-166.25,21622.61685885966,False,,,0.0
9366,73.75,-163.75,21622.61685885966,False,,,0.0
9367,73.75,-161.25,21622.61685885966,False,,,0.0
9368,73.75,-158.75,21622.61685885966,False,,2.0,0.0
9369,73.75,-156.25,21622.61685885966,False,,2.0,0.0
9370,73.75,-153.75,21622.61685885966,False,,,0.0
9371,73.75,-151.25,21622.616858859878,False,,,0.0
9372,73.75,-148.75,21622.61685885966,False,,,0.0
9373,73.75,-146.25,21622.61685885966,False,,,0.0
9374,73.75,-143.75,21622.61685885966,False,,2.0,0.0
9375,73.75,-141.25,21622.61685885966,False,,2.0,0.0
9376,73.75,-138.75,21622.61685885966,False,,,0.0
9377,73.75,-136.25,21622.61685885966,False,,,0.0
9378,73.75,-133.75,21622.61685885966,False,,,0.0
9379,73.75,-131.25,21622.61685885966,False,,,0.0
9380,73.75,-128.75,21622.61685885966,False,,2.0,0.0
9381,73.75,-126.25,21622.61685885966,True,,2.0,38.94819
9382,73.75,-123.75,21622.61685885966,True,,2.0,3.033403
9383,73.75,-121.25,21622.61685885966,True,,2.0,0.0
9384,73.75,-118.75,21622.61685885966,True,,,0.0
9385,73.75,-116.25,21622.616858860096,True,,,0.0
9386,73.75,-113.75,21622.61685885966,True,,,0.0
9387,73.75,-111.25,21622.61685885966,True,,,0.0
9388,73.75,-108.75,21622.61685885966,True,,,0.007776471
9389,73.75,-106.25,21622.61685885966,True,,,0.008245469
9390,73.75,-103.75,21622.61685885966,True,,,0.0005553442
9391,73.75,-101.25,21622.61685885966,True,,,0.0001252088
9392,73.75,-98.75,21622.61685885966,True,,,0.0011772435
9393,73.75,-96.25,21622.61685885966,True,,,0.0
9394,73.75,-93.75,21622.61685885966,True,3.0,2.0,243.5357
9395,73.75,-91.25,21622.61685885966,True,,2.0,0.0
9396,73.75,-88.75,21622.61685885966,True,,,0.0
9397,73.75,-86.25,21622.61685885966,True,,,787.35
9398,73.75,-83.75,21622.61685885966,True,,2.0,160.61842
9399,73.75,-81.25,21622.61685885966,True,,2.0,0.0
9400,73.75,-78.75,21622.61685885966,True,,2.0,0.0
9401,73.75,-76.25,21622.61685885966,True,,2.0,1762.789
9402,73.75,-73.75,21622.616858860096,False,,,0.0
9403,73.75,-71.25,21622.61685885966,False,,,0.0
9404,73.75,-68.75,21622.61685885966,False,,2.0,0.0
9405,73.75,-66.25,21622.61685885966,False,,2.0,0.0
9406,73.75,-63.75,21622.61685885966,False,,,0.0
9407,73.75,-61.25,21622.61685885966,False,,,0.0
9408,73.75,-58.75,21622.61685885966,True,,0.0,0.0
9409,73.75,-56.25,21622.61685885966,True,,0.0,2830.2295
9410,73.75,-53.75,21622.61685885966,True,,,0.0
9411,73.75,-51.25,21622.61685885966,True,,,0.0
9412,73.75,-48.75,21622.61685885966,True,,,0.0
9413,73.75,-46.25,21622.61685885966,True,,,0.0
9414,73.75,-43.75,21622.61685885966,True,,,0.0
9415,73.75,-41.25,21622.61685885966,True,,,0.0
9416,73.75,-38.75,21622.61685885966,True,,,0.0
9417,73.75,-36.25,21622.61685885966,True,,,0.0
9418,73.75,-33.75,21622.61685885966,True,,,0.0
9419,73.75,-31.25,21622.61685885966,True,,,0.0
9420,73.75,-28.75,21622.616858860096,True,,,0.0
9421,73.75,-26.25,21622.61685885966,True,,,0.0
9422,73.75,-23.75,21622.61685885966,True,,2.0,0.0
9423,73.75,-21.25,21622.61685885966,True,,2.0,0.0
9424,73.75,-18.75,21622.61685885966,True,,,0.0
9425,73.75,-16.25,21622.61685885966,False,,,0.0
9426,73.75,-13.75,21622.61685885966,False,,,0.0
9427,73.75,-11.25,21622.61685885966,False,,,0.0
9428,73.75,-8.75,21622.61685885966,False,,2.0,0.0
9429,73.75,-6.25,21622.61685885966,False,,2.0,0.0
9430,73.75,-3.75,21622.61685885966,False,,,0.0
9431,73.75,-1.25,21622.61685885966,False,,,0.0
9432,73.75,1.25,21622.616858859685,False,,0.0,0.0
9433,73.75,3.75,21622.616858859685,False,,0.0,0.0
9434,73.75,6.25,21622.61685885968,False,,2.0,0.0
9435,73.75,8.75,21622.61685885969,False,,2.0,0.0
9436,73.75,11.25,21622.61685885969,False,,0.0,0.0
9437,73.75,13.75,21622.61685885967,False,,0.0,0.0
9438,73.75,16.25,21622.61685885969,False,,0.0,0.0
9439,73.75,18.75,21622.61685885969,False,,0.0,20.345684
9440,73.75,21.25,21622.61685885969,False,,0.0,0.0
9441,73.75,23.75,21622.61685885969,False,,0.0,0.0
9442,73.75,26.25,21622.61685885969,False,,0.0,0.0
9443,73.75,28.75,21622.61685885966,False,,0.0,0.0
9444,73.75,31.25,21622.616858859714,False,,0.0,0.0
9445,73.75,33.75,21622.61685885966,False,,0.0,0.0
9446,73.75,36.25,21622.616858859714,False,,0.0,0.0
9447,73.75,38.75,21622.61685885966,False,,0.0,0.0
9448,73.75,41.25,21622.616858859714,False,,2.0,0.0
9449,73.75,43.75,21622.61685885966,False,,2.0,0.0
9450,73.75,46.25,21622.616858859714,False,,,0.0
9451,73.75,48.75,21622.61685885966,False,,,0.0
9452,73.75,51.25,21622.616858859714,False,,2.0,6.430098
9453,73.75,53.75,21622.61685885966,True,,2.0,437.72876
9454,73.75,56.25,21622.61685885966,True,,2.0,390.14194
9455,73.75,58.75,21622.61685885966,True,,2.0,190.58762
9456,73.75,61.25,21622.61685885977,True,,,12.07471
9457,73.75,63.75,21622.61685885966,False,,,0.0
9458,73.75,66.25,21622.61685885966,False,,2.0,0.0
9459,73.75,68.75,21622.61685885966,True,,2.0,3279.4028
9460,73.75,71.25,21622.61685885977,True,0.0,2.0,6884.8906
9461,73.75,73.75,21622.61685885966,True,,2.0,2297.323
9462,73.75,76.25,21622.61685885966,True,,2.0,1571.8734
9463,73.75,78.75,21622.61685885966,True,,2.0,1930.2361
9464,73.75,81.25,21622.61685885966,True,0.0,2.0,257.04077
9465,73.75,83.75,21622.61685885977,True,,2.0,745.5404
9466,73.75,86.25,21622.61685885966,True,,,616.1811
9467,73.75,88.75,21622.61685885966,True,,,1256.3931
9468,73.75,91.25,21622.61685885966,True,,2.0,848.71204
9469,73.75,93.75,21622.61685885977,True,,2.0,1285.3661
9470,73.75,96.25,21622.61685885966,True,,,842.8502
9471,73.75,98.75,21622.61685885966,True,,,1187.147
9472,73.75,101.25,21622.61685885966,True,,2.0,728.9541
9473,73.75,103.75,21622.61685885977,True,,2.0,1156.112
9474,73.75,106.25,21622.61685885966,True,,,764.806
9475,73.75,108.75,21622.61685885966,True,,,995.78235
9476,73.75,111.25,21622.61685885966,True,,2.0,828.41003
9477,73.75,113.75,21622.61685885966,True,,2.0,1222.8331
9478,73.75,116.25,21622.61685885966,True,,,766.3984
9479,73.75,118.75,21622.61685885966,True,,,783.18164
9480,73.75,121.25,21622.616858859878,True,,1.0,349.35373
9481,73.75,123.75,21622.61685885966,True,,1.0,725.4629
9482,73.75,126.25,21622.61685885966,True,,2.0,461.31818
9483,73.75,128.75,21622.61685885966,True,,2.0,440.09305
9484,73.75,131.25,21622.61685885966,False,,,0.0
9485,73.75,133.75,21622.61685885966,False,,,0.0
9486,73.75,136.25,21622.61685885966,False,,2.0,18.08074
9487,73.75,138.75,21622.61685885966,True,,2.0,143.61057
9488,73.75,141.25,21622.61685885966,True,,1.0,478.86966
9489,73.75,143.75,21622.616858859878,True,,1.0,567.49036
9490,73.75,146.25,21622.61685885966,True,,2.0,64.1868
9491,73.75,148.75,21622.61685885966,True,,2.0,131.54567
9492,73.75,151.25,21622.61685885966,True,,,11.82557
9493,73.75,153.75,21622.61685885966,False,,,0.0
9494,73.75,156.25,21622.61685885966,False,,,0.0
9495,73.75,158.75,21622.61685885966,False,,,0.0
9496,73.75,161.25,21622.61685885966,False,,,0.0
9497,73.75,163.75,21622.61685885966,False,,,0.0
9498,73.75,166.25,21622.616858859878,False,,,0.0
9499,73.75,168.75,21622.61685885966,False,,,0.0
9500,73.75,171.25,21622.61685885966,False,,2.0,0.0
9501,73.75,173.75,21622.61685885966,False,,2.0,0.0
9502,73.75,176.25,21622.61685885966,False,,,0.0
9503,73.75,178.75,21622.61685885966,False,,,0.0
9504,76.25,-178.75,18366.183364945085,False,,,0.0
9505,76.25,-176.25,18366.183364945085,False,,,0.0
9506,76.25,-173.75,18366.183364945085,False,,,0.0
9507,76.25,-171.25,18366.18336494527,False,,,0.0
9508,76.25,-168.75,18366.183364945085,False,,,0.0
9509,76.25,-166.25,18366.183364945085,False,,,0.0
9510,76.25,-163.75,18366.183364945085,False,,,0.0
9511,76.25,-161.25,18366.183364945085,False,,,0.0
9512,76.25,-158.75,18366.183364945085,False,,,0.0
9513,76.25,-156.25,18366.183364945085,False,,,0.0
9514,76.25,-153.75,18366.183364945085,False,,,0.0
9515,76.25,-151.25,18366.18336494527,False,,,0.0
9516,76.25,-148.75,18366.183364945085,False,,,0.0
9517,76.25,-146.25,18366.183364945085,False,,,0.0
9518,76.25,-143.75,18366.183364945085,False,,,0.0
9519,76.25,-141.25,18366.183364945085,False,,,0.0
9520,76.25,-138.75,18366.183364945085,False,,,0.0
9521,76.25,-136.25,18366.183364945085,False,,,0.0
9522,76.25,-133.75,18366.183364945085,False,,,0.0
9523,76.25,-131.25,18366.183364945085,False,,,0.0
9524,76.25,-128.75,18366.183364945085,False,,,0.0
9525,76.25,-126.25,18366.183364945085,False,,,0.0
9526,76.25,-123.75,18366.183364945085,True,,,0.0
9527,76.25,-121.25,18366.183364945085,True,,,0.0
9528,76.25,-118.75,18366.183364945085,True,,2.0,0.0
9529,76.25,-116.25,18366.18336494546,True,,2.0,0.0
9530,76.25,-113.75,18366.183364945085,True,,,0.0
9531,76.25,-111.25,18366.183364945085,True,,,0.0
9532,76.25,-108.75,18366.183364945085,True,,,0.17124423
9533,76.25,-106.25,18366.183364945085,True,,,0.15481775
9534,76.25,-103.75,18366.183364945085,True,,2.0,0.07700967
9535,76.25,-101.25,18366.183364945085,True,,2.0,0.14782897
9536,76.25,-98.75,18366.183364945085,True,,,0.20645648
9537,76.25,-96.25,18366.183364945085,True,,,0.0943568
9538,76.25,-93.75,18366.183364945085,True,,,0.07111982
9539,76.25,-91.25,18366.183364945085,True,,,0.002596024
9540,76.25,-88.75,18366.183364945085,True,,,0.0
9541,76.25,-86.25,18366.183364945085,True,,,0.0
9542,76.25,-83.75,18366.183364945085,True,,,0.0
9543,76.25,-81.25,18366.183364945085,True,,,147.9422
9544,76.25,-78.75,18366.183364945085,True,,,4.18898e-05
9545,76.25,-76.25,18366.183364945085,False,,,0.0
9546,76.25,-73.75,18366.18336494546,False,,,0.0
9547,76.25,-71.25,18366.183364945085,True,,,0.0
9548,76.25,-68.75,18366.183364945085,True,0.0,0.0,106.87286
9549,76.25,-66.25,18366.183364945085,True,,0.0,58.86486
9550,76.25,-63.75,18366.183364945085,True,,,0.0
9551,76.25,-61.25,18366.183364945085,True,,,0.0
9552,76.25,-58.75,18366.183364945085,True,,,0.0
9553,76.25,-56.25,18366.183364945085,True,,,0.0
9554,76.25,-53.75,18366.183364945085,True,,,0.0
9555,76.25,-51.25,18366.183364945085,True,,,0.0
9556,76.25,-48.75,18366.183364945085,True,,,0.0
9557,76.25,-46.25,18366.183364945085,True,,,0.0
9558,76.25,-43.75,18366.183364945085,True,,,0.0
9559,76.25,-41.25,18366.183364945085,True,,,0.0
9560,76.25,-38.75,18366.183364945085,True,,,0.0
9561,76.25,-36.25,18366.183364945085,True,,,0.0
9562,76.25,-33.75,18366.183364945085,True,,,0.0
9563,76.25,-31.25,18366.183364945085,True,,,0.0
9564,76.25,-28.75,18366.18336494546,True,,,0.0
9565,76.25,-26.25,18366.183364945085,True,,,0.0
9566,76.25,-23.75,18366.183364945085,True,,,0.0
9567,76.25,-21.25,18366.183364945085,True,,,0.0
9568,76.25,-18.75,18366.183364945085,True,3.0,2.0,0.0
9569,76.25,-16.25,18366.183364945085,False,,2.0,0.0
9570,76.25,-13.75,18366.183364945085,False,,,0.0
9571,76.25,-11.25,18366.183364945085,False,,,0.0
9572,76.25,-8.75,18366.183364945085,False,,,0.0
9573,76.25,-6.25,18366.183364945085,False,,,0.0
9574,76.25,-3.75,18366.183364945085,False,,,0.0
9575,76.25,-1.25,18366.183364945085,False,,,0.0
9576,76.25,1.25,18366.183364945107,False,,,0.0
9577,76.25,3.75,18366.183364945107,False,,,0.0
9578,76.25,6.25,18366.183364945104,False,,2.0,0.0
9579,76.25,8.75,18366.18336494511,False,,2.0,0.0
9580,76.25,11.25,18366.18336494511,False,,0.0,0.0
9581,76.25,13.75,18366.1833649451,True,,0.0,0.0
9582,76.25,16.25,18366.18336494511,True,,2.0,53.74607
9583,76.25,18.75,18366.18336494511,True,,2.0,8.887351
9584,76.25,21.25,18366.18336494511,True,,,0.1007278
9585,76.25,23.75,18366.18336494511,True,,,0.5784585
9586,76.25,26.25,18366.18336494511,False,,0.0,6.019486
9587,76.25,28.75,18366.183364945085,False,,0.0,0.0
9588,76.25,31.25,18366.183364945133,False,,,0.0
9589,76.25,33.75,18366.183364945085,False,,,0.0
9590,76.25,36.25,18366.183364945133,False,,,0.0
9591,76.25,38.75,18366.183364945085,False,,,0.0
9592,76.25,41.25,18366.183364945133,False,,,0.0
9593,76.25,43.75,18366.183364945085,False,,,0.0
9594,76.25,46.25,18366.183364945133,False,,,0.0
9595,76.25,48.75,18366.183364945085,False,,,0.0
9596,76.25,51.25,18366.183364945133,False,,,0.0
9597,76.25,53.75,18366.183364945085,False,,,0.0
9598,76.25,56.25,18366.183364945085,True,,,16.623352
9599,76.25,58.75,18366.183364945085,True,,,62.87671
9600,76.25,61.25,18366.18336494518,True,,0.0,64.79553
9601,76.25,63.75,18366.183364945085,True,,0.0,52.0421
9602,76.25,66.25,18366.183364945085,True,,0.0,53.928246
9603,76.25,68.75,18366.183364945085,True,,0.0,95.21983
9604,76.25,71.25,18366.18336494518,False,,,0.0
9605,76.25,73.75,18366.183364945085,False,,,0.0
9606,76.25,76.25,18366.183364945085,False,,2.0,0.0
9607,76.25,78.75,18366.183364945085,False,,2.0,0.0
9608,76.25,81.25,18366.183364945085,False,,,8.382483
9609,76.25,83.75,18366.18336494518,False,,,12.167408
9610,76.25,86.25,18366.183364945085,False,,2.0,0.9948111
9611,76.25,88.75,18366.183364945085,True,0.0,2.0,107.91801
9612,76.25,91.25,18366.183364945085,True,,2.0,165.51794
9613,76.25,93.75,18366.18336494518,True,,2.0,381.427
9614,76.25,96.25,18366.183364945085,True,,,305.61874
9615,76.25,98.75,18366.183364945085,True,,,449.51416
9616,76.25,101.25,18366.183364945085,True,,2.0,407.1645
9617,76.25,103.75,18366.18336494518,True,,2.0,725.1295
9618,76.25,106.25,18366.183364945085,True,,,486.293
9619,76.25,108.75,18366.183364945085,True,,,631.05286
9620,76.25,111.25,18366.183364945085,True,,,421.39264
9621,76.25,113.75,18366.183364945085,True,,,247.01025
9622,76.25,116.25,18366.183364945085,False,,,0.0
9623,76.25,118.75,18366.183364945085,False,,,0.0
9624,76.25,121.25,18366.18336494527,False,,,0.0
9625,76.25,123.75,18366.183364945085,False,,,0.0
9626,76.25,126.25,18366.183364945085,False,,,0.0
9627,76.25,128.75,18366.183364945085,False,,,0.0
9628,76.25,131.25,18366.183364945085,False,,,0.0
9629,76.25,133.75,18366.183364945085,False,,,0.0
9630,76.25,136.25,18366.183364945085,True,,2.0,31.666958
9631,76.25,138.75,18366.183364945085,True,0.0,2.0,518.90015
9632,76.25,141.25,18366.183364945085,True,,,323.3394
9633,76.25,143.75,18366.18336494527,True,,,339.88663
9634,76.25,146.25,18366.183364945085,True,,,30.371952
9635,76.25,148.75,18366.183364945085,True,,,95.86102
9636,76.25,151.25,18366.183364945085,True,,,12.70755
9637,76.25,153.75,18366.183364945085,False,,,1.988878
9638,76.25,156.25,18366.183364945085,False,,,1.557396
9639,76.25,158.75,18366.183364945085,False,,,0.2117405
9640,76.25,161.25,18366.183364945085,False,,,0.0
9641,76.25,163.75,18366.183364945085,False,,,0.0
9642,76.25,166.25,18366.18336494527,False,,,0.0
9643,76.25,168.75,18366.183364945085,False,,,0.0
9644,76.25,171.25,18366.183364945085,False,,,0.0
9645,76.25,173.75,18366.183364945085,False,,,0.0
9646,76.25,176.25,18366.183364945085,False,,,0.0
9647,76.25,178.75,18366.183364945085,False,,,0.0
9648,78.75,-178.75,15074.788797129786,False,,,0.0
9649,78.75,-176.25,15074.788797129786,False,,,0.0
9650,78.75,-173.75,15074.788797129786,False,,,0.0
9651,78.75,-171.25,15074.788797129937,False,,,0.0
9652,78.75,-168.75,15074.788797129786,False,,,0.0
9653,78.75,-166.25,15074.788797129786,False,,,0.0
9654,78.75,-163.75,15074.788797129786,False,,,0.0
9655,78.75,-161.25,15074.788797129786,False,,,0.0
9656,78.75,-158.75,15074.788797129786,False,,,0.0
9657,78.75,-156.25,15074.788797129786,False,,,0.0
9658,78.75,-153.75,15074.788797129786,False,,,0.0
9659,78.75,-151.25,15074.788797129937,False,,,0.0
9660,78.75,-148.75,15074.788797129786,False,,,0.0
9661,78.75,-146.25,15074.788797129786,False,,,0.0
9662,78.75,-143.75,15074.788797129786,False,,,0.0
9663,78.75,-141.25,15074.788797129786,False,,,0.0
9664,78.75,-138.75,15074.788797129786,False,,,0.0
9665,78.75,-136.25,15074.788797129786,False,,,0.0
9666,78.75,-133.75,15074.788797129786,False,,,0.0
9667,78.75,-131.25,15074.788797129786,False,,,0.0
9668,78.75,-128.75,15074.788797129786,False,,,0.0
9669,78.75,-126.25,15074.788797129786,False,,,0.0
9670,78.75,-123.75,15074.788797129786,False,,,0.0
9671,78.75,-121.25,15074.788797129786,False,,,0.0
9672,78.75,-118.75,15074.788797129786,False,,2.0,0.0
9673,78.75,-116.25,15074.788797130092,True,,2.0,0.0
9674,78.75,-113.75,15074.788797129786,True,,,0.0
9675,78.75,-111.25,15074.788797129786,True,,,0.0
9676,78.75,-108.75,15074.788797129786,False,,,0.010175102
9677,78.75,-106.25,15074.788797129786,True,,,0.028922895
9678,78.75,-103.75,15074.788797129786,True,,2.0,0.09427334
9679,78.75,-101.25,15074.788797129786,True,,2.0,0.1494528
9680,78.75,-98.75,15074.788797129786,True,,,0.047665674
9681,78.75,-96.25,15074.788797129786,True,,,0.1621279
9682,78.75,-93.75,15074.788797129786,True,,,0.09245064
9683,78.75,-91.25,15074.788797129786,True,,,0.1895249
9684,78.75,-88.75,15074.788797129786,True,,,0.11596377
9685,78.75,-86.25,15074.788797129786,True,1.0,,0.31304535
9686,78.75,-83.75,15074.788797129786,True,,,0.25886804
9687,78.75,-81.25,15074.788797129786,True,,,0.32246828
9688,78.75,-78.75,15074.788797129786,True,,,0.10748398
9689,78.75,-76.25,15074.788797129786,True,,,0.1508412
9690,78.75,-73.75,15074.788797130092,True,,,0.052866805
9691,78.75,-71.25,15074.788797129786,True,,,75.83105
9692,78.75,-68.75,15074.788797129786,True,,0.0,589.2872
9693,78.75,-66.25,15074.788797129786,True,,0.0,0.0
9694,78.75,-63.75,15074.788797129786,True,,,0.0
9695,78.75,-61.25,15074.788797129786,True,,,0.0
9696,78.75,-58.75,15074.788797129786,True,,,0.0
9697,78.75,-56.25,15074.788797129786,True,,,0.0
9698,78.75,-53.75,15074.788797129786,True,,,0.0
9699,78.75,-51.25,15074.788797129786,True,,,0.0
9700,78.75,-48.75,15074.788797129786,True,,,0.0
9701,78.75,-46.25,15074.788797129786,True,,,0.0
9702,78.75,-43.75,15074.788797129786,True,,,0.0
9703,78.75,-41.25,15074.788797129786,True,,,0.0
9704,78.75,-38.75,15074.788797129786,True,,,0.0
9705,78.75,-36.25,15074.788797129786,True,,,0.0
9706,78.75,-33.75,15074.788797129786,True,,,0.0
9707,78.75,-31.25,15074.788797129786,True,,,0.0
9708,78.75,-28.75,15074.788797130092,True,,,0.0
9709,78.75,-26.25,15074.788797129786,True,,,0.0
9710,78.75,-23.75,15074.788797129786,True,,,0.0
9711,78.75,-21.25,15074.788797129786,True,,,0.0
9712,78.75,-18.75,15074.788797129786,True,,2.0,0.0
9713,78.75,-16.25,15074.788797129786,True,,2.0,0.0
9714,78.75,-13.75,15074.788797129786,False,,,0.0
9715,78.75,-11.25,15074.788797129786,False,,,0.0
9716,78.75,-8.75,15074.788797129786,False,,,0.0
9717,78.75,-6.25,15074.788797129786,False,,,0.0
9718,78.75,-3.75,15074.788797129786,False,,,0.0
9719,78.75,-1.25,15074.788797129786,False,,,0.0
9720,78.75,1.25,15074.7887971298,False,,,0.0
9721,78.75,3.75,15074.7887971298,False,,,0.0
9722,78.75,6.25,15074.788797129799,False,,2.0,0.0
9723,78.75,8.75,15074.788797129802,False,,2.0,0.0
9724,78.75,11.25,15074.788797129802,True,,0.0,157.08603
9725,78.75,13.75,15074.788797129795,True,2.0,0.0,635.1384
9726,78.75,16.25,15074.788797129802,True,,2.0,800.09845
9727,78.75,18.75,15074.788797129802,True,,2.0,433.46298
9728,78.75,21.25,15074.788797129802,True,,,320.20673
9729,78.75,23.75,15074.788797129802,True,,,294.2959
9730,78.75,26.25,15074.788797129802,True,,0.0,16.847467
9731,78.75,28.75,15074.788797129786,False,,0.0,22.35492
9732,78.75,31.25,15074.788797129822,False,,,1.5223187
9733,78.75,33.75,15074.788797129786,False,,,0.0
9734,78.75,36.25,15074.788797129822,False,,,0.0
9735,78.75,38.75,15074.788797129786,False,,,0.0
9736,78.75,41.25,15074.788797129822,False,,,0.0
9737,78.75,43.75,15074.788797129786,False,,,0.0
9738,78.75,46.25,15074.788797129822,False,,,0.0
9739,78.75,48.75,15074.788797129786,False,,,0.0
9740,78.75,51.25,15074.788797129822,True,,,1.6323017
9741,78.75,53.75,15074.788797129786,False,,,0.0
9742,78.75,56.25,15074.788797129786,False,,,0.0
9743,78.75,58.75,15074.788797129786,True,,,2.1853037
9744,78.75,61.25,15074.788797129862,False,,0.0,0.1246971
9745,78.75,63.75,15074.788797129786,False,,0.0,0.0
9746,78.75,66.25,15074.788797129786,False,,0.0,0.0
9747,78.75,68.75,15074.788797129786,False,,0.0,0.01583179
9748,78.75,71.25,15074.788797129862,False,,,0.0
9749,78.75,73.75,15074.788797129786,False,,,0.0
9750,78.75,76.25,15074.788797129786,False,,2.0,7.701725
9751,78.75,78.75,15074.788797129786,False,,2.0,3.240127
9752,78.75,81.25,15074.788797129786,False,,,0.0
9753,78.75,83.75,15074.788797129862,False,,,1.369291
9754,78.75,86.25,15074.788797129786,False,,2.0,0.0
9755,78.75,88.75,15074.788797129786,False,,2.0,8.461097
9756,78.75,91.25,15074.788797129786,True,0.0,2.0,18.046946
9757,78.75,93.75,15074.788797129862,True,,2.0,86.85699
9758,78.75,96.25,15074.788797129786,True,,,107.72061
9759,78.75,98.75,15074.788797129786,True,,,136.12805
9760,78.75,101.25,15074.788797129786,True,,2.0,139.76685
9761,78.75,103.75,15074.788797129862,True,0.0,2.0,369.1723
9762,78.75,106.25,15074.788797129786,True,,,63.527405
9763,78.75,108.75,15074.788797129786,True,,,11.538066
9764,78.75,111.25,15074.788797129786,False,,,0.0
9765,78.75,113.75,15074.788797129786,False,,,0.0
9766,78.75,116.25,15074.788797129786,False,,,0.0
9767,78.75,118.75,15074.788797129786,False,,,0.0
9768,78.75,121.25,15074.788797129937,False,,,0.0
9769,78.75,123.75,15074.788797129786,False,,,0.0
9770,78.75,126.25,15074.788797129786,False,,,0.0
9771,78.75,128.75,15074.788797129786,False,,,0.0
9772,78.75,131.25,15074.788797129786,False,,,0.0
9773,78.75,133.75,15074.788797129786,False,,,0.0
9774,78.75,136.25,15074.788797129786,False,,2.0,0.0
9775,78.75,138.75,15074.788797129786,False,,2.0,0.0
9776,78.75,141.25,15074.788797129786,False,,,0.0
9777,78.75,143.75,15074.788797129937,False,,,0.0
9778,78.75,146.25,15074.788797129786,False,,,0.0
9779,78.75,148.75,15074.788797129786,False,,,0.0
9780,78.75,151.25,15074.788797129786,False,,,0.0
9781,78.75,153.75,15074.788797129786,False,,,0.0
9782,78.75,156.25,15074.788797129786,False,,,0.08480433
9783,78.75,158.75,15074.788797129786,False,,,0.0
9784,78.75,161.25,15074.788797129786,False,,,0.0
9785,78.75,163.75,15074.788797129786,False,,,0.0
9786,78.75,166.25,15074.788797129937,False,,,0.0
9787,78.75,168.75,15074.788797129786,False,,,0.0
9788,78.75,171.25,15074.788797129786,False,,,0.0
9789,78.75,173.75,15074.788797129786,False,,,0.0
9790,78.75,176.25,15074.788797129786,False,,,0.0
9791,78.75,178.75,15074.788797129786,False,,,0.0
9792,81.25,-178.75,11754.698512044253,False,,,0.0
9793,81.25,-176.25,11754.698512044253,False,,,0.0
9794,81.25,-173.75,11754.698512044253,False,,,0.0
9795,81.25,-171.25,11754.698512044371,False,,,0.0
9796,81.25,-168.75,11754.698512044253,False,,,0.0
9797,81.25,-166.25,11754.698512044253,False,,,0.0
9798,81.25,-163.75,11754.698512044253,False,,,0.0
9799,81.25,-161.25,11754.698512044253,False,,,0.0
9800,81.25,-158.75,11754.698512044253,False,,,0.0
9801,81.25,-156.25,11754.698512044253,False,,,0.0
9802,81.25,-153.75,11754.698512044253,False,,,0.0
9803,81.25,-151.25,11754.698512044371,False,,,0.0
9804,81.25,-148.75,11754.698512044253,False,,,0.0
9805,81.25,-146.25,11754.698512044253,False,,,0.0
9806,81.25,-143.75,11754.698512044253,False,,,0.0
9807,81.25,-141.25,11754.698512044253,False,,,0.0
9808,81.25,-138.75,11754.698512044253,False,,,0.0
9809,81.25,-136.25,11754.698512044253,False,,,0.0
9810,81.25,-133.75,11754.698512044253,False,,,0.0
9811,81.25,-131.25,11754.698512044253,False,,,0.0
9812,81.25,-128.75,11754.698512044253,False,,,0.0
9813,81.25,-126.25,11754.698512044253,False,,,0.0
9814,81.25,-123.75,11754.698512044253,False,,,0.0
9815,81.25,-121.25,11754.698512044253,False,,,0.0
9816,81.25,-118.75,11754.698512044253,False,,,0.0
9817,81.25,-116.25,11754.698512044493,False,,,0.0
9818,81.25,-113.75,11754.698512044253,False,,,0.0
9819,81.25,-111.25,11754.698512044253,False,,,0.0
9820,81.25,-108.75,11754.698512044253,False,,,0.0
9821,81.25,-106.25,11754.698512044253,False,,,0.0
9822,81.25,-103.75,11754.698512044253,False,,,0.0
9823,81.25,-101.25,11754.698512044253,True,,,0.0005138566
9824,81.25,-98.75,11754.698512044253,True,,,0.007185178
9825,81.25,-96.25,11754.698512044253,True,,,0.030798005
9826,81.25,-93.75,11754.698512044253,True,,,0.07278708
9827,81.25,-91.25,11754.698512044253,True,,,0.11533892
9828,81.25,-88.75,11754.698512044253,True,,2.0,0.11310034
9829,81.25,-86.25,11754.698512044253,True,,2.0,0.18142742
9830,81.25,-83.75,11754.698512044253,True,,,0.13379781
9831,81.25,-81.25,11754.698512044253,True,,,0.22007291
9832,81.25,-78.75,11754.698512044253,True,,,0.14648242
9833,81.25,-76.25,11754.698512044253,True,,,0.24968159
9834,81.25,-73.75,11754.698512044493,True,,,0.1719557
9835,81.25,-71.25,11754.698512044253,True,,,0.23546642
9836,81.25,-68.75,11754.698512044253,True,,,0.11221716
9837,81.25,-66.25,11754.698512044253,True,,,0.09153432
9838,81.25,-63.75,11754.698512044253,True,,2.0,0.019395359
9839,81.25,-61.25,11754.698512044253,True,0.0,2.0,0.00106943
9840,81.25,-58.75,11754.698512044253,True,,,0.0
9841,81.25,-56.25,11754.698512044253,True,,,0.0
9842,81.25,-53.75,11754.698512044253,True,,,0.0
9843,81.25,-51.25,11754.698512044253,True,,,0.0
9844,81.25,-48.75,11754.698512044253,True,,,0.0
9845,81.25,-46.25,11754.698512044253,True,,,0.0
9846,81.25,-43.75,11754.698512044253,True,,,0.0
9847,81.25,-41.25,11754.698512044253,True,,,0.0
9848,81.25,-38.75,11754.698512044253,True,,,0.0
9849,81.25,-36.25,11754.698512044253,True,,,0.0
9850,81.25,-33.75,11754.698512044253,True,,,0.0
9851,81.25,-31.25,11754.698512044253,True,,,0.0
9852,81.25,-28.75,11754.698512044493,True,,,0.0
9853,81.25,-26.25,11754.698512044253,True,,,0.0
9854,81.25,-23.75,11754.698512044253,True,,,0.0
9855,81.25,-21.25,11754.698512044253,True,,,0.0
9856,81.25,-18.75,11754.698512044253,True,,2.0,0.0
9857,81.25,-16.25,11754.698512044253,True,3.0,2.0,0.0
9858,81.25,-13.75,11754.698512044253,True,,,0.0
9859,81.25,-11.25,11754.698512044253,True,,,0.0
9860,81.25,-8.75,11754.698512044253,False,,,0.0
9861,81.25,-6.25,11754.698512044253,False,,,0.0
9862,81.25,-3.75,11754.698512044253,False,,,0.0
9863,81.25,-1.25,11754.698512044253,False,,,0.0
9864,81.25,1.25,11754.698512044266,False,,,0.0
9865,81.25,3.75,11754.698512044266,False,,,0.0
9866,81.25,6.25,11754.698512044264,False,,,0.0
9867,81.25,8.75,11754.698512044268,False,,,0.0
9868,81.25,11.25,11754.698512044268,False,,,0.0
9869,81.25,13.75,11754.698512044259,False,,,0.3068784
9870,81.25,16.25,11754.698512044268,True,,,6.8983436
9871,81.25,18.75,11754.698512044268,True,,,102.08554
9872,81.25,21.25,11754.698512044268,True,,,53.992638
9873,81.25,23.75,11754.698512044268,True,,,128.0973
9874,81.25,26.25,11754.698512044268,True,,,9.902477
9875,81.25,28.75,11754.698512044253,False,,,16.521238
9876,81.25,31.25,11754.698512044284,False,,,0.0
9877,81.25,33.75,11754.698512044253,False,,,1.261889
9878,81.25,36.25,11754.698512044284,False,,,0.8082336
9879,81.25,38.75,11754.698512044253,False,,,0.0
9880,81.25,41.25,11754.698512044284,False,,,0.0
9881,81.25,43.75,11754.698512044253,False,,,0.1529697
9882,81.25,46.25,11754.698512044284,True,,,2.213274
9883,81.25,48.75,11754.698512044253,True,,,27.331387
9884,81.25,51.25,11754.698512044284,True,,,9.365065
9885,81.25,53.75,11754.698512044253,False,,,14.016701
9886,81.25,56.25,11754.698512044253,True,,2.0,17.133543
9887,81.25,58.75,11754.698512044253,True,0.0,2.0,28.61354
9888,81.25,61.25,11754.698512044311,True,,,7.715626
9889,81.25,63.75,11754.698512044253,False,,,16.43524
9890,81.25,66.25,11754.698512044253,False,,,3.5485106
9891,81.25,68.75,11754.698512044253,False,,,0.0
9892,81.25,71.25,11754.698512044311,False,,,0.0
9893,81.25,73.75,11754.698512044253,False,,,0.0
9894,81.25,76.25,11754.698512044253,False,,,0.0
9895,81.25,78.75,11754.698512044253,False,,,8.024994
9896,81.25,81.25,11754.698512044253,False,,,0.0
9897,81.25,83.75,11754.698512044311,False,,,0.0
9898,81.25,86.25,11754.698512044253,False,,,0.0
9899,81.25,88.75,11754.698512044253,False,,,0.0
9900,81.25,91.25,11754.698512044253,True,,,9.617212
9901,81.25,93.75,11754.698512044311,True,,,70.452835
9902,81.25,96.25,11754.698512044253,True,,,60.148357
9903,81.25,98.75,11754.698512044253,True,,,22.224903
9904,81.25,101.25,11754.698512044253,False,,,0.0
9905,81.25,103.75,11754.698512044311,False,,,0.0
9906,81.25,106.25,11754.698512044253,False,,,0.0
9907,81.25,108.75,11754.698512044253,False,,,0.0
9908,81.25,111.25,11754.698512044253,False,,,0.0
9909,81.25,113.75,11754.698512044253,False,,,0.0
9910,81.25,116.25,11754.698512044253,False,,,0.0
9911,81.25,118.75,11754.698512044253,False,,,0.0
9912,81.25,121.25,11754.698512044371,False,,,0.0
9913,81.25,123.75,11754.698512044253,False,,,0.0
9914,81.25,126.25,11754.698512044253,False,,,0.0
9915,81.25,128.75,11754.698512044253,False,,,0.0
9916,81.25,131.25,11754.698512044253,False,,,0.0
9917,81.25,133.75,11754.698512044253,False,,,0.0
9918,81.25,136.25,11754.698512044253,False,,,0.0
9919,81.25,138.75,11754.698512044253,False,,,0.0
9920,81.25,141.25,11754.698512044253,False,,,0.0
9921,81.25,143.75,11754.698512044371,False,,,0.0
9922,81.25,146.25,11754.698512044253,False,,,0.0
9923,81.25,148.75,11754.698512044253,False,,,0.0
9924,81.25,151.25,11754.698512044253,False,,,0.0
9925,81.25,153.75,11754.698512044253,False,,,0.0
9926,81.25,156.25,11754.698512044253,False,,,0.0
9927,81.25,158.75,11754.698512044253,False,,,0.0
9928,81.25,161.25,11754.698512044253,False,,,0.0
9929,81.25,163.75,11754.698512044253,False,,,0.0
9930,81.25,166.25,11754.698512044371,False,,,0.0
9931,81.25,168.75,11754.698512044253,False,,,0.0
9932,81.25,171.25,11754.698512044253,False,,,0.0
9933,81.25,173.75,11754.698512044253,False,,,0.0
9934,81.25,176.25,11754.698512044253,False,,,0.0
9935,81.25,178.75,11754.698512044253,False,,,0.0
9936,83.75,-178.75,8412.232490247632,False,,,0.0
9937,83.75,-176.25,8412.232490247632,False,,,0.0
9938,83.75,-173.75,8412.232490247632,False,,,0.0
9939,83.75,-171.25,8412.232490247718,False,,,0.0
9940,83.75,-168.75,8412.232490247632,False,,,0.0
9941,83.75,-166.25,8412.232490247632,False,,,0.0
9942,83.75,-163.75,8412.232490247632,False,,,0.0
9943,83.75,-161.25,8412.232490247632,False,,,0.0
9944,83.75,-158.75,8412.232490247632,False,,,0.0
9945,83.75,-156.25,8412.232490247632,False,,,0.0
9946,83.75,-153.75,8412.232490247632,False,,,0.0
9947,83.75,-151.25,8412.232490247718,False,,,0.0
9948,83.75,-148.75,8412.232490247632,False,,,0.0
9949,83.75,-146.25,8412.232490247632,False,,,0.0
9950,83.75,-143.75,8412.232490247632,False,,,0.0
9951,83.75,-141.25,8412.232490247632,False,,,0.0
9952,83.75,-138.75,8412.232490247632,False,,,0.0
9953,83.75,-136.25,8412.232490247632,False,,,0.0
9954,83.75,-133.75,8412.232490247632,False,,,0.0
9955,83.75,-131.25,8412.232490247632,False,,,0.0
9956,83.75,-128.75,8412.232490247632,False,,,0.0
9957,83.75,-126.25,8412.232490247632,False,,,0.0
9958,83.75,-123.75,8412.232490247632,False,,,0.0
9959,83.75,-121.25,8412.232490247632,False,,,0.0
9960,83.75,-118.75,8412.232490247632,False,,,0.0
9961,83.75,-116.25,8412.232490247803,False,,,0.0
9962,83.75,-113.75,8412.232490247632,False,,,0.0
9963,83.75,-111.25,8412.232490247632,False,,,0.0
9964,83.75,-108.75,8412.232490247632,False,,,0.0
9965,83.75,-106.25,8412.232490247632,False,,,0.0
9966,83.75,-103.75,8412.232490247632,False,,,0.0
9967,83.75,-101.25,8412.232490247632,False,,,0.0
9968,83.75,-98.75,8412.232490247632,False,,,0.0
9969,83.75,-96.25,8412.232490247632,False,,,0.0
9970,83.75,-93.75,8412.232490247632,False,,,0.0
9971,83.75,-91.25,8412.232490247632,False,,,0.0
9972,83.75,-88.75,8412.232490247632,False,,2.0,0.002041961
9973,83.75,-86.25,8412.232490247632,False,,2.0,0.019005386
9974,83.75,-83.75,8412.232490247632,False,,,0.02587954
9975,83.75,-81.25,8412.232490247632,True,,,0.05896969
9976,83.75,-78.75,8412.232490247632,True,,,0.06462413
9977,83.75,-76.25,8412.232490247632,True,,,0.10357645
9978,83.75,-73.75,8412.232490247803,True,,,0.070182815
9979,83.75,-71.25,8412.232490247632,True,,,0.11360158
9980,83.75,-68.75,8412.232490247632,True,,,0.0710845
9981,83.75,-66.25,8412.232490247632,True,,,0.09174281
9982,83.75,-63.75,8412.232490247632,True,,2.0,0.055769272
9983,83.75,-61.25,8412.232490247632,True,,2.0,0.024546705
9984,83.75,-58.75,8412.232490247632,False,,,0.0
9985,83.75,-56.25,8412.232490247632,False,,,0.0
9986,83.75,-53.75,8412.232490247632,False,,,0.0
9987,83.75,-51.25,8412.232490247632,True,,,0.0
9988,83.75,-48.75,8412.232490247632,True,,,0.0
9989,83.75,-46.25,8412.232490247632,True,,,0.0
9990,83.75,-43.75,8412.232490247632,True,,,0.0
9991,83.75,-41.25,8412.232490247632,True,,,0.0
9992,83.75,-38.75,8412.232490247632,True,,,0.0
9993,83.75,-36.25,8412.232490247632,True,,,0.0
9994,83.75,-33.75,8412.232490247632,True,,,0.0
9995,83.75,-31.25,8412.232490247632,True,,,0.0
9996,83.75,-28.75,8412.232490247803,True,,,0.0
9997,83.75,-26.25,8412.232490247632,True,,,0.0
9998,83.75,-23.75,8412.232490247632,True,,,0.0
9999,83.75,-21.25,8412.232490247632,True,,,0.0
10000,83.75,-18.75,8412.232490247632,False,,2.0,0.0
10001,83.75,-16.25,8412.232490247632,False,,2.0,0.0
10002,83.75,-13.75,8412.232490247632,False,,,0.0
10003,83.75,-11.25,8412.232490247632,False,,,0.0
10004,83.75,-8.75,8412.232490247632,False,,,0.0
10005,83.75,-6.25,8412.232490247632,False,,,0.0
10006,83.75,-3.75,8412.232490247632,False,,,0.0
10007,83.75,-1.25,8412.232490247632,False,,,0.0
10008,83.75,1.25,8412.232490247641,False,,,0.0
10009,83.75,3.75,8412.232490247641,False,,,0.0
10010,83.75,6.25,8412.232490247641,False,,,0.0
10011,83.75,8.75,8412.232490247643,False,,,0.0
10012,83.75,11.25,8412.232490247643,False,,,0.0
10013,83.75,13.75,8412.232490247638,False,,,0.0
10014,83.75,16.25,8412.232490247643,False,,,0.0
10015,83.75,18.75,8412.232490247643,False,,,0.0
10016,83.75,21.25,8412.232490247643,False,,,0.0
10017,83.75,23.75,8412.232490247643,False,,,0.0
10018,83.75,26.25,8412.232490247643,False,,,0.0
10019,83.75,28.75,8412.232490247632,False,,,0.0
10020,83.75,31.25,8412.232490247654,False,,,0.0
10021,83.75,33.75,8412.232490247632,False,,,0.0
10022,83.75,36.25,8412.232490247654,False,,,0.0
10023,83.75,38.75,8412.232490247632,False,,,0.0
10024,83.75,41.25,8412.232490247654,False,,,0.0
10025,83.75,43.75,8412.232490247632,False,,,0.0
10026,83.75,46.25,8412.232490247654,False,,,0.0
10027,83.75,48.75,8412.232490247632,False,,,0.0
10028,83.75,51.25,8412.232490247654,False,,,0.0
10029,83.75,53.75,8412.232490247632,False,,,0.0
10030,83.75,56.25,8412.232490247632,False,,2.0,0.0
10031,83.75,58.75,8412.232490247632,False,,2.0,0.0
10032,83.75,61.25,8412.232490247674,False,,,0.0
10033,83.75,63.75,8412.232490247632,False,,,0.0
10034,83.75,66.25,8412.232490247632,False,,,0.0
10035,83.75,68.75,8412.232490247632,False,,,0.0
10036,83.75,71.25,8412.232490247674,False,,,0.0
10037,83.75,73.75,8412.232490247632,False,,,0.0
10038,83.75,76.25,8412.232490247632,False,,,0.0
10039,83.75,78.75,8412.232490247632,False,,,0.0
10040,83.75,81.25,8412.232490247632,False,,,0.0
10041,83.75,83.75,8412.232490247674,False,,,0.0
10042,83.75,86.25,8412.232490247632,False,,,0.0
10043,83.75,88.75,8412.232490247632,False,,,0.0
10044,83.75,91.25,8412.232490247632,False,,,0.0
10045,83.75,93.75,8412.232490247674,False,,,0.0
10046,83.75,96.25,8412.232490247632,False,,,0.0
10047,83.75,98.75,8412.232490247632,False,,,0.0
10048,83.75,101.25,8412.232490247632,False,,,0.0
10049,83.75,103.75,8412.232490247674,False,,,0.0
10050,83.75,106.25,8412.232490247632,False,,,0.0
10051,83.75,108.75,8412.232490247632,False,,,0.0
10052,83.75,111.25,8412.232490247632,False,,,0.0
10053,83.75,113.75,8412.232490247632,False,,,0.0
10054,83.75,116.25,8412.232490247632,False,,,0.0
10055,83.75,118.75,8412.232490247632,False,,,0.0
10056,83.75,121.25,8412.232490247718,False,,,0.0
10057,83.75,123.75,8412.232490247632,False,,,0.0
10058,83.75,126.25,8412.232490247632,False,,,0.0
10059,83.75,128.75,8412.232490247632,False,,,0.0
10060,83.75,131.25,8412.232490247632,False,,,0.0
10061,83.75,133.75,8412.232490247632,False,,,0.0
10062,83.75,136.25,8412.232490247632,False,,,0.0
10063,83.75,138.75,8412.232490247632,False,,,0.0
10064,83.75,141.25,8412.232490247632,False,,,0.0
10065,83.75,143.75,8412.232490247718,False,,,0.0
10066,83.75,146.25,8412.232490247632,False,,,0.0
10067,83.75,148.75,8412.232490247632,False,,,0.0
10068,83.75,151.25,8412.232490247632,False,,,0.0
10069,83.75,153.75,8412.232490247632,False,,,0.0
10070,83.75,156.25,8412.232490247632,False,,,0.0
10071,83.75,158.75,8412.232490247632,False,,,0.0
10072,83.75,161.25,8412.232490247632,False,,,0.0
10073,83.75,163.75,8412.232490247632,False,,,0.0
10074,83.75,166.25,8412.232490247718,False,,,0.0
10075,83.75,168.75,8412.232490247632,False,,,0.0
10076,83.75,171.25,8412.232490247632,False,,,0.0
10077,83.75,173.75,8412.232490247632,False,,,0.0
10078,83.75,176.25,8412.232490247632,False,,,0.0
10079,83.75,178.75,8412.232490247632,False,,,0.0
10080,86.25,-178.75,5053.753305785696,False,,,0.0
10081,86.25,-176.25,5053.753305785696,False,,,0.0
10082,86.25,-173.75,5053.753305785696,False,,,0.0
10083,86.25,-171.25,5053.753305785748,False,,,0.0
10084,86.25,-168.75,5053.753305785696,False,,,0.0
10085,86.25,-166.25,5053.753305785696,False,,,0.0
10086,86.25,-163.75,5053.753305785696,False,,,0.0
10087,86.25,-161.25,5053.753305785696,False,,,0.0
10088,86.25,-158.75,5053.753305785696,False,,,0.0
10089,86.25,-156.25,5053.753305785696,False,,,0.0
10090,86.25,-153.75,5053.753305785696,False,,,0.0
10091,86.25,-151.25,5053.753305785748,False,,,0.0
10092,86.25,-148.75,5053.753305785696,False,,,0.0
10093,86.25,-146.25,5053.753305785696,False,,,0.0
10094,86.25,-143.75,5053.753305785696,False,,,0.0
10095,86.25,-141.25,5053.753305785696,False,,,0.0
10096,86.25,-138.75,5053.753305785696,False,,,0.0
10097,86.25,-136.25,5053.753305785696,False,,,0.0
10098,86.25,-133.75,5053.753305785696,False,,,0.0
10099,86.25,-131.25,5053.753305785696,False,,,0.0
10100,86.25,-128.75,5053.753305785696,False,,,0.0
10101,86.25,-126.25,5053.753305785696,False,,,0.0
10102,86.25,-123.75,5053.753305785696,False,,,0.0
10103,86.25,-121.25,5053.753305785696,False,,,0.0
10104,86.25,-118.75,5053.753305785696,False,,,0.0
10105,86.25,-116.25,5053.7533057858,False,,,0.0
10106,86.25,-113.75,5053.753305785696,False,,,0.0
10107,86.25,-111.25,5053.753305785696,False,,,0.0
10108,86.25,-108.75,5053.753305785696,False,,,0.0
10109,86.25,-106.25,5053.753305785696,False,,,0.0
10110,86.25,-103.75,5053.753305785696,False,,,0.0
10111,86.25,-101.25,5053.753305785696,False,,,0.0
10112,86.25,-98.75,5053.753305785696,False,,,0.0
10113,86.25,-96.25,5053.753305785696,False,,,0.0
10114,86.25,-93.75,5053.753305785696,False,,,0.0
10115,86.25,-91.25,5053.753305785696,False,,,0.0
10116,86.25,-88.75,5053.753305785696,False,,,0.0
10117,86.25,-86.25,5053.753305785696,False,,,0.0
10118,86.25,-83.75,5053.753305785696,False,,,0.0
10119,86.25,-81.25,5053.753305785696,False,,,0.0
10120,86.25,-78.75,5053.753305785696,False,,,0.0
10121,86.25,-76.25,5053.753305785696,False,,,0.0
10122,86.25,-73.75,5053.7533057858,False,,,0.0
10123,86.25,-71.25,5053.753305785696,False,,,0.0
10124,86.25,-68.75,5053.753305785696,False,,,0.0
10125,86.25,-66.25,5053.753305785696,False,,,0.0
10126,86.25,-63.75,5053.753305785696,False,,,0.0
10127,86.25,-61.25,5053.753305785696,False,,,0.0
10128,86.25,-58.75,5053.753305785696,False,,,0.0
10129,86.25,-56.25,5053.753305785696,False,,,0.0
10130,86.25,-53.75,5053.753305785696,False,,,0.0
10131,86.25,-51.25,5053.753305785696,False,,,0.0
10132,86.25,-48.75,5053.753305785696,False,,,0.0
10133,86.25,-46.25,5053.753305785696,False,,,0.0
10134,86.25,-43.75,5053.753305785696,False,,,0.0
10135,86.25,-41.25,5053.753305785696,False,,,0.0
10136,86.25,-38.75,5053.753305785696,False,,,0.0
10137,86.25,-36.25,5053.753305785696,False,,,0.0
10138,86.25,-33.75,5053.753305785696,False,,,0.0
10139,86.25,-31.25,5053.753305785696,False,,,0.0
10140,86.25,-28.75,5053.7533057858,False,,,0.0
10141,86.25,-26.25,5053.753305785696,False,,,0.0
10142,86.25,-23.75,5053.753305785696,False,,,0.0
10143,86.25,-21.25,5053.753305785696,False,,,0.0
10144,86.25,-18.75,5053.753305785696,False,,,0.0
10145,86.25,-16.25,5053.753305785696,False,,,0.0
10146,86.25,-13.75,5053.753305785696,False,,,0.0
10147,86.25,-11.25,5053.753305785696,False,,,0.0
10148,86.25,-8.75,5053.753305785696,False,,,0.0
10149,86.25,-6.25,5053.753305785696,False,,,0.0
10150,86.25,-3.75,5053.753305785696,False,,,0.0
10151,86.25,-1.25,5053.753305785696,False,,,0.0
10152,86.25,1.25,5053.753305785702,False,,,0.0
10153,86.25,3.75,5053.753305785702,False,,,0.0
10154,86.25,6.25,5053.753305785701,False,,,0.0
10155,86.25,8.75,5053.753305785703,False,,,0.0
10156,86.25,11.25,5053.753305785703,False,,,0.0
10157,86.25,13.75,5053.7533057857,False,,,0.0
10158,86.25,16.25,5053.753305785703,False,,,0.0
10159,86.25,18.75,5053.753305785703,False,,,0.0
10160,86.25,21.25,5053.753305785703,False,,,0.0
10161,86.25,23.75,5053.753305785703,False,,,0.0
10162,86.25,26.25,5053.753305785703,False,,,0.0
10163,86.25,28.75,5053.753305785696,False,,,0.0
10164,86.25,31.25,5053.75330578571,False,,,0.0
10165,86.25,33.75,5053.753305785696,False,,,0.0
10166,86.25,36.25,5053.75330578571,False,,,0.0
10167,86.25,38.75,5053.753305785696,False,,,0.0
10168,86.25,41.25,5053.75330578571,False,,,0.0
10169,86.25,43.75,5053.753305785696,False,,,0.0
10170,86.25,46.25,5053.75330578571,False,,,0.0
10171,86.25,48.75,5053.753305785696,False,,,0.0
10172,86.25,51.25,5053.75330578571,False,,,0.0
10173,86.25,53.75,5053.753305785696,False,,,0.0
10174,86.25,56.25,5053.753305785696,False,,,0.0
10175,86.25,58.75,5053.753305785696,False,,,0.0
10176,86.25,61.25,5053.753305785722,False,,,0.0
10177,86.25,63.75,5053.753305785696,False,,,0.0
10178,86.25,66.25,5053.753305785696,False,,,0.0
10179,86.25,68.75,5053.753305785696,False,,,0.0
10180,86.25,71.25,5053.753305785722,False,,,0.0
10181,86.25,73.75,5053.753305785696,False,,,0.0
10182,86.25,76.25,5053.753305785696,False,,,0.0
10183,86.25,78.75,5053.753305785696,False,,,0.0
10184,86.25,81.25,5053.753305785696,False,,,0.0
10185,86.25,83.75,5053.753305785722,False,,,0.0
10186,86.25,86.25,5053.753305785696,False,,,0.0
10187,86.25,88.75,5053.753305785696,False,,,0.0
10188,86.25,91.25,5053.753305785696,False,,,0.0
10189,86.25,93.75,5053.753305785722,False,,,0.0
10190,86.25,96.25,5053.753305785696,False,,,0.0
10191,86.25,98.75,5053.753305785696,False,,,0.0
10192,86.25,101.25,5053.753305785696,False,,,0.0
10193,86.25,103.75,5053.753305785722,False,,,0.0
10194,86.25,106.25,5053.753305785696,False,,,0.0
10195,86.25,108.75,5053.753305785696,False,,,0.0
10196,86.25,111.25,5053.753305785696,False,,,0.0
10197,86.25,113.75,5053.753305785696,False,,,0.0
10198,86.25,116.25,5053.753305785696,False,,,0.0
10199,86.25,118.75,5053.753305785696,False,,,0.0
10200,86.25,121.25,5053.753305785748,False,,,0.0
10201,86.25,123.75,5053.753305785696,False,,,0.0
10202,86.25,126.25,5053.753305785696,False,,,0.0
10203,86.25,128.75,5053.753305785696,False,,,0.0
10204,86.25,131.25,5053.753305785696,False,,,0.0
10205,86.25,133.75,5053.753305785696,False,,,0.0
10206,86.25,136.25,5053.753305785696,False,,,0.0
10207,86.25,138.75,5053.753305785696,False,,,0.0
10208,86.25,141.25,5053.753305785696,False,,,0.0
10209,86.25,143.75,5053.753305785748,False,,,0.0
10210,86.25,146.25,5053.753305785696,False,,,0.0
10211,86.25,148.75,5053.753305785696,False,,,0.0
10212,86.25,151.25,5053.753305785696,False,,,0.0
10213,86.25,153.75,5053.753305785696,False,,,0.0
10214,86.25,156.25,5053.753305785696,False,,,0.0
10215,86.25,158.75,5053.753305785696,False,,,0.0
10216,86.25,161.25,5053.753305785696,False,,,0.0
10217,86.25,163.75,5053.753305785696,False,,,0.0
10218,86.25,166.25,5053.753305785748,False,,,0.0
10219,86.25,168.75,5053.753305785696,False,,,0.0
10220,86.25,171.25,5053.753305785696,False,,,0.0
10221,86.25,173.75,5053.753305785696,False,,,0.0
10222,86.25,176.25,5053.753305785696,False,,,0.0
10223,86.25,178.75,5053.753305785696,False,,,0.0
10224,88.75,-178.75,1685.6540146695665,False,,,0.0
10225,88.75,-176.25,1685.6540146695665,False,,,0.0
10226,88.75,-173.75,1685.6540146695665,False,,,0.0
10227,88.75,-171.25,1685.654014669584,False,,,0.0
10228,88.75,-168.75,1685.6540146695665,False,,,0.0
10229,88.75,-166.25,1685.6540146695665,False,,,0.0
10230,88.75,-163.75,1685.6540146695665,False,,,0.0
10231,88.75,-161.25,1685.6540146695665,False,,,0.0
10232,88.75,-158.75,1685.6540146695665,False,,,0.0
10233,88.75,-156.25,1685.6540146695665,False,,,0.0
10234,88.75,-153.75,1685.6540146695665,False,,,0.0
10235,88.75,-151.25,1685.654014669584,False,,,0.0
10236,88.75,-148.75,1685.6540146695665,False,,,0.0
10237,88.75,-146.25,1685.6540146695665,False,,,0.0
10238,88.75,-143.75,1685.6540146695665,False,,,0.0
10239,88.75,-141.25,1685.6540146695665,False,,,0.0
10240,88.75,-138.75,1685.6540146695665,False,,,0.0
10241,88.75,-136.25,1685.6540146695665,False,,,0.0
10242,88.75,-133.75,1685.6540146695665,False,,,0.0
10243,88.75,-131.25,1685.6540146695665,False,,,0.0
10244,88.75,-128.75,1685.6540146695665,False,,,0.0
10245,88.75,-126.25,1685.6540146695665,False,,,0.0
10246,88.75,-123.75,1685.6540146695665,False,,,0.0
10247,88.75,-121.25,1685.6540146695665,False,,,0.0
10248,88.75,-118.75,1685.6540146695665,False,,,0.0
10249,88.75,-116.25,1685.654014669601,False,,,0.0
10250,88.75,-113.75,1685.6540146695665,False,,,0.0
10251,88.75,-111.25,1685.6540146695665,False,,,0.0
10252,88.75,-108.75,1685.6540146695665,False,,,0.0
10253,88.75,-106.25,1685.6540146695665,False,,,0.0
10254,88.75,-103.75,1685.6540146695665,False,,,0.0
10255,88.75,-101.25,1685.6540146695665,False,,,0.0
10256,88.75,-98.75,1685.6540146695665,False,,,0.0
10257,88.75,-96.25,1685.6540146695665,False,,,0.0
10258,88.75,-93.75,1685.6540146695665,False,,,0.0
10259,88.75,-91.25,1685.6540146695665,False,,,0.0
10260,88.75,-88.75,1685.6540146695665,False,,,0.0
10261,88.75,-86.25,1685.6540146695665,False,,,0.0
10262,88.75,-83.75,1685.6540146695665,False,,,0.0
10263,88.75,-81.25,1685.6540146695665,False,,,0.0
10264,88.75,-78.75,1685.6540146695665,False,,,0.0
10265,88.75,-76.25,1685.6540146695665,False,,,0.0
10266,88.75,-73.75,1685.654014669601,False,,,0.0
10267,88.75,-71.25,1685.6540146695665,False,,,0.0
10268,88.75,-68.75,1685.6540146695665,False,,,0.0
10269,88.75,-66.25,1685.6540146695665,False,,,0.0
10270,88.75,-63.75,1685.6540146695665,False,,,0.0
10271,88.75,-61.25,1685.6540146695665,False,,,0.0
10272,88.75,-58.75,1685.6540146695665,False,,,0.0
10273,88.75,-56.25,1685.6540146695665,False,,,0.0
10274,88.75,-53.75,1685.6540146695665,False,,,0.0
10275,88.75,-51.25,1685.6540146695665,False,,,0.0
10276,88.75,-48.75,1685.6540146695665,False,,,0.0
10277,88.75,-46.25,1685.6540146695665,False,,,0.0
10278,88.75,-43.75,1685.6540146695665,False,,,0.0
10279,88.75,-41.25,1685.6540146695665,False,,,0.0
10280,88.75,-38.75,1685.6540146695665,False,,,0.0
10281,88.75,-36.25,1685.6540146695665,False,,,0.0
10282,88.75,-33.75,1685.6540146695665,False,,,0.0
10283,88.75,-31.25,1685.6540146695665,False,,,0.0
10284,88.75,-28.75,1685.654014669601,False,,,0.0
10285,88.75,-26.25,1685.6540146695665,False,,,0.0
10286,88.75,-23.75,1685.6540146695665,False,,,0.0
10287,88.75,-21.25,1685.6540146695665,False,,,0.0
10288,88.75,-18.75,1685.6540146695665,False,,,0.0
10289,88.75,-16.25,1685.6540146695665,False,,,0.0
10290,88.75,-13.75,1685.6540146695665,False,,,0.0
10291,88.75,-11.25,1685.6540146695665,False,,,0.0
10292,88.75,-8.75,1685.6540146695665,False,,,0.0
10293,88.75,-6.25,1685.6540146695665,False,,,0.0
10294,88.75,-3.75,1685.6540146695665,False,,,0.0
10295,88.75,-1.25,1685.6540146695665,False,,,0.0
10296,88.75,1.25,1685.6540146695686,False,,,0.0
10297,88.75,3.75,1685.6540146695686,False,,,0.0
10298,88.75,6.25,1685.6540146695684,False,,,0.0
10299,88.75,8.75,1685.6540146695688,False,,,0.0
10300,88.75,11.25,1685.6540146695688,False,,,0.0
10301,88.75,13.75,1685.6540146695677,False,,,0.0
10302,88.75,16.25,1685.6540146695688,False,,,0.0
10303,88.75,18.75,1685.6540146695688,False,,,0.0
10304,88.75,21.25,1685.6540146695688,False,,,0.0
10305,88.75,23.75,1685.6540146695688,False,,,0.0
10306,88.75,26.25,1685.6540146695688,False,,,0.0
10307,88.75,28.75,1685.6540146695665,False,,,0.0
10308,88.75,31.25,1685.654014669571,False,,,0.0
10309,88.75,33.75,1685.6540146695665,False,,,0.0
10310,88.75,36.25,1685.654014669571,False,,,0.0
10311,88.75,38.75,1685.6540146695665,False,,,0.0
10312,88.75,41.25,1685.654014669571,False,,,0.0
10313,88.75,43.75,1685.6540146695665,False,,,0.0
10314,88.75,46.25,1685.654014669571,False,,,0.0
10315,88.75,48.75,1685.6540146695665,False,,,0.0
10316,88.75,51.25,1685.654014669571,False,,,0.0
10317,88.75,53.75,1685.6540146695665,False,,,0.0
10318,88.75,56.25,1685.6540146695665,False,,,0.0
10319,88.75,58.75,1685.6540146695665,False,,,0.0
10320,88.75,61.25,1685.6540146695754,False,,,0.0
10321,88.75,63.75,1685.6540146695665,False,,,0.0
10322,88.75,66.25,1685.6540146695665,False,,,0.0
10323,88.75,68.75,1685.6540146695665,False,,,0.0
10324,88.75,71.25,1685.6540146695754,False,,,0.0
10325,88.75,73.75,1685.6540146695665,False,,,0.0
10326,88.75,76.25,1685.6540146695665,False,,,0.0
10327,88.75,78.75,1685.6540146695665,False,,,0.0
10328,88.75,81.25,1685.6540146695665,False,,,0.0
10329,88.75,83.75,1685.6540146695754,False,,,0.0
10330,88.75,86.25,1685.6540146695665,False,,,0.0
10331,88.75,88.75,1685.6540146695665,False,,,0.0
10332,88.75,91.25,1685.6540146695665,False,,,0.0
10333,88.75,93.75,1685.6540146695754,False,,,0.0
10334,88.75,96.25,1685.6540146695665,False,,,0.0
10335,88.75,98.75,1685.6540146695665,False,,,0.0
10336,88.75,101.25,1685.6540146695665,False,,,0.0
10337,88.75,103.75,1685.6540146695754,False,,,0.0
10338,88.75,106.25,1685.6540146695665,False,,,0.0
10339,88.75,108.75,1685.6540146695665,False,,,0.0
10340,88.75,111.25,1685.6540146695665,False,,,0.0
10341,88.75,113.75,1685.6540146695665,False,,,0.0
10342,88.75,116.25,1685.6540146695665,False,,,0.0
10343,88.75,118.75,1685.6540146695665,False,,,0.0
10344,88.75,121.25,1685.654014669584,False,,,0.0
10345,88.75,123.75,1685.6540146695665,False,,,0.0
10346,88.75,126.25,1685.6540146695665,False,,,0.0
10347,88.75,128.75,1685.6540146695665,False,,,0.0
10348,88.75,131.25,1685.6540146695665,False,,,0.0
10349,88.75,133.75,1685.6540146695665,False,,,0.0
10350,88.75,136.25,1685.6540146695665,False,,,0.0
10351,88.75,138.75,1685.6540146695665,False,,,0.0
10352,88.75,141.25,1685.6540146695665,False,,,0.0
10353,88.75,143.75,1685.654014669584,False,,,0.0
10354,88.75,146.25,1685.6540146695665,False,,,0.0
10355,88.75,148.75,1685.6540146695665,False,,,0.0
10356,88.75,151.25,1685.6540146695665,False,,,0.0
10357,88.75,153.75,1685.6540146695665,False,,,0.0
10358,88.75,156.25,1685.6540146695665,False,,,0.0
10359,88.75,158.75,1685.6540146695665,False,,,0.0
10360,88.75,161.25,1685.6540146695665,False,,,0.0
10361,88.75,163.75,1685.6540146695665,False,,,0.0
10362,88.75,166.25,1685.654014669584,False,,,0.0
10363,88.75,168.75,1685.6540146695665,False,,,0.0
10364,88.75,171.25,1685.6540146695665,False,,,0.0
10365,88.75,173.75,1685.6540146695665,False,,,0.0
10366,88.75,176.25,1685.6540146695665,False,,,0.0
10367,88.75,178.75,1685.6540146695665,False,,,0.0
