token,token_id_tm,token_id_vec,idf
abandon,179,0,7.5000377
abat,180,1,6.1033807
abdomin,30023,2,6.786271
abil,183,3,4.630719
abiot,184,4,6.4884367
abl,185,5,4.9447503
abnorm,187,6,6.4295964
aborigin,189,7,7.844878
abort,30039,8,7.682359
abov,190,9,3.8812678
abovement,194,10,7.345887
abroad,196,11,7.7336526
abrupt,197,12,6.871429
abscess,399415,13,8.280196
absenc,199,14,5.2058206
absent,200,15,6.786271
absente,369381,16,8.039034
absolut,201,17,5.125132
absorb,202,18,6.84945
absorpt,203,19,6.6176486
abstract,204,20,6.2237444
abund,205,21,4.390233
abus,30065,22,7.0405054
ac,30068,23,7.682359
academ,208,24,6.2713723
academi,209,25,7.2441044
acceler,212,26,5.7222643
acceleromet,30081,27,7.7877197
accentu,213,28,7.905503
accept,214,29,5.5133057
access,216,30,3.9785912
accid,217,31,5.530597
accident,218,32,7.0145297
acclim,219,33,7.9700413
acclimat,220,34,6.8068905
acclimatis,30087,35,7.9700413
accommod,221,36,6.65274
accompani,222,37,5.750838
accomplish,223,38,7.0405054
accord,224,39,3.7253628
account,1,40,3.381678
accra,30090,41,8.113142
accru,226,42,7.6335692
accumul,228,43,5.164663
accur,229,44,4.5189962
accuraci,230,45,4.980998
ace,30098,46,8.113142
acetaldehyd,233,47,8.039034
achiev,237,48,4.297969
acid,239,49,6.4884367
acidif,241,50,7.151731
acknowledg,244,51,6.4295964
acquir,248,52,5.5076075
acquisit,249,53,7.0671735
acr,250,54,7.151731
across,253,55,3.0128067
act,254,56,5.27092
action,257,57,3.915362
activ,2,58,3.177562
activitybas,30161,59,8.280196
actor,260,60,6.7268476
actual,261,61,5.231354
acut,262,62,3.7874823
ad,263,63,5.2935963
adapt,264,64,3.167661
add,265,65,5.8989677
addict,30194,66,7.7877197
addit,3,67,2.8620777
address,266,68,3.626236
adelaid,30199,69,6.9645195
adenovirus,370107,70,7.3822546
adequ,268,71,5.04688
adequaci,269,72,7.7336526
adher,270,73,7.181584
adjac,273,74,6.2121835
adjoin,274,75,8.193185
adjoint,275,76,7.5425973
adjust,276,77,3.3729033
administ,277,78,6.0146523
administr,278,79,4.891194
admiss,279,80,3.9909828
admit,280,81,5.3074536
adolesc,30227,82,5.865907
adopt,282,83,4.2695627
adult,287,84,3.766344
adulthood,30236,85,7.345887
advanc,288,86,4.6050467
advantag,289,87,5.7654366
advect,290,88,7.181584
advent,291,89,7.9700413
advers,292,90,3.5336843
advic,294,91,6.827944
advis,295,92,6.827944
advisori,296,93,6.8068905
advoc,297,94,6.4733987
advocaci,298,95,6.940422
ae,30246,96,8.039034
aed,299,97,4.536054
aedesborn,1770127,98,8.113142
aegypti,301,99,4.9945116
aerial,305,100,7.345887
aermod,30260,101,7.5000377
aeroallergen,30262,102,6.6176486
aerobiolog,30264,103,6.550957
aerodynam,307,104,5.029117
aeronet,309,105,8.113142
aerosol,310,106,4.3883758
aesthet,312,,
aethalomet,30277,107,7.9700413
aetiolog,30279,108,6.9645195
affair,316,109,7.844878
affect,4,110,2.570974
affili,317,111,7.7336526
affirm,319,112,7.7877197
afflict,30294,113,7.5000377
affluent,30295,114,7.844878
afford,321,115,6.2713723
afforest,322,116,8.039034
afghanistan,30297,117,7.682359
aforement,326,118,7.345887
africa,327,119,4.1858516
african,328,120,5.0871043
aftermath,329,121,5.8497777
afternoon,330,122,6.3213825
afterward,331,123,7.3822546
agar,30323,124,8.280196
age,336,125,2.669726
ageadjust,387815,126,7.276894
agegroup,30333,127,7.682359
agenc,339,128,4.309904
agenda,340,129,6.5192084
agent,341,130,5.5133057
agentbas,342,131,7.682359
agespecif,30341,132,6.458584
agestandard,408540,133,7.682359
agestratifi,449459,134,7.7336526
agglomer,344,135,6.989212
aggrav,346,136,6.0531187
aggreg,347,137,5.218506
aggress,348,138,6.6707582
ago,349,139,6.786271
agra,391149,140,8.113142
agrarian,350,141,8.113142
agre,351,142,6.189455
agreement,352,143,5.2799287
agricultur,353,144,3.864647
agroclimat,356,145,7.844878
agroecolog,357,146,6.989212
agroecosystem,358,147,7.7877197
agroforestri,360,148,8.113142
agrometeorolog,361,149,7.905503
agronom,362,150,7.682359
ahead,365,151,6.3606033
ahmedabad,30399,152,7.6335692
ahn,384598,153,7.419995
ahp,366,154,7.9700413
ahvaz,392506,155,7.2441044
ai,367,156,8.113142
aic,30404,157,6.827944
aid,368,158,5.164663
ailment,30412,159,7.5425973
aim,370,160,2.636035
air,371,161,2.2234123
airborn,372,162,4.633086
aircondit,373,163,7.2441044
aircraft,374,164,7.5000377
airflow,376,165,7.682359
airpollut,30444,166,7.682359
airport,379,167,6.4014254
airq,1551203,168,7.844878
airqual,30445,169,7.345887
airtight,30455,170,8.280196
airway,30459,171,6.7268476
akaik,383,172,6.567218
aki,371265,173,8.113142
alabama,385,174,7.276894
alarm,386,175,6.4014254
alaska,387,176,7.310796
albedo,391,177,7.276894
albeit,392,178,7.276894
alberta,393,179,7.419995
albopictus,395,180,5.4154015
alcohol,397,181,6.0729213
aldehyd,398,182,8.113142
alert,400,183,5.6944847
algeria,406,184,8.113142
algorithm,407,185,5.5248
align,410,186,6.746266
alik,411,187,8.113142
alkalin,415,188,8.193185
allag,470355,189,7.844878
allcaus,420,190,5.132914
allel,421,191,8.113142
allerg,422,192,5.3550816
allergen,423,193,5.479594
allergi,424,194,5.542293
allergolog,371689,195,8.113142
allevi,426,196,6.156303
alli,428,197,8.039034
allianc,429,198,7.7877197
alloc,430,199,5.316799
allow,437,200,4.1980467
almost,442,201,4.767295
alnus,443,202,8.113142
alon,445,203,5.2935963
along,446,204,4.1843376
alongsid,448,205,6.387632
alp,449,206,8.113142
alpha,450,207,7.5000377
alpin,451,208,7.9700413
alreadi,453,209,4.869949
also,5,210,2.2386436
alter,456,211,4.9676642
altern,457,212,4.7754583
alternaria,30643,213,6.9168916
although,6,214,3.4140613
altitud,462,215,5.176833
altitudin,463,216,7.7877197
altogeth,464,217,7.3822546
alway,469,218,5.8989677
amaranthacea,30669,219,8.039034
amazon,471,220,6.458584
amazona,30674,221,7.682359
amazonia,472,222,7.9700413
amazonian,473,223,7.5000377
ambient,475,224,3.2004871
ambigu,476,225,7.7336526
ambit,477,226,7.9700413
ambiti,478,227,7.151731
ambrosia,479,228,7.5000377
ambul,30685,229,6.178282
ambulatori,372269,230,7.345887
amelior,480,231,7.1227436
amen,481,232,7.1227436
amend,482,233,7.9700413
america,483,234,4.7379203
american,484,235,4.91604
amhara,397695,236,7.7877197
ami,30697,237,6.65274
amidst,30700,238,8.039034
ammonia,496,239,6.5192084
ammonium,499,240,6.7268476
among,504,241,2.556314
amongst,505,242,5.9245014
amount,7,243,4.4146934
amp,508,244,7.587049
ampl,511,245,7.9700413
amplif,513,246,7.310796
amplifi,514,247,5.882301
amplitud,515,248,6.4884367
amsterdam,30762,249,8.280196
ana,518,250,8.193185
anaemia,384391,251,7.7336526
analog,521,252,7.682359
analys,523,253,3.0245965
analysi,8,254,2.1497605
analyst,524,255,8.113142
analyt,525,256,5.3599715
analyz,526,257,2.8907094
anchor,534,258,8.280196
ancient,536,259,8.193185
ancillari,537,260,7.2441044
andean,538,261,7.7336526
andes,,262,8.280196
andhra,30823,263,7.276894
andor,541,264,4.7538357
anecdot,543,265,7.905503
anemia,30834,266,7.6335692
aneurysm,387651,267,7.276894
angel,546,268,6.8068905
anger,30846,269,8.280196
angina,426970,270,7.9700413
angl,548,271,7.9700413
angola,30853,272,8.039034
anhui,30860,273,6.8068905
ani,555,274,4.052699
anim,556,275,4.885078
anion,557,276,8.039034
ann,560,277,6.534957
announc,564,278,7.276894
annoy,30883,279,8.113142
annual,9,280,3.1942847
annum,567,281,7.6335692
anomal,569,282,6.6176486
anomali,570,283,5.641139
anonym,30900,284,7.905503
anophel,571,285,5.590495
anophelin,30901,286,6.9168916
anoth,572,287,5.4416494
anova,573,288,6.458584
answer,577,289,6.347358
ant,578,290,8.193185
anteced,582,291,7.7877197
antenat,387024,292,7.4592156
anthrop,587,293,7.7877197
anthropogen,589,294,4.6027455
anthropometr,369763,295,7.419995
antibiot,591,296,7.0145297
antibodi,592,297,6.3740263
anticip,593,298,5.231354
anticipatori,594,299,8.193185
anticyclon,597,300,7.181584
antigen,30950,301,6.8068905
antihypertens,387040,302,7.905503
antimalari,30958,303,7.345887
antimicrobi,598,304,8.113142
antioxid,599,305,8.280196
antivir,30971,306,8.039034
anxieti,30978,307,5.687659
anywher,602,308,7.905503
aod,605,309,6.178282
aor,30991,310,6.167232
aortic,387764,311,7.345887
aot,608,312,7.844878
apart,609,313,6.005263
api,615,314,7.0405054
appar,620,315,4.8669505
appeal,622,316,8.113142
appear,623,317,4.1414
append,31031,318,7.7877197
appli,625,319,3.2786934
applianc,626,320,7.7336526
applic,627,321,4.187368
appoint,31039,322,7.7877197
apport,31040,323,7.419995
apportion,31041,324,5.810557
apprais,628,325,6.3606033
appreci,629,326,6.6176486
approach,10,327,3.0717041
appropri,630,328,4.3307023
approv,631,329,6.989212
approxim,633,330,4.0593524
april,634,331,4.395825
apriljun,31052,332,7.7877197
aprilseptemb,31055,333,7.5425973
aqhi,1357787,334,7.9700413
aqi,31069,335,6.65274
aqua,639,336,7.905503
aquacultur,640,337,7.9700413
aquat,641,338,6.7660685
aquif,643,339,7.3822546
ar,31088,340,8.193185
arab,644,341,7.905503
arabia,645,342,6.6350403
arabian,646,343,7.5000377
arabiensi,31091,344,7.4592156
arabl,649,345,8.039034
arbovir,31110,346,6.3740263
arbovirus,656,347,5.8989677
arc,658,348,6.9168916
arcgi,659,349,6.3740263
archipelago,666,350,7.905503
architectur,668,351,7.181584
archiv,669,352,6.871429
arcmap,31125,353,7.9700413
arctic,670,354,6.9168916
area,11,355,2.0921187
areal,675,356,7.682359
arealevel,370705,357,7.682359
areaspecif,31158,358,7.7877197
argentina,679,359,6.4733987
argu,682,360,5.7293315
argument,684,361,6.827944
ari,31185,362,7.2441044
arid,685,363,5.810557
arima,687,364,6.347358
arimax,397463,365,7.9700413
aris,688,366,5.5076075
arithmet,690,367,8.280196
arizona,691,368,6.827944
arkansa,692,369,8.039034
arkhangelsk,31198,370,8.280196
arm,693,371,7.181584
aromat,694,372,5.572146
around,696,373,4.031701
arous,31217,374,8.193185
arrang,697,375,6.6350403
array,698,376,7.181584
arrest,699,377,6.7077994
arrhythmia,31223,378,7.0671735
arriv,701,379,6.2007546
arsenic,702,380,7.419995
art,703,381,7.5000377
artemisia,705,382,7.844878
artemisininbas,387891,383,7.9700413
arteri,31234,384,6.387632
arthralgia,460896,385,8.280196
arthriti,31236,386,7.7877197
arthropod,706,387,7.844878
arthropodborn,31237,388,7.9700413
articl,707,389,3.954259
articul,708,390,7.587049
artifici,710,391,5.865907
ascari,387905,392,7.905503
ascertain,716,393,6.0146523
ascospor,31274,394,8.280196
ascrib,718,395,8.039034
ash,721,396,7.310796
asia,723,397,4.4775825
asian,724,398,4.974309
asiapacif,725,399,7.1227436
asid,726,400,7.7336526
ask,727,401,6.0241313
asl,728,402,7.9700413
aspect,730,403,4.6354585
aspergillus,732,404,7.0945725
aspir,734,405,6.989212
assam,31315,406,6.940422
assault,31316,407,7.587049
assay,736,408,6.247275
assembl,737,409,6.940422
assemblag,,410,8.280196
assert,739,411,8.113142
assess,740,412,2.2042234
asset,741,413,5.8989677
assign,742,414,5.8418097
assimil,743,415,7.0671735
assist,744,416,4.7405553
associ,12,417,1.8501835
assum,745,418,5.054074
assumpt,746,419,5.6029177
assur,747,420,7.4592156
asthma,750,421,4.536054
asthmarel,31333,422,7.1227436
asthmat,31334,423,7.0671735
asymmetr,752,424,8.039034
asymptomat,31352,425,6.534957
athen,759,426,6.989212
atherosclerosi,387977,427,8.280196
athlet,31365,428,8.193185
atlant,760,429,6.2836423
atlanta,31366,430,7.151731
atlas,761,431,8.280196
atmospher,13,432,3.4874153
atop,31400,433,6.940422
atopi,371781,434,7.844878
atrial,387105,435,7.151731
atrisk,768,436,6.2836423
attach,769,437,7.4592156
attack,770,438,5.7152467
attain,771,439,5.9331594
attempt,772,440,5.08338
attend,773,441,5.674145
attent,774,442,4.316789
attenu,775,443,6.3213825
attitud,777,444,5.7364492
attract,779,445,6.093124
attribut,781,446,3.7683382
atyp,783,447,7.5000377
auc,784,448,7.0671735
audienc,786,449,7.7336526
audit,787,450,7.844878
augment,788,451,6.746266
augsburg,384712,452,8.280196
august,789,453,4.2197533
augustoctob,31430,454,8.280196
aureus,31440,455,7.905503
australia,795,456,4.498075
australian,796,457,5.3898244
austria,797,458,7.3822546
author,800,459,3.8059633
auto,801,460,8.193185
autochthon,802,461,6.2836423
autocorrel,804,462,5.6218457
autom,806,463,6.9645195
automat,807,464,6.7077994
automobil,808,465,7.5000377
autonom,810,466,6.2836423
autopsi,386993,467,7.276894
autoregress,812,468,5.2443695
autumn,815,469,4.6742043
autumnwint,816,470,8.039034
avail,818,471,3.521135
avalanch,819,472,8.193185
avenu,821,473,7.151731
averag,14,474,2.644433
avert,823,475,6.4884367
avian,825,476,7.0405054
aviat,826,477,7.3822546
avoid,829,478,4.571069
awar,832,479,4.166346
away,834,480,6.347358
axi,837,481,8.113142
axillari,31523,482,7.6335692
azerbaijan,31532,483,8.193185
babi,31544,484,7.310796
bacillari,31551,485,6.9645195
bacillus,841,486,8.039034
back,842,487,5.787742
backdrop,844,488,8.280196
background,845,489,2.5815785
backgroundobject,384392,490,8.193185
backgroundth,31565,491,8.113142
backtrajectori,31578,492,8.113142
backup,847,493,8.280196
backward,848,494,6.5192084
bacteri,849,495,5.667456
bacteria,850,496,5.7436175
bacteriolog,31584,497,8.039034
bacterium,852,498,7.5000377
bad,854,499,6.9645195
bag,,500,8.280196
bahia,859,501,8.113142
bait,862,502,7.844878
baja,863,503,7.9700413
balanc,864,504,5.584341
balkan,867,505,7.844878
baltic,872,506,8.113142
bam,31641,507,8.280196
ban,874,508,7.181584
band,876,509,7.419995
bangkok,31651,510,7.345887
bangladesh,878,511,5.2799287
bank,879,512,6.503704
bap,31659,513,6.893902
bapeq,428267,514,7.9700413
bar,881,515,8.193185
barbado,31662,516,8.280196
barcelona,883,517,6.940422
bare,885,518,7.276894
barometr,894,519,6.3606033
barrier,898,520,5.3747864
base,15,521,2.5715768
basel,31691,522,6.6891074
baselin,904,523,4.5189962
basi,907,524,4.384672
basic,908,525,4.9415193
basidiospor,369733,526,8.039034
basin,909,527,5.2664456
bath,916,528,7.345887
batteri,919,529,8.193185
bau,920,530,7.4592156
bay,923,531,6.567218
bayesian,924,532,5.015131
beach,928,533,7.181584
bean,931,534,8.039034
bear,932,535,6.6350403
becam,935,536,6.062971
becaus,936,537,3.7544627
becom,938,538,3.9578712
bed,939,539,6.387632
bedroom,31781,540,7.181584
beef,943,541,8.280196
befor,948,542,3.9651353
began,949,543,6.308644
begin,950,544,5.3550816
begun,951,545,7.7336526
behalf,31793,546,7.2123556
behavior,953,547,4.2532225
behaviour,954,548,4.961064
behind,955,549,6.2354403
beij,956,550,4.931888
beijingtianjinhebei,31796,551,6.871429
belgium,958,552,6.871429
belgrad,31803,553,7.905503
belief,959,554,6.1137433
believ,960,555,5.667456
belo,31811,556,8.280196
belong,963,557,5.6218457
belt,966,558,6.65274
benchmark,968,559,7.1227436
benefici,972,560,5.7364492
beneficiari,973,561,7.181584
benefit,974,562,3.766344
benefitcost,975,563,8.113142
bengal,976,564,6.871429
benign,978,565,8.280196
benin,979,566,8.039034
benmap,449136,567,8.193185
benzen,982,568,6.7660685
benzoapyren,31844,569,7.2441044
berlin,986,570,6.9645195
berlinboston,370480,571,8.039034
besid,989,572,5.7152467
best,990,573,4.390233
bestfit,991,574,7.587049
beta,993,575,6.178282
better,996,576,3.514145
betula,997,577,7.5425973
beyond,1000,578,5.054074
bgsentinel,457928,579,8.193185
bhutan,31922,580,7.9700413
biannual,31924,581,7.844878
bias,1001,582,5.3599715
biascorrect,1002,583,8.039034
bibliograph,31926,584,7.844878
bic,31929,585,8.039034
bicycl,1005,586,7.5425973
bidirect,1007,587,7.276894
big,1010,588,6.2121835
bigger,1011,589,7.345887
biggest,1012,590,6.4014254
bihar,31944,591,7.5425973
bike,31946,592,8.113142
bill,1016,593,7.7877197
billion,1017,594,5.168703
bimod,1018,595,6.567218
bin,1019,596,8.113142
binari,1020,597,6.3606033
bind,1021,598,8.193185
binomi,1023,599,5.1526384
bio,1024,600,8.039034
bioaerosol,31964,601,6.600554
bioavail,1028,602,8.113142
biochem,1031,603,7.6335692
bioclim,1033,604,7.844878
bioclimat,1034,605,6.3606033
biodivers,1040,606,6.0729213
bioenergi,1043,607,7.6335692
biofuel,1047,608,7.0405054
bioga,1048,609,7.7877197
biogen,1049,610,6.84945
biogeochem,1050,611,8.039034
biolog,1057,612,4.964359
biom,1059,613,7.310796
biomark,1060,614,6.786271
biomass,16,615,4.694155
biomassburn,32044,616,8.280196
biometeorolog,32059,617,7.0145297
biomonitor,1067,618,7.7336526
bionom,32069,619,7.905503
biophys,1069,620,6.4295964
biospher,1077,621,8.039034
biotic,1085,622,6.989212
bipolar,1092,623,8.280196
birch,1093,624,7.3822546
bird,1094,625,6.746266
birth,1095,626,4.8059735
birthweight,388046,627,7.844878
bite,1099,628,5.9159174
bivari,1103,629,5.9507036
biweek,1104,630,8.113142
black,1105,631,4.694155
blast,1110,632,8.280196
bleed,32168,633,7.345887
blend,1112,634,7.9700413
blight,1113,635,7.3822546
blind,1114,636,7.7877197
block,1115,637,5.9245014
blood,1116,638,4.756513
bloodstream,387128,639,8.280196
bloom,1117,640,7.587049
blow,1118,641,7.844878
blue,1119,642,7.345887
bluetongu,1120,643,7.5000377
bmi,32209,644,6.4154115
bmj,372067,645,8.113142
board,1122,646,6.334286
bocavirus,484867,647,8.193185
bodi,1126,648,4.645005
bogota,32239,649,7.844878
boil,1130,650,7.9700413
boiler,1131,651,7.6335692
bolivia,1133,652,8.193185
bolster,1137,653,7.7336526
bone,1140,654,7.905503
bonferroni,32262,655,8.280196
book,1142,656,7.7336526
boost,1144,657,6.4884367
bootstrap,1145,658,7.905503
border,1146,659,5.7293315
borderlin,32285,660,8.193185
boreal,1149,661,7.844878
borehol,1150,662,8.039034
borer,,663,8.193185
born,1152,664,5.394888
borneo,1153,665,8.193185
borough,32298,666,8.039034
borrelia,32299,667,8.193185
borreliosi,32300,668,7.7877197
borrow,1155,669,8.113142
boston,32306,670,6.940422
botswana,1158,671,7.905503
bottl,1159,672,8.113142
bottom,1161,673,7.5000377
bottomup,1162,674,6.8068905
bound,1165,675,6.8068905
boundari,1166,676,5.584341
bovin,1167,677,7.6335692
box,1170,678,8.039034
boy,32343,679,6.247275
brain,1176,680,7.5000377
brake,1177,681,7.905503
branch,1178,682,7.0945725
brasileira,368875,683,7.419995
brazil,1181,684,4.5126734
brazilian,1182,685,5.667456
braziliensi,369391,686,8.280196
breach,1183,687,7.3822546
breadth,1185,688,8.193185
break,1186,689,6.6707582
breakdown,1187,690,7.905503
breast,1192,691,7.9700413
breastfeed,387027,692,7.7877197
breath,1193,693,6.6350403
breathabl,369439,694,8.193185
breed,1196,695,5.394888
breez,1198,696,7.682359
breteau,406961,697,7.2123556
brick,1200,698,7.345887
bridg,1201,699,6.827944
brief,1202,700,6.7660685
briefli,1203,701,7.5425973
bright,1204,702,7.905503
bring,1207,703,5.4686055
brisban,1209,704,6.5192084
britain,1210,705,8.113142
british,1211,706,6.600554
broad,1213,707,5.3262334
broadcast,1215,708,8.280196
broaden,1216,709,7.419995
broader,1217,710,5.7802515
broadleav,1219,711,8.280196
broken,1222,712,7.905503
bronchial,32468,713,7.7877197
bronchiol,433135,714,7.310796
bronchiti,32469,715,6.6350403
bronx,32471,716,7.905503
brooklyn,369709,717,8.039034
brought,1229,718,6.178282
brown,1230,719,7.276894
brt,1232,720,7.6335692
brucellosi,32485,721,7.844878
brunt,32499,722,8.193185
brussel,32503,723,7.9700413
bth,32525,724,7.682359
budget,1243,725,6.5192084
bueno,1246,726,7.682359
buffalo,1247,727,7.9700413
buffer,1248,728,6.334286
build,1250,729,3.9554617
buildup,1251,730,7.419995
built,1252,731,4.970981
builtup,1253,732,6.989212
bulb,1254,733,6.3606033
bulk,1256,734,7.2441044
bulletin,32558,,
burden,1265,735,3.6082172
bureau,1266,736,5.701358
burgdorferi,1267,737,8.280196
burkard,32583,738,7.0145297
burkina,1271,739,6.989212
burn,1272,740,4.451555
burnt,1274,741,8.039034
bus,1277,742,7.0671735
busan,32591,743,7.7877197
buse,1278,744,7.7336526
bush,1279,745,8.193185
bushehr,370324,746,8.193185
bushfir,1280,747,7.151731
busi,1281,748,5.7364492
businessasusu,1282,749,7.2441044
butadien,32598,750,8.280196
buy,1286,751,7.9700413
byproduct,1291,752,7.419995
cairn,32667,753,7.905503
calam,32676,754,7.844878
calcium,1312,755,7.7877197
calcul,1314,756,3.4934623
calendar,1317,757,5.8182793
calibr,1318,758,6.0433626
california,1319,759,5.394888
call,1320,760,4.8116236
callout,402854,761,7.9700413
calm,1322,762,7.6335692
calori,1323,763,8.039034
cambodia,1331,764,6.989212
cambridg,1333,765,7.9700413
came,1334,766,6.550957
cameroon,1336,767,7.276894
camp,1337,768,6.9168916
campaign,1338,769,5.218506
campo,1339,770,7.9700413
campus,1340,771,7.181584
campylobact,32754,772,7.0145297
campylobacteriosi,32755,773,7.844878
camx,32757,774,8.280196
canada,1341,775,4.9415193
canadian,1343,776,6.0531187
canal,1344,777,7.4592156
cancer,1347,778,4.980998
candid,1348,779,7.0945725
canin,32778,780,6.871429
canopi,1353,781,6.6891074
canyon,1355,782,7.181584
cap,1359,783,7.345887
capabl,1360,784,5.4577355
capac,1361,785,3.9566658
cape,1364,786,7.276894
capit,1367,787,4.834547
capita,1368,788,5.7581105
captur,1373,789,4.568844
car,1374,790,5.9245014
carbon,17,791,3.8195264
carbonac,1379,792,6.458584
carcinogen,1398,793,5.9507036
card,32906,794,8.039034
cardiac,1399,795,5.578225
cardiocerebrovascular,474744,796,8.280196
cardiolog,387112,797,7.9700413
cardiometabol,387115,798,8.113142
cardiopulmonari,32913,799,6.550957
cardiorespiratori,32914,800,6.308644
cardiovascular,1400,801,3.838615
cardiovascularrel,474847,802,7.7336526
care,1401,803,3.8981695
caregiv,32916,804,6.7660685
caribbean,1406,805,6.347358
carlo,1408,806,6.3740263
carolina,1410,807,6.4014254
carri,1415,808,4.043458
carriag,32946,809,7.682359
carrier,1416,810,6.940422
cart,32951,811,8.113142
cartograph,32957,812,8.193185
cascad,1421,813,6.9168916
case,1422,814,2.3996632
casecontrol,32967,815,5.9507036
casecrossov,32968,816,4.7431974
caseon,479300,817,8.193185
casestudi,1423,818,7.844878
cash,1424,819,7.587049
casper,480184,820,8.039034
cassava,1427,821,8.280196
cast,1428,822,8.039034
casualti,32992,823,6.567218
cat,1431,824,8.039034
catalogu,1434,825,8.039034
catalonia,1435,826,7.844878
catalyst,1438,827,8.039034
catalyt,1439,828,8.193185
catarina,,829,8.193185
catastroph,1441,830,5.9245014
catch,1442,831,6.6176486
catchment,1443,832,6.8068905
categor,1445,833,5.4631557
categori,1446,834,4.5168843
categoris,1447,835,6.9645195
cation,1451,836,8.039034
cattl,1452,837,6.093124
caucasian,33032,838,8.113142
caught,1454,839,7.181584
caus,1455,840,2.6837964
causal,1456,841,5.3262334
causat,1457,842,6.3740263
causespecif,33038,843,5.5966873
caution,1459,844,6.940422
cautious,1460,845,7.7336526
cchf,33077,846,8.193185
ccs,1481,847,8.280196
cdc,1485,848,5.9245014
cdcs,33098,849,7.6335692
ceas,1494,850,8.039034
ceil,1498,851,7.7336526
cell,1499,852,6.0241313
cellular,1500,853,7.9700413
celsius,1503,854,6.940422
cement,1506,855,7.276894
census,1511,856,5.168703
cent,1512,857,6.4014254
center,1515,858,4.012408
centil,369440,859,7.7336526
centr,1517,860,4.9545064
central,1518,861,3.7783685
centro,33171,862,8.113142
centroid,1522,863,8.280196
centuri,1523,864,4.623652
ceratopogonida,,865,8.193185
cereal,1532,866,8.193185
cerebr,33199,867,7.2123556
cerebrovascular,33200,868,6.0146523
certain,1534,869,4.6260023
certainti,1535,870,7.7877197
certif,1536,871,6.827944
cfr,33248,872,8.039034
cfum,369869,873,7.844878
cge,,874,8.280196
chaga,33269,875,7.3822546
chain,1558,876,5.6282353
challeng,1560,877,3.617615
chamber,1561,878,7.5425973
chanc,1562,879,6.458584
chang,18,880,1.9635239
changchun,33301,881,8.280196
changeinduc,1564,882,7.2441044
changerel,1566,883,6.2836423
changsha,370204,884,7.3822546
channel,1568,885,6.6350403
chapter,1571,886,7.905503
char,1572,887,8.193185
charact,1573,888,7.4592156
character,1574,889,3.8879943
characteris,1575,890,5.8339043
characterist,1576,891,3.3457222
charcoal,1577,892,7.5425973
charg,1578,893,7.276894
chart,1580,894,6.4733987
chd,33384,895,8.039034
check,1588,896,6.2237444
checklist,1589,897,6.6707582
checkup,387821,898,8.193185
chemic,1592,899,4.4223413
chemistri,1595,900,5.701358
chemistryclim,1596,901,7.6335692
chemistrytransport,33402,902,7.7336526
chemoprophylaxi,370501,903,8.280196
chemotherapi,33417,904,8.039034
chengdu,33423,905,7.276894
chennai,33425,906,7.3822546
chest,33430,907,7.3822546
chhattisgarh,33436,908,8.113142
chi,1604,909,6.2713723
chiang,33438,910,7.905503
chiapa,33439,911,8.280196
chicago,1605,912,6.9168916
chicken,1607,913,7.7877197
chief,1609,914,7.3822546
chikungunya,1612,915,5.275414
chikv,33450,916,7.0405054
child,1613,917,4.891194
childbirth,387069,918,8.039034
childhood,1614,919,5.1059375
children,1615,920,3.4424722
chile,1616,921,6.567218
chilean,1617,922,7.7336526
chill,1619,923,7.0405054
chimney,1621,924,7.905503
china,1622,925,3.0827043
chines,1624,926,4.6742043
chisquar,33473,927,6.0337005
chlorid,1634,928,7.844878
chlorin,1635,929,7.276894
choic,1644,930,5.4310675
cholera,1645,931,5.7728167
cholesterol,33503,932,7.276894
chongq,33508,933,6.9168916
choos,1646,934,6.8068905
chose,1647,935,7.9700413
chosen,1648,936,5.7293315
christma,33526,937,8.193185
chromatographi,1651,938,7.7336526
chromatographymass,1652,939,8.193185
chronic,1655,940,4.3013644
chronolog,1656,941,7.7336526
cigarett,33587,942,7.9700413
cinahl,384640,943,6.940422
circadian,1669,944,7.6335692
circul,1672,945,5.0759726
circular,1673,946,7.5000377
circulatori,33612,947,6.093124
circumfer,33618,948,7.4592156
circumst,1675,949,5.99596
cis,1679,950,6.2713723
citat,1681,951,7.7336526
cite,1682,952,6.786271
citi,1683,953,2.6363568
citizen,1684,954,5.5133057
citylevel,33640,955,7.0405054
cityspecif,33643,956,5.810557
citywid,33645,957,7.0671735
civic,33648,958,7.9700413
civil,1687,959,6.005263
civilian,33649,960,7.7877197
ckd,33651,961,8.193185
cladosporium,33665,962,6.7660685
claim,1692,963,5.7436175
clarifi,1695,964,5.882301
clariti,1696,965,7.7877197
class,1697,966,5.4416494
classic,1698,967,6.4295964
classif,1699,968,5.17276
classifi,1700,969,5.0576906
classroom,1701,970,7.5425973
clay,1706,971,7.9700413
clean,1710,972,5.109747
cleaner,1711,973,6.4154115
cleanli,33698,974,7.905503
cleanup,1712,975,7.682359
clear,1713,976,4.2042007
clearer,1716,977,7.5000377
client,1719,978,7.6335692
climat,19,979,1.8046234
climatebas,33728,980,6.940422
climatechang,1723,981,6.893902
climatechangerel,33733,982,8.193185
climatedriven,1724,983,6.7268476
climatehealth,33746,984,7.7336526
climateinduc,1727,985,6.940422
climaterel,1728,986,5.330984
climateresili,33767,987,7.844878
climatesensit,1729,988,6.145492
climatolog,1732,989,5.3550816
clinic,1739,990,4.0200806
clinician,33798,991,6.600554
clm,1742,992,8.280196
close,1746,993,4.4378157
closer,1748,994,6.5192084
closest,1749,995,7.0145297
closur,1750,996,6.827944
cloth,1751,997,6.786271
cloud,1753,998,6.1033807
cloudi,1755,999,7.310796
clue,1758,1000,7.7877197
cluster,1760,1001,4.2244663
cmaq,33852,1002,6.827944
cmb,33854,1003,8.193185
cmip,1764,1004,6.9645195
coagul,1774,1005,7.6335692
coal,1775,1006,4.9097705
coalbas,1777,1007,8.193185
coalfir,1779,1008,6.334286
coalit,1780,1009,7.7877197
coars,1782,1010,5.8418097
coarser,1784,1011,7.7877197
coast,1787,1012,5.1290154
coastal,1788,1013,4.4033294
coastlin,1789,1014,7.310796
coat,1790,1015,7.905503
cobenefit,1792,1016,5.218506
coccidioidomycosi,369444,1017,8.039034
cochran,33965,1018,6.786271
cocircul,898977,1019,7.7336526
cocoa,1801,1020,8.113142
code,1806,1021,5.168703
coe,1809,1022,8.193185
coeffici,1810,1023,4.366357
coemit,34009,1024,7.844878
coexist,1818,1025,7.345887
coffe,1820,1026,8.113142
cognit,1825,1027,6.334286
coher,1827,1028,6.567218
cohes,1828,1029,7.0145297
cohort,1830,1030,4.5001473
coincid,1833,1031,5.4577355
coinfect,34073,1032,6.9645195
coke,1837,1033,7.9700413
cold,1839,1034,3.6741173
colder,1842,1035,6.1033807
coldest,1843,1036,6.6350403
coldrel,34096,1037,6.0146523
coli,1846,1038,6.600554
colic,370100,1039,7.682359
coliform,1847,1040,7.276894
collabor,1849,1041,5.27092
collaps,1851,1042,7.345887
collat,1853,1043,7.345887
collect,1855,1044,2.75185
colleg,1857,1045,6.3213825
collinear,34123,1046,7.587049
collis,1859,1047,7.844878
coloc,1863,1048,8.280196
colombia,1864,1049,6.0829716
colombian,1865,1050,7.4592156
colombo,370215,1051,8.039034
colon,1866,1052,7.181584
coloni,1867,1053,7.276894
color,1869,1054,7.1227436
colorado,1870,1055,7.151731
colour,1871,1056,7.905503
columbia,1872,1057,6.6350403
column,1873,1058,7.345887
combat,1878,1059,6.145492
combin,20,1060,3.2922404
combust,1879,1061,4.5446935
come,1881,1062,5.0256023
comfort,1882,1063,5.4154015
command,1883,1064,7.905503
commenc,1884,1065,7.844878
comment,1886,1066,8.113142
commentari,1887,1067,7.7336526
commerci,1888,1068,5.810557
commiss,1889,1069,7.0671735
commit,1890,1070,6.2121835
committe,1891,1071,6.583747
commod,1892,1072,7.905503
common,1893,1073,3.505667
commonest,34169,1074,7.844878
communal,1895,1075,7.905503
commune,34174,1076,7.7336526
communic,1897,1077,4.633086
communiti,21,1078,3.0642729
communityacquir,395700,1079,7.7336526
communitybas,1898,1080,5.452345
communitydwel,387037,1081,7.682359
communityl,,1082,8.193185
communitylevel,1899,1083,6.550957
communityspecif,34181,1084,7.7877197
commut,1900,1085,6.84945
comorbid,34185,1086,5.9867435
compact,1902,1087,7.5000377
compani,1903,1088,6.4733987
compar,22,1089,2.5230167
comparison,1905,1090,4.23396
compart,1906,1091,8.280196
compartment,1907,1092,7.9700413
compat,1908,1093,7.6335692
compel,1909,1094,7.419995
compens,1910,1095,6.334286
compet,1912,1096,5.8989677
competit,1913,1097,6.989212
compil,1915,1098,5.8989677
complaint,34192,1099,6.6707582
complement,1916,1100,6.1347966
complementari,1918,1101,6.746266
complet,1919,1102,4.571069
complex,1920,1103,4.0877905
compli,1921,1104,7.2441044
complianc,1922,1105,6.871429
complic,1923,1106,5.284464
compliment,34197,1107,8.280196
compon,1924,1108,4.09884
compos,1925,1109,6.65274
composit,1926,1110,4.696677
compost,1927,1111,8.193185
compound,1928,1112,4.980998
comprehens,1931,1113,4.297969
compress,1932,1114,8.280196
compris,1934,1115,5.1606383
compromis,1935,1116,6.4295964
comput,1936,1117,5.043302
con,1937,1118,7.9700413
conceiv,1939,1119,7.9700413
concentr,23,1120,2.6473565
concentrationrespons,34223,1121,6.534957
concept,1940,1122,5.240012
conceptu,1941,1123,5.7802515
concern,1943,1124,3.5118256
concert,1944,1125,7.0145297
conclud,1947,1126,4.41851
conclus,1948,1127,2.206314
conclusionsignific,387843,1128,8.193185
conclusionssignific,370728,1129,6.567218
conclusionsthi,34233,1130,8.280196
concomit,1949,1131,6.786271
concord,1950,1132,7.905503
concret,1951,1133,7.181584
concurr,1953,1134,5.8260612
condens,1954,1135,6.9168916
condit,24,1136,2.5569081
condition,1955,1137,7.3822546
conduc,1956,1138,6.4154115
conduct,1957,1139,2.7671342
confer,1960,1140,6.4014254
confid,1961,1141,3.595543
confidenti,34253,1142,8.193185
configur,1962,1143,6.786271
confin,1963,1144,6.84945
confirm,1964,1145,4.0200806
confirmatori,34254,1146,8.280196
conflict,1965,1147,5.5133057
conform,1967,1148,8.280196
confound,1968,1149,4.704282
confront,1969,1150,6.7268476
confus,1970,1151,7.4592156
congen,1971,1152,8.113142
congenit,34261,1153,6.989212
congest,1973,1154,6.3213825
congo,1975,1155,7.2123556
conidia,34272,1156,7.844878
conjunct,1983,1157,6.0146523
connect,1984,1158,4.991116
connecticut,34282,1159,7.9700413
conscious,1986,1160,7.844878
consecut,1987,1161,4.8669505
consensus,1988,1162,6.443985
consent,34296,1163,7.345887
consequ,1989,1164,3.8070002
consequenti,1990,1165,8.039034
conserv,1991,1166,5.6029177
consid,1995,1167,2.9643068
consider,1996,1168,3.921159
consist,25,1169,3.6850762
consolid,1997,1170,7.3822546
consortium,1999,1171,7.6335692
constant,2003,1172,5.420596
constitu,2005,1173,6.2354403
constitut,2006,1174,5.5661035
constrain,2007,1175,5.968561
constraint,2008,1176,5.968561
construct,2009,1177,4.3150635
consult,2010,1178,5.907407
consum,2011,1179,5.9245014
consumpt,2012,1180,4.696677
contact,2014,1181,5.5019417
contagi,34318,1182,7.905503
contain,26,1183,4.9066505
contamin,2016,1184,4.961064
contempl,2017,1185,8.113142
contemporan,2018,1186,8.193185
contemporari,2019,1187,6.534957
contend,2020,1188,7.9700413
content,27,1189,5.0871043
contermin,2022,1190,8.193185
context,2024,1191,3.860261
contextspecif,34324,1192,8.039034
contextu,2025,1193,6.4295964
contigu,2026,1194,6.4154115
contin,2027,1195,6.156303
continent,2028,1196,5.708278
conting,2030,1197,6.989212
continu,2031,1198,3.7369015
continuum,2032,1199,8.280196
contract,2035,1200,6.786271
contradict,2036,1201,8.039034
contradictori,2037,1202,7.6335692
contrari,2039,1203,6.308644
contrast,28,1204,4.6027455
contribut,29,1205,2.9905527
contributor,2040,1206,5.1809235
control,2041,1207,2.6463811
controversi,2042,1208,6.6176486
conurb,,1209,8.193185
convect,2044,1210,7.181584
conveni,2045,1211,6.871429
convent,2046,1212,5.641139
converg,2047,1213,6.8068905
convers,2048,1214,5.674145
convert,2049,1215,6.534957
convey,2051,1216,7.7877197
convinc,2053,1217,7.9700413
cooccur,2055,1218,7.905503
cooccurr,2056,1219,7.1227436
cook,2057,1220,5.405092
cookstov,2058,1221,6.4884367
cool,2059,1222,4.8230195
cooler,2060,1223,6.062971
cooper,2064,1224,6.093124
coordin,2065,1225,5.2799287
cop,2066,1226,8.280196
copd,34387,1227,5.85781
cope,2067,1228,4.8116236
copi,2070,1229,8.193185
copollut,371563,1230,7.0405054
copper,2072,1231,7.844878
copyright,402344,1232,5.08338
cordoba,34438,1233,7.587049
core,2081,1234,5.8182793
corn,2085,1235,7.5000377
coronari,34478,1236,6.156303
coronavirus,477916,1237,7.4592156
corpor,2089,1238,7.0945725
correct,2090,1239,5.474085
correl,30,1240,2.8315015
correspond,2091,1241,4.083678
corridor,2092,1242,7.181584
corrobor,2093,1243,6.989212
cosinor,480366,1244,8.193185
cost,2102,1245,4.056686
costa,2103,1246,7.587049
costbenefit,2104,1247,6.5192084
costeffect,2105,1248,5.8740706
costliest,34532,1249,7.905503
cote,34542,1250,8.039034
cotton,2108,1251,7.7336526
cough,34558,1252,6.5192084
could,31,1253,3.0128067
council,2110,1254,6.583747
counsel,34561,1255,7.7877197
count,2111,1256,4.39957
counter,2112,1257,6.893902
counteract,2113,1258,7.2441044
counterfactu,34565,1259,7.5000377
countermeasur,2118,1260,7.181584
counterpart,2119,1261,6.600554
counti,2120,1262,4.2166233
countri,2121,1263,2.8572507
countriesregion,34573,1264,8.280196
countrylevel,34576,1265,7.345887
countrysid,34578,1266,8.280196
countryspecif,2122,1267,7.345887
countrywid,34579,1268,7.4592156
countylevel,2123,1269,6.2354403
countyspecif,34581,1270,7.7336526
coupl,2124,1271,4.8087945
cours,2126,1272,5.6346664
covari,2129,1273,5.0047684
covariateadjust,415197,1274,8.280196
cover,2130,1275,4.145757
coverag,2131,1276,5.0649633
covid,2138462,1277,7.419995
cow,2132,1278,7.7877197
cox,2134,1279,6.178282
cramp,369065,1280,7.905503
crash,2148,1281,6.9168916
crd,34659,1282,8.113142
creactiv,387669,1283,7.7877197
creat,2154,1284,4.2548447
creatinin,34664,1285,7.905503
creation,2155,1286,6.4884367
creativ,2156,1287,6.9645195
credibl,2157,1288,6.65274
credit,2158,1289,6.583747
crf,2164,1290,8.280196
cri,34690,1291,7.5425973
crime,2165,1292,7.2123556
crimeancongo,34696,1293,7.905503
crimin,34697,1294,8.039034
crise,2166,1295,6.746266
crisi,2167,1296,5.9331594
criteria,2168,1297,4.6050467
criterion,2169,1298,6.0241313
critic,2170,1299,4.0500503
critiqu,2171,1300,7.905503
croatia,2172,1301,7.4592156
crop,2173,1302,4.4674916
cropland,2174,1303,7.3822546
cross,2176,1304,5.2443695
crossbord,34748,1305,7.905503
crosscorrel,2177,1306,6.5192084
crossov,2182,1307,7.151731
crosssect,2184,1308,4.0620265
crosssector,2185,1309,7.1227436
crossvalid,2186,1310,6.5192084
crowd,2187,1311,7.0945725
crowdsourc,34798,1312,8.280196
crown,2188,1313,6.9168916
crucial,2191,1314,4.8669505
crude,2192,1315,6.567218
cruis,2193,1316,8.039034
crustal,2197,1317,7.345887
cruzi,34813,1318,7.905503
cryptosporidiosi,34831,1319,7.905503
cryptosporidium,34832,1320,7.5425973
ctm,2210,1321,7.7877197
cuba,2212,1322,7.310796
cubic,2213,1323,6.65274
culex,2216,1324,6.167232
culicida,34918,1325,6.334286
culicifaci,370186,1326,7.6335692
culicoid,2217,1327,7.7336526
cultiv,2220,1328,6.1137433
cultivar,2221,1329,6.989212
cultur,2222,1330,4.974309
cumul,2223,1331,4.395825
cupressacea,34941,1332,7.844878
curat,34947,1333,7.905503
curb,2227,1334,7.0671735
cure,2229,1335,8.113142
curitiba,370315,1336,8.280196
current,2232,1337,3.172599
curricula,34958,1338,8.039034
curriculum,2234,1339,8.039034
curtail,2235,1340,7.9700413
curv,2236,1341,5.1566305
custom,2240,1342,7.1227436
cut,2241,1343,6.6891074
cutan,34981,1344,5.865907
cutoff,2243,1345,6.600554
cvd,34996,1346,5.959593
cvds,446354,1347,7.7877197
cycl,2252,1348,4.4146934
cyclic,2253,1349,6.786271
cyclist,35029,1350,8.280196
cyclon,2255,1351,5.578225
cyprus,2262,1352,7.682359
cystic,384571,1353,7.9700413
czech,2266,1354,7.310796
daegu,35093,1355,8.039034
daili,2267,1356,2.735374
dairi,2268,1357,6.9645195
dakota,2269,1358,8.193185
dali,2270,1359,6.4884367
dalla,35112,1360,8.039034
dam,2271,1361,6.871429
damag,2272,1362,4.1156473
damp,2274,1363,6.8068905
danger,2277,1364,5.452345
danish,2278,1365,8.193185
dark,2282,1366,7.905503
das,2284,1367,7.682359
data,32,1368,1.7947285
databas,2285,1369,3.9872491
datadriven,2286,1370,7.5000377
dataset,2287,1371,4.6050467
datasus,462958,1372,7.9700413
date,2288,1373,4.571069
dawn,35195,1374,8.193185
day,2293,1375,2.601576
daylight,2296,1376,7.0145297
dayofweek,465051,1377,7.9700413
daytim,2299,1378,5.542293
daytoday,2300,1379,7.0671735
dba,35211,1380,8.113142
dbp,35216,1381,7.0945725
dead,2307,1382,6.503704
deadliest,371507,1383,7.587049
deal,2309,1384,5.667456
dealt,2310,1385,7.682359
dearth,2311,1386,7.3822546
death,2312,1387,3.121141
debat,2313,1388,6.247275
debilit,35249,1389,7.905503
debri,2314,1390,7.587049
dec,2318,1391,6.893902
decad,2319,1392,3.9165187
decarbon,2322,1393,7.905503
decay,2324,1394,7.7877197
deceas,35277,1395,7.6335692
deced,408988,1396,7.682359
decemb,2327,1397,3.719643
decemberfebruari,2328,1398,7.7336526
decentr,2329,1399,7.7336526
decid,2331,1400,7.0145297
decidu,2332,1401,8.193185
decis,2335,1402,4.3609266
decisionmak,2336,1403,5.132914
declar,2339,1404,6.443985
declin,2340,1405,4.3133407
decompos,2342,1406,7.419995
decomposit,2343,1407,6.4154115
decoupl,2344,1408,7.9700413
decreas,33,1409,3.0212815
decrement,35309,1410,7.9700413
dedic,2345,1411,7.2441044
deduc,2346,1412,7.9700413
deduct,2347,1413,8.193185
deem,2348,1414,7.2441044
deep,2349,1415,6.3213825
deepen,2350,1416,7.276894
deeper,2351,1417,6.7077994
deepli,2353,1418,7.7336526
deepwat,2356,1419,7.844878
default,2358,1420,8.193185
defec,35328,1421,7.6335692
defect,2360,1422,7.6335692
defens,2363,1423,7.276894
defici,2364,1424,6.2121835
deficit,2365,1425,6.600554
defin,2366,1426,3.9387548
definit,2367,1427,5.1809235
deforest,2371,1428,6.2007546
degrad,2377,1429,5.4363446
degre,34,1430,3.0761895
dehp,372045,1431,8.193185
dehydr,2384,1432,6.534957
deidentifi,480294,1433,8.193185
del,2386,1434,7.5425973
delay,2388,1435,4.885078
deleteri,2390,1436,7.0145297
delhi,2391,1437,6.0829716
deliber,2393,1438,7.7336526
delin,2396,1439,6.827944
deliv,2397,1440,5.907407
deliveri,2398,1441,5.4577355
delta,2400,1442,5.5600977
dem,2410,1443,8.193185
demand,2411,1444,4.7975583
dementia,372374,1445,7.3822546
democrat,2416,1446,7.0945725
demograph,2417,1447,3.9107482
demographi,2418,1448,7.2123556
demonstr,2420,1449,3.570666
den,2421,1450,7.905503
dengu,2429,1451,3.823737
dengueendem,407879,1452,8.113142
denmark,2433,1453,7.310796
denomin,35434,1454,8.193185
denot,2434,1455,7.310796
dens,2435,1456,5.3502154
densiti,2439,1457,3.8580751
densitydepend,2440,1458,8.193185
dental,2441,1459,8.280196
denv,35452,1460,6.2592506
depart,2444,1461,3.9130526
department,35460,1462,8.280196
departur,2445,1463,7.5000377
depend,35,1464,3.5871816
depict,2446,1465,6.347358
deplet,2447,1466,6.2836423
deploy,2448,1467,5.802894
deposit,2449,1468,5.99596
depress,2450,1469,4.964359
depriv,2451,1470,6.4014254
dept,368876,,
depth,2452,1471,5.496308
der,2453,1472,8.280196
deriv,2455,1473,4.3483706
dermal,35491,1474,8.193185
dermat,35492,1475,7.2123556
dermatolog,35493,1476,7.682359
des,2456,1477,7.587049
descend,2458,1478,7.419995
describ,36,1479,3.7593963
descript,2460,1480,4.3976955
descriptiveanalyt,423186,1481,8.280196
descriptor,2461,1482,8.039034
desert,2462,1483,5.959593
desertif,2463,1484,7.5000377
deserv,2465,1485,7.0671735
design,2467,1486,3.3211732
designmethodologyapproach,368841,1487,6.443985
desir,2468,1488,6.4014254
despit,2471,1489,4.080946
destin,2473,1490,6.827944
destroy,2474,1491,6.786271
destruct,2475,1492,6.0433626
detach,2477,1493,7.7336526
detail,2478,1494,4.4674916
detect,2479,1495,3.8174279
detector,2480,1496,7.7877197
deterior,2482,1497,5.667456
determin,37,1498,2.7711759
determinist,2483,1499,7.310796
detriment,2486,1500,5.882301
detroit,35544,1501,7.345887
devast,2491,1502,5.4631557
develop,38,1503,2.3345377
development,2492,1504,6.871429
devianc,2493,1505,7.345887
deviat,2494,1506,5.1526384
devic,2495,1507,6.1137433
devis,2496,1508,6.9168916
devot,2499,1509,7.276894
dew,2500,1510,6.3213825
dhaka,35582,1511,6.84945
dhf,369662,1512,6.940422
dhs,35585,1513,7.844878
diabet,35589,1514,5.1809235
diagnos,2512,1515,4.732671
diagnosi,2513,1516,4.645005
diagnost,2514,1517,5.08338
diagram,2515,1518,7.5000377
dial,35595,1519,8.193185
dialogu,2516,1520,7.587049
dialysi,35599,1521,7.9700413
diamet,2517,1522,4.491883
diapaus,2520,1523,8.113142
diari,35614,1524,7.3822546
diarrhea,2522,1525,5.7436175
diarrheal,35615,1526,6.145492
diarrhoea,35616,1527,6.387632
diarrhoeal,35617,1528,7.1227436
diastol,369784,1529,6.6350403
dichotom,35636,1530,7.905503
dictat,2528,1531,7.905503
die,2530,1532,5.379774
diego,35649,1533,8.113142
diesel,2535,1534,5.7293315
diet,2536,1535,6.4733987
dietari,2537,1536,6.7077994
differ,39,1537,2.2187393
differenceindiffer,35664,1538,7.2441044
differenti,2538,1539,5.0613203
difficult,2539,1540,5.2100315
difficulti,2540,1541,5.7581105
diffus,2542,1542,6.4014254
digest,2543,1543,7.0145297
digit,2544,1544,6.3740263
dilemma,2546,1545,7.9700413
dilut,2547,1546,7.310796
dimens,2549,1547,5.536428
dimension,2550,1548,8.113142
diminish,2554,1549,6.1347966
dioxid,40,1550,4.164861
dipol,2565,1551,7.7877197
diptera,2566,1552,5.882301
dire,35751,1553,7.7336526
direct,41,1554,3.4098685
director,2567,1555,7.4592156
disabilityadjust,35764,1556,6.6176486
disabl,2568,1557,5.865907
disadvantag,2569,1558,6.0829716
disaggreg,2570,1559,7.151731
disagr,2571,1560,8.193185
disappear,2573,1561,7.0145297
disast,2574,1562,3.3040895
disasteraffect,370417,1563,7.345887
disasterpron,35770,1564,7.7336526
disasterrel,35771,1565,6.1137433
disastr,2575,1566,7.5000377
disbenefit,35772,1567,7.9700413
discard,2577,1568,8.039034
discern,2578,1569,7.345887
discharg,2579,1570,5.6154966
disciplin,2580,1571,6.940422
disclos,2582,1572,8.113142
discomfort,2584,1573,6.3213825
disconnect,2585,1574,8.193185
discontinu,2586,1575,7.6335692
discount,2588,1576,7.682359
discourag,2589,1577,8.280196
discours,2590,1578,7.0671735
discov,2591,1579,6.583747
discoveri,2592,1580,7.587049
discrep,2593,1581,6.65274
discret,2594,1582,6.9645195
discrimin,2595,1583,6.827944
discuss,2597,1584,3.7653487
diseas,2598,1585,2.1608982
diseasefre,35790,1586,8.039034
diseaserel,,1587,8.280196
diseasespecif,387079,1588,8.039034
disentangl,2599,1589,7.7336526
disinfect,2601,1590,7.844878
disord,2607,1591,4.536054
dispar,2608,1592,5.548193
dispatch,2609,1593,7.0671735
dispens,35811,1594,8.039034
dispers,2610,1595,4.961064
displac,2611,1596,5.27092
display,2612,1597,5.5076075
dispos,2613,1598,6.6176486
disposit,35815,1599,8.039034
disproport,2614,1600,8.039034
disproportion,2615,1601,5.680879
disrupt,2618,1602,5.4577355
dissect,2619,1603,7.6335692
dissemin,2620,1604,5.882301
dissert,35823,1605,8.280196
dissimilar,2621,1606,8.039034
dissip,2623,1607,7.9700413
dissolv,2626,1608,7.905503
distal,2627,1609,7.7877197
distanc,2628,1610,4.8609805
distant,2629,1611,7.1227436
distinct,2631,1612,4.9676642
distinguish,2632,1613,6.1347966
distress,2634,1614,5.6608114
distribut,42,1615,2.7471662
distributedlag,408663,1616,7.4592156
district,2635,1617,3.6961567
districtlevel,35844,1618,7.345887
disturb,2636,1619,6.387632
diurnal,2638,1620,4.964359
diverg,2640,1621,6.827944
divers,2641,1622,4.600449
diversif,2642,1623,6.65274
diversifi,2643,1624,7.0405054
divid,2645,1625,5.2575564
divis,2647,1626,6.296065
divoir,35868,1627,7.844878
divorc,35869,1628,8.280196
dizzi,383968,1629,8.039034
dlnm,35874,1630,5.708278
dlnms,460781,1631,7.7877197
dna,2657,1632,6.7268476
doctor,35901,1633,6.600554
document,2660,1634,4.443681
documentari,2661,1635,8.113142
doe,2662,1636,4.855046
dog,2663,1637,6.583747
dollar,2666,1638,6.7660685
domain,2670,1639,5.5541277
domest,2672,1640,4.885078
domin,2673,1641,4.369993
donat,2674,1642,8.113142
done,2675,1643,4.8316526
dongt,35945,1644,8.280196
donor,2676,1645,7.6335692
door,2677,1646,8.039034
dordrecht,35956,1647,7.844878
dos,35961,1648,8.193185
dosag,2681,1649,8.113142
dose,2682,1650,6.2121835
doserespons,35963,1651,6.6176486
dot,2683,1652,8.113142
doubl,2684,1653,5.7364492
doubt,2685,1654,7.587049
download,2689,1655,7.5425973
downscal,2691,1656,5.7728167
downstream,2693,1657,7.7877197
downtown,36010,1658,7.1227436
downward,2694,1659,6.567218
downwind,2696,1660,6.3740263
draft,2698,1661,7.7877197
drain,2701,1662,7.419995
drainag,2702,1663,6.503704
dramat,2704,1664,5.5019417
drastic,2705,1665,6.7660685
draw,2706,1666,5.4686055
drawback,2707,1667,8.193185
drawn,2709,1668,6.2713723
drc,36031,1669,8.280196
drew,2711,1670,8.193185
dri,2712,1671,4.215062
drier,2713,1672,6.5192084
driest,2714,1673,7.5425973
drink,2717,1674,5.0082107
drinkingwat,36047,1675,7.9700413
drive,2720,1676,5.043302
driven,2721,1677,4.9447503
driver,2722,1678,4.4339247
drop,2724,1679,5.6346664
drought,2727,1680,4.2646327
droughtaffect,36060,1681,8.280196
droughtpron,2729,1682,7.844878
droughtrel,36068,1683,7.7877197
drove,2732,1684,7.905503
drown,2733,1685,6.9168916
drr,2734,1686,7.419995
drug,2735,1687,5.6944847
drybulb,36082,1688,8.280196
dryland,2738,1689,7.7336526
dryness,2739,1690,7.3822546
dsm,2745,1691,8.113142
dsmiv,704535,1692,7.9700413
dss,2747,1693,8.113142
dtr,2749,1694,6.347358
dual,2750,1695,7.151731
due,43,1696,2.6293032
dummi,36141,1697,7.9700413
dump,2754,1698,7.844878
dung,2757,1699,7.844878
duplic,2758,1700,8.039034
durabl,2759,1701,8.193185
durat,2760,1702,4.2026587
dure,44,1703,2.0176642
dust,2762,1704,4.5555987
dusti,36165,1705,7.419995
dutch,2763,1706,7.5000377
duti,2764,1707,7.276894
dwell,2766,1708,6.062971
dweller,2767,1709,6.503704
dynam,45,1710,3.7291942
dysenteri,36193,1711,6.6350403
dysfunct,36194,1712,7.151731
dyslipidemia,387148,1713,7.9700413
ear,2776,1714,7.6335692
earli,2777,1715,3.7633605
earlier,2778,1716,5.235674
earlylif,36212,1717,7.7336526
earlywarn,36225,1718,8.039034
earn,2783,1719,7.7336526
earth,2784,1720,5.6282353
earthquak,2786,1721,5.654211
eas,2788,1722,7.587049
easi,2789,1723,7.0145297
easier,2790,1724,7.844878
easili,2791,1725,6.0729213
east,2793,1726,4.4300485
easter,2795,1727,7.4592156
eastern,2796,1728,4.369993
eat,2799,1729,7.276894
ebc,36260,1730,7.905503
ebola,36264,1731,7.5425973
ebsco,387164,1732,8.193185
ecg,372962,1733,8.280196
echam,2809,1734,8.280196
echinococcosi,372999,1735,8.280196
eci,373026,1736,7.587049
eclampsia,403436,1737,8.193185
ecmwf,2815,1738,7.905503
ecoclimat,36302,1739,8.113142
ecoepidemiolog,36307,1740,7.4592156
ecolog,2823,1741,3.9176767
econom,2825,1742,3.4317234
econometr,2826,1743,7.151731
economi,2827,1744,5.0220995
economywid,2829,1745,8.193185
ecoregion,2831,1746,8.113142
ecosystem,46,1747,4.8201585
ecotox,2836,1748,7.5000377
ecuador,2841,1749,6.8068905
eczema,373397,1750,7.419995
ed,2842,1751,7.181584
edema,36371,1752,8.113142
edg,2847,1753,7.3822546
edit,2849,1754,7.419995
editori,36380,1755,6.871429
edmonton,36382,1756,8.193185
educ,2851,1757,3.880151
edv,36386,1758,8.113142
ef,2859,1759,7.682359
effect,47,1760,1.7980623
efficaci,2860,1761,5.977611
effici,2861,1762,4.3081903
effort,2864,1763,3.8343415
egg,2866,1764,6.0829716
egypt,2870,1765,7.6335692
ehe,36439,1766,7.844878
ehf,373829,1767,7.7877197
ehi,403610,1768,8.193185
eight,2874,1769,4.7947693
eighteen,2875,1770,7.3822546
eighti,36454,1771,7.419995
eip,36463,1772,8.193185
eir,36464,1773,8.193185
either,2877,1774,4.855046
elabor,2881,1775,6.9645195
elast,2883,1776,7.7336526
elder,2885,1777,4.1693225
elect,2886,1778,7.7336526
electr,2887,1779,4.8230195
electrif,2888,1780,8.039034
electrifi,36489,1781,8.193185
electrocardiogram,389486,1782,8.113142
electrolyt,2892,1783,7.7877197
electron,2894,1784,5.5019417
element,2898,1785,4.6166344
elementari,2899,1786,7.419995
elev,48,1787,4.031701
eleven,2901,1788,6.550957
elicit,2902,1789,7.0405054
elig,2903,1790,6.1137433
elimin,2904,1791,5.054074
elisa,36533,1792,6.4295964
els,2909,1793,8.193185
elsevi,2910,1794,4.609666
elsewher,2911,1795,6.308644
elucid,2912,1796,5.959593
elus,2913,1797,8.113142
em,2914,1798,7.587049
email,36564,1799,7.6335692
eman,2915,1800,7.7877197
embank,2916,1801,8.193185
embas,36572,1802,6.308644
embed,2918,1803,7.0145297
embodi,2919,1804,8.113142
embol,2920,1805,7.682359
embrac,2921,1806,7.7336526
emdat,36582,1807,7.5000377
emerald,36587,1808,7.7877197
emerg,2924,1809,3.0529842
emiss,49,1810,2.96074
emit,2930,1811,4.974309
emitt,2931,1812,7.2441044
emot,2932,1813,6.0829716
emphas,2935,1814,5.275414
emphasi,2936,1815,5.8260612
emphasis,2937,1816,7.0145297
empir,2938,1817,4.6619344
employ,2940,1818,4.1100135
employe,2941,1819,6.84945
empow,2942,1820,7.0405054
empower,36626,1821,7.5000377
emr,36627,1822,8.280196
enabl,2946,1823,4.888131
enact,2947,1824,7.3822546
enceph,2950,1825,6.178282
enclos,2952,1826,8.113142
encompass,2955,1827,6.5192084
encount,2956,1828,6.0729213
encourag,2957,1829,5.542293
end,2960,1830,4.5981584
endang,2961,1831,7.310796
endem,2964,1832,4.274517
endocrin,2966,1833,7.905503
endogen,2968,1834,7.587049
endors,2970,1835,7.844878
endotheli,375013,1836,8.039034
endotoxin,36673,1837,7.682359
endpoint,2975,1838,7.0671735
endur,2977,1839,7.6335692
energi,2981,1840,4.0408335
energyeffici,2982,1841,7.587049
energyrel,2984,1842,7.905503
energysav,2985,,
enforc,2986,1843,6.534957
engag,2987,1844,4.987732
engin,2989,1845,5.7364492
england,2990,1846,5.7581105
english,2991,1847,5.9331594
enhanc,2992,1848,3.9387548
enjoy,2994,1849,8.039034
enlarg,2995,1850,7.9700413
enm,2996,1851,7.7336526
enorm,2997,1852,6.7268476
enough,2998,1853,6.0241313
enrich,2999,1854,6.6891074
enrol,3000,1855,5.3847866
enrolle,388430,1856,7.7877197
ensembl,3001,1857,5.708278
enso,3002,1858,6.2121835
ensu,3005,1859,7.5000377
ensur,3006,1860,4.91604
entail,3007,1861,7.0945725
enter,3008,1862,5.7222643
enterovirus,36772,1863,7.310796
enterpris,3009,1864,7.0405054
entir,3011,1865,4.8144603
entiti,3012,1866,6.940422
entitl,3013,1867,8.039034
entomolog,3014,1868,5.330984
entr,3015,1869,8.039034
entrench,3019,1870,8.039034
entri,3021,1871,6.9168916
entropi,3022,1872,6.7660685
enumer,3023,1873,8.039034
envelop,3024,1874,7.5425973
envenom,375610,1875,7.7877197
envimet,36790,1876,8.193185
environ,50,1877,3.27564
environment,51,1878,2.5442107
envis,3026,1879,7.9700413
envisag,3027,1880,7.905503
enzoot,36806,1881,7.7877197
enzym,3029,1882,7.844878
enzymelink,36808,1883,8.113142
epa,3038,1884,6.062971
epidem,3042,1885,3.867949
epidemiolog,3043,1886,3.355581
epidemiologist,36837,1887,7.3822546
epilepsi,387149,1888,8.280196
episod,3048,1889,4.5913167
epistaxi,926742,1890,8.280196
epizoot,3051,1891,7.7877197
equal,3056,1892,5.2100315
equat,3057,1893,5.094595
equatori,3058,1894,7.0671735
equilibrium,3062,1895,6.827944
equin,36891,1896,7.844878
equip,3063,1897,5.9331594
equit,3064,1898,7.0405054
equiti,3065,1899,6.2592506
equival,3066,1900,5.218506
era,3069,1901,6.786271
erad,3070,1902,6.534957
erainterim,3071,1903,8.113142
eros,3079,1904,6.7077994
errat,3082,1905,7.4592156
error,3084,1906,4.9843593
erupt,3086,1907,7.0405054
erv,376357,1908,8.193185
escal,3088,1909,6.9645195
escap,3089,1910,7.844878
escherichia,3091,1911,6.9168916
especi,3095,1912,3.210149
essenti,3099,1913,4.6027455
est,3100,,
establish,3101,1914,3.8279653
estat,3102,1915,7.905503
estim,52,1916,2.4024603
estuari,3105,1917,7.682359
eta,3108,1918,8.113142
etc,3109,1919,5.578225
ethanol,3112,1920,8.039034
ethic,3114,1921,6.84945
ethiopia,3115,1922,5.5019417
ethiopian,3116,1923,7.0945725
ethnic,3117,1924,5.7293315
ethnograph,3118,1925,7.5425973
etiolog,37010,1926,5.7952895
eucalyptus,3127,1927,8.039034
euro,3134,1928,7.276894
europ,3135,1929,4.292897
europaea,,1930,8.280196
european,3137,1931,4.4960065
eutroph,3140,1932,7.345887
evacu,3142,1933,5.3550816
evacue,504390,1934,7.345887
evalu,3143,1935,2.802972
evapor,3144,1936,6.4733987
evapotranspir,3146,1937,6.940422
even,3148,1938,3.8142881
event,3150,1939,2.8803895
eventbas,37097,1940,8.113142
eventu,3151,1941,6.827944
ever,3152,1942,6.2007546
evergreen,3154,1943,8.280196
everi,3155,1944,4.350155
everyday,3157,1945,6.989212
everyon,37111,1946,7.905503
everywher,3158,1947,7.9700413
evi,3159,1948,7.905503
evid,53,1949,3.1154103
evidenc,3160,1950,6.84945
evidencebas,3161,1951,5.959593
evolut,3163,1952,5.446983
evolv,3166,1953,6.296065
ewe,3167,1954,8.280196
exacerb,3168,1955,4.4735336
exact,3169,1956,6.334286
exagger,3170,1957,8.193185
examin,54,1958,2.635392
exampl,3171,1959,4.4857287
exceed,3173,1960,4.1255836
excel,3174,1961,6.387632
except,3175,1962,4.491883
excess,3176,1963,4.121313
exchang,3177,1964,6.334286
exclud,3181,1965,5.4851346
exclus,3182,1966,6.1347966
execut,3186,1967,6.84945
exemplifi,3188,1968,7.844878
exercis,3190,1969,6.308644
exert,3193,1970,5.787742
exhal,37146,1971,7.7877197
exhaust,3194,1972,5.542293
exhibit,3195,1973,4.7405553
exist,3197,1974,3.6375551
exit,3198,1975,7.6335692
exogen,3199,1976,6.786271
exot,3200,1977,7.7336526
expand,3203,1978,5.0220995
expans,3204,1979,5.0871043
expect,3205,1980,3.7584076
expedit,3206,1981,8.193185
expenditur,3208,1982,5.977611
expens,3209,1983,6.6707582
experi,55,1984,3.7045484
experienc,3210,1985,3.8958993
experienti,37169,1986,8.280196
experiment,3211,1987,5.7802515
expert,3212,1988,5.496308
expertis,3213,1989,6.786271
expiratori,373765,1990,6.9645195
explain,3214,1991,4.014959
explan,3215,1992,6.2836423
explanatori,3216,1993,5.667456
explicit,3217,1994,5.701358
exploit,3218,1995,6.4154115
explor,3219,1996,3.2485707
exploratori,3220,1997,6.0729213
explos,3221,1998,6.989212
expon,3222,1999,8.113142
exponenti,3223,2000,6.786271
export,3224,2001,7.151731
expos,3225,2002,4.047408
exposur,3226,2003,2.5703714
exposurelagrespons,517066,2004,8.193185
exposurerespons,37182,2005,5.6944847
express,3227,2006,5.4631557
extant,3228,2007,8.039034
extend,3229,2008,4.875973
extens,3230,2009,4.7145123
extent,3232,2010,4.4634833
extern,3234,2011,5.132914
extinct,3235,2012,7.2123556
extra,3237,2013,6.600554
extract,3239,2014,4.7591977
extraordinari,3240,2015,7.905503
extrapol,3242,2016,6.7268476
extrem,3245,2017,3.0326939
extrins,3246,2018,6.786271
eye,3249,2019,6.5192084
fabric,3251,2020,7.587049
face,3253,2021,4.351942
facetofac,37235,2022,6.6707582
facil,3256,2023,4.7017407
facilit,3257,2024,4.7591977
fact,3258,2025,5.4154015
factor,3259,2026,2.0743537
factori,3260,2027,6.940422
faculti,3262,2028,7.6335692
faecal,3265,2029,7.181584
fail,3267,2030,5.9331594
failur,3268,2031,5.3502154
fair,3269,2032,6.6707582
falciparum,3271,2033,5.654211
fall,3272,2034,4.925519
fallen,3273,2035,8.113142
fals,3276,2036,7.4592156
famili,3278,2037,4.5867815
familiar,3279,2038,7.844878
famin,3280,2039,6.9168916
fan,3282,2040,7.3822546
fao,3283,2041,8.280196
far,3285,2042,5.0796695
farm,3287,2043,4.828767
farmer,3288,2044,4.8520913
farmland,3289,2045,7.587049
farmlevel,3290,2046,8.113142
farmwork,37299,2047,7.9700413
farreach,3292,2048,8.193185
farther,3293,2049,8.113142
fasciola,37315,2050,7.7877197
fascioliasi,37316,2051,8.193185
fashion,3295,2052,8.039034
faso,3296,2053,6.989212
fast,3297,2054,6.2354403
faster,3298,2055,6.534957
fastest,3299,2056,7.905503
fatal,3302,2057,4.9676642
fate,3303,2058,7.844878
fatigu,3304,2059,7.276894
fauna,3308,2060,6.940422
favor,3310,2061,5.2443695
favour,3311,2062,5.708278
fear,3314,2063,6.7268476
feasibl,3315,2064,5.7293315
featur,3317,2065,4.849146
feb,37377,2066,7.9700413
febril,37380,2067,5.968561
februari,3318,2068,4.704282
februarymarch,37383,2069,8.039034
fecal,3319,2070,7.0405054
fed,3322,2071,7.5000377
feder,3323,2072,5.2100315
feed,3325,2073,6.0531187
feedback,3326,2074,6.4733987
feel,3331,2075,6.247275
fell,3335,2076,6.600554
felt,3337,2077,6.3740263
fema,374983,2078,7.2123556
femal,3338,2079,3.8913746
femalehead,37412,2080,8.193185
feno,395942,2081,8.113142
fertil,3349,2082,6.1033807
festiv,37459,2083,7.419995
fetal,37460,2084,6.65274
fetus,37462,2085,8.193185
fev,375254,2086,7.276894
fever,3354,2087,4.063366
fewer,3355,2088,5.4363446
fewest,37463,2089,8.280196
fgd,37474,2090,8.113142
fgds,375335,2091,7.9700413
fiber,3357,2092,7.9700413
fibril,368906,2093,7.2123556
fibrinogen,546234,2094,8.039034
field,56,2095,4.166346
fieldwork,3364,2096,7.5425973
fifteen,3365,2097,6.827944
fifth,3366,2098,6.6891074
fifti,3367,2099,7.682359
fight,3369,2100,7.276894
figur,3370,2101,6.4295964
fiji,3371,2102,7.5425973
filariasi,37523,2103,7.419995
file,3373,2104,6.9645195
fill,3374,2105,5.6476536
film,3376,2106,7.844878
filter,3377,2107,6.0337005
filterbas,37530,2108,8.280196
filtrat,3378,2109,7.419995
final,3380,2110,4.1995816
financ,3381,2111,6.600554
financi,3382,2112,5.0983615
find,3383,2113,2.504798
fine,3384,2114,3.8690522
finer,3386,2115,7.0945725
finescal,3389,2116,7.0145297
fingerprint,3392,2117,8.113142
finish,3393,2118,8.039034
finland,3395,2119,7.0671735
fire,3399,2120,4.659498
firearm,388127,2121,7.844878
firefight,37566,2122,7.682359
firerel,37574,2123,7.7877197
firewood,3401,2124,7.6335692
firework,375894,2125,7.905503
firm,3402,2126,7.7336526
first,57,2127,3.2072978
firsthand,37595,2128,8.113142
firstord,3405,2129,7.587049
fiscal,3407,2130,7.844878
fish,3409,2131,6.4154115
fisher,3410,2132,7.276894
fisheri,3411,2133,6.9645195
fit,3415,2134,4.3150635
five,3416,2135,3.7885
fiveyear,3418,2136,7.0405054
fix,3419,2137,5.5966873
fixedeffect,37623,2138,7.844878
fixedsit,486557,2139,8.280196
flag,3423,2140,8.039034
flame,3425,2141,8.113142
flare,3429,2142,7.587049
flash,3430,2143,6.2713723
flat,3432,2144,7.419995
flavivirus,37651,2145,6.9645195
flea,3437,2146,8.280196
fleet,3440,2147,6.5192084
flexibl,3441,2148,6.2354403
fli,3443,2149,5.9159174
flight,3444,2150,8.113142
flood,3447,2151,3.4680119
floodaffect,37693,2152,6.989212
floodplain,3448,2153,7.5000377
floodpron,3449,2154,6.503704
floodrel,37701,2155,6.65274
floodrisk,37702,2156,8.280196
floodwat,3450,2157,7.345887
floor,3451,2158,6.827944
flora,3452,2159,7.682359
florida,3454,2160,5.959593
flow,3459,2161,5.3599715
flower,3460,2162,6.4295964
flu,37727,2163,7.276894
fluctuat,3463,2164,4.7458463
flue,3464,2165,7.7336526
fluid,3465,2166,7.0405054
fluoranthen,368930,2167,7.905503
fluoresc,3470,2168,8.039034
fluorid,3471,2169,7.6335692
flush,3473,2170,8.039034
fluvial,3474,2171,7.9700413
fluviatili,37757,2172,8.039034
flux,3475,2173,6.4884367
focal,3480,2174,7.151731
foci,3481,2175,6.4014254
focus,3482,2176,3.2659311
focuss,3483,2177,6.989212
fodder,3484,2178,8.280196
fog,3485,2179,7.310796
fold,3486,2180,5.9507036
follow,58,2181,3.0476303
followup,3489,2182,5.572146
food,3490,2183,4.0768614
foodborn,3491,2184,6.65274
foot,3493,2185,5.85781
foothil,3494,2186,7.419995
footprint,3495,2187,6.9645195
forag,3496,2188,7.844878
forc,3501,2189,4.843281
forcer,37824,2190,8.113142
forecast,3502,2191,4.0111346
forefront,3503,2192,8.193185
foreign,3504,2193,6.8068905
foremost,3506,2194,7.844878
forens,37840,2195,7.419995
forese,3507,2196,7.4592156
foreseen,3508,2197,8.280196
forest,59,2198,4.546865
forestri,3512,2199,6.9168916
forgotten,,2200,8.280196
form,3517,2201,4.407103
formal,3518,2202,6.0531187
formaldehyd,3519,2203,6.9645195
format,3520,2204,4.997919
former,3521,2205,6.443985
formul,3523,2206,5.420596
formula,3524,2207,7.310796
forth,3526,2208,8.113142
forthcom,3527,2209,8.039034
forti,3528,2210,7.345887
fortnight,37904,2211,7.6335692
fortyf,37909,2212,8.280196
forum,,2213,8.280196
forward,3531,2214,6.178282
foshan,398071,2215,8.280196
fossil,3532,2216,5.275414
fossilfuel,3534,2217,7.844878
foster,3535,2218,6.4295964
found,60,2219,2.507623
foundat,3537,2220,6.387632
four,61,2221,3.507972
fourier,3540,2222,7.7877197
fourteen,3541,2223,7.181584
fourth,3542,2224,6.503704
fouryear,,2225,8.193185
fraction,3548,2226,4.6050467
fractur,3549,2227,6.827944
fragil,3550,2228,6.786271
fragment,3551,2229,6.7268476
frail,373830,2230,8.193185
frame,3554,2231,5.85781
framework,3555,2232,3.9947305
franc,3556,2233,5.8905997
franci,37970,2234,6.4884367
francisco,3557,2235,7.5425973
fraxinus,3559,2236,8.280196
free,3560,2237,5.9331594
freedom,3562,2238,8.113142
freeli,3563,2239,7.587049
freeway,38012,2240,8.280196
freez,3566,2241,7.5000377
freight,3569,2242,7.905503
french,3570,2243,6.308644
frequenc,3571,2244,3.7205942
frequent,3572,2245,3.7885
fresh,3573,2246,6.6891074
freshwat,3576,2247,6.65274
fri,,2248,8.280196
friday,374125,2249,8.113142
friend,3579,2250,6.65274
fring,3580,2251,7.310796
front,3582,2252,6.84945
frontier,3584,2253,7.682359
frontlin,38055,2254,7.905503
frost,3585,2255,7.0405054
fruit,3588,2256,6.7077994
fuel,3593,2257,4.2042007
fugit,3598,2258,7.7877197
fujian,38118,2259,7.6335692
fukuoka,38120,2260,8.113142
fukushima,3599,2261,7.4592156
fulfil,3600,2262,6.786271
full,3601,2263,5.27092
fulli,3602,2264,5.394888
fulltext,385012,2265,7.587049
function,3606,2266,3.9675684
fund,3607,2267,5.6476536
fundament,3608,2268,5.941893
funestus,38152,2269,8.113142
fungal,3609,2270,5.810557
fungi,3610,2271,6.296065
fungicid,3611,2272,8.193185
fungus,3612,2273,7.905503
furnitur,38164,2274,8.039034
furthermor,3616,2275,4.2962756
fusarium,3617,2276,7.587049
futur,62,2277,2.8697684
fuzzi,3620,2278,6.893902
fvc,38182,2279,7.844878
gain,3627,2280,4.997919
galveston,38219,2281,7.7336526
gam,3634,2282,5.7728167
gambia,3635,2283,6.9645195
game,3636,2284,7.2441044
gamm,375111,2285,8.113142
gamma,3638,2286,8.113142
gansu,3642,2287,7.682359
gap,3643,2288,4.4146934
garbag,38255,2289,7.5000377
garden,3645,2290,6.7660685
gas,63,2291,4.2355514
gase,3646,2292,5.2799287
gaseous,3647,2293,5.6029177
gasolin,3653,2294,6.334286
gasparticl,38289,2295,7.9700413
gastric,38301,2296,7.9700413
gastroenter,38303,2297,6.550957
gastrointestin,3657,2298,6.0433626
gate,,2299,8.280196
gather,3661,2300,5.3405533
gaug,3662,2301,6.9645195
gaussian,3663,2302,6.871429
gave,3664,2303,6.65274
gbd,375608,2304,7.7877197
gbs,38329,2305,8.039034
gcm,3667,2306,7.7336526
gcms,3668,2307,6.940422
gdl,375868,2308,8.113142
gdp,3673,2309,5.810557
gear,3674,2310,8.113142
gee,38372,2311,7.4592156
gender,3679,2312,4.1501336
gene,3680,2313,6.871429
genera,3681,2314,6.600554
general,64,2315,2.9638603
generalis,3682,2316,6.167232
generaliz,3684,2317,7.5425973
generat,3685,2318,3.874586
generic,3686,2319,6.9168916
genesi,3687,2320,8.280196
genet,3688,2321,6.0531187
genitourinari,376080,2322,8.113142
genom,3690,2323,8.039034
genotox,38407,2324,8.113142
genotyp,3692,2325,6.4733987
genus,3695,2326,6.458584
geoclimat,38434,2327,8.193185
geocod,38435,2328,7.181584
geodetector,1651993,2329,8.113142
geograph,3703,2330,3.425329
geographi,3704,2331,6.0433626
geoloc,38458,2332,7.844878
geolog,3705,2333,7.0405054
geomagnet,3706,2334,7.905503
geometr,3708,2335,6.940422
geometri,3709,2336,7.905503
geomorpholog,3711,2337,8.193185
geophys,3713,2338,6.871429
geopotenti,3716,2339,8.193185
georeferenc,3717,2340,6.746266
georg,3718,2341,7.905503
georgia,3719,2342,6.6891074
geoschem,3720,2343,6.989212
geospati,3722,2344,6.0829716
geostatist,3724,2345,6.3213825
gerai,38489,2346,7.419995
geriatr,387195,2347,7.844878
german,3729,2348,6.600554
germani,3730,2349,5.316799
gestat,3733,2350,5.810557
get,3734,2351,5.9867435
getisord,372666,2352,7.4592156
ghana,3737,2353,6.334286
ghg,3739,2354,5.8989677
ghgs,3742,2355,7.587049
giardia,38541,2356,7.7877197
girl,38579,2357,6.1242146
gis,3753,2358,5.2531414
gisbas,3754,2359,7.310796
give,3757,2360,5.420596
given,3758,2361,4.1058087
gkg,3759,2362,7.7336526
glacier,3764,2363,7.6335692
glass,3768,2364,8.039034
glm,3773,2365,6.9168916
global,65,2366,2.9201853
globalis,,2367,8.280196
globalscal,3776,2368,7.844878
globe,3777,2369,5.452345
glucos,3783,2370,7.0945725
gmbh,38729,2371,6.7660685
go,3792,2372,7.0671735
goal,3793,2373,4.566624
goat,3794,2374,7.4592156
god,38760,2375,8.280196
goe,3797,2376,7.905503
gold,3799,2377,7.7336526
golestan,38766,2378,8.193185
gonotroph,38779,2379,8.193185
good,3806,2380,4.4939427
goodnessoffit,3807,2381,7.905503
googl,3808,2382,6.0531187
got,3813,2383,7.5000377
gothenburg,38795,2384,7.905503
govern,3814,2385,3.8635485
government,3815,2386,6.296065
governor,38803,2387,7.7877197
gps,3819,2388,6.9168916
grade,3823,2389,6.2237444
gradient,3824,2390,5.7222643
gradual,3825,2391,5.5541277
graduat,3826,2392,7.682359
grain,3828,2393,5.9245014
grainsm,374262,2394,8.113142
gram,3830,2395,7.5425973
gramneg,3832,2396,7.9700413
grand,3834,2397,6.583747
granger,3836,2398,7.3822546
grant,3838,2399,7.345887
graph,3843,2400,7.276894
graphic,3845,2401,7.0145297
grass,3848,2402,6.3606033
grassland,3853,2403,6.84945
grassroot,3854,2404,7.7877197
gravid,38874,2405,7.587049
gravimetr,3857,2406,7.276894
graviti,3859,2407,7.7877197
graze,3861,2408,7.310796
great,3863,2409,4.3412657
greater,3864,2410,3.4717143
greatest,3865,2411,4.5084805
greec,3866,2412,6.145492
greek,3867,2413,8.039034
green,3868,2414,5.08338
greeneri,38889,2415,7.9700413
greenhous,66,2416,4.6027455
greenspac,38905,2417,7.905503
grew,3873,2418,7.9700413
grey,3874,2419,6.84945
grid,3875,2420,5.316799
gross,3882,2421,5.85781
grosso,3883,2422,7.3822546
ground,3884,2423,5.029117
groundbas,3885,2424,6.600554
groundlevel,3886,2425,5.99596
groundwat,3888,2426,6.4014254
group,3889,2427,3.0175061
grow,3892,2428,4.249986
grower,3893,2429,8.039034
grown,3895,2430,6.84945
growth,67,2431,4.2197533
gruyter,368953,2432,7.7877197
guangdong,3901,2433,6.503704
guangxi,39038,2434,7.5000377
guangzhou,3902,2435,5.6218457
guarante,3904,2436,7.682359
guardian,39042,2437,8.280196
guatemala,3906,2438,7.9700413
guiana,3909,2439,7.844878
guid,3910,2440,4.935088
guidanc,3911,2441,5.907407
guidelin,3912,2442,4.7892137
guillainbarr,706711,2443,8.193185
guinea,3914,2444,7.682359
guizhou,39061,2445,7.844878
gujarat,39062,2446,7.5000377
gulf,3916,2447,6.296065
gust,3920,2448,7.7336526
guwahati,,2449,8.280196
gwr,3925,2450,7.310796
habit,3932,2451,6.2354403
habitat,3933,2452,5.261991
habitu,39108,2453,8.113142
hadgem,3935,2454,8.193185
haemoglobin,39133,2455,8.113142
haemorrhag,39137,2456,6.746266
hail,3937,2457,7.6335692
hainan,3938,2458,8.039034
haiti,39149,2459,7.2123556
haitian,387136,2460,8.280196
haiyan,39150,2461,7.0405054
hajj,549783,2462,8.039034
half,3941,2463,4.7919874
hall,3948,2464,8.280196
halt,3953,2465,8.113142
halv,3954,2466,7.9700413
hamper,3956,2467,7.151731
hand,3959,2468,4.9382987
handfootmouth,553704,2469,7.844878
handheld,,2470,8.280196
handl,3960,2471,6.7660685
hang,39200,2472,8.280196
hangzhou,39202,2473,7.844878
hanoi,39207,2474,7.682359
hantavirus,39209,2475,6.940422
hap,39211,2476,7.5000377
happen,3962,2477,5.8989677
happi,39223,2478,8.113142
har,3963,2479,7.905503
harbin,39227,2480,7.5425973
harbor,3964,2481,7.7336526
harbour,3965,2482,7.905503
hard,3966,2483,6.5192084
hardship,39233,2484,7.2123556
harm,3973,2485,4.980998
harmon,3974,2486,7.0405054
harri,39246,2487,8.039034
harsh,3977,2488,7.4592156
harvard,3978,2489,8.280196
harvest,3979,2490,5.6154966
harvey,39255,2491,6.7268476
haryana,39256,2492,7.5425973
hatch,3981,2493,7.7877197
hawaii,3985,2494,7.7336526
hay,3987,2495,7.419995
hazard,3988,2496,3.7603858
haze,3989,2497,5.6608114
hazi,39283,2498,7.905503
hdi,39312,2499,8.280196
head,3997,2500,5.9245014
headach,39318,2501,6.534957
heal,39328,2502,8.193185
health,4000,2503,1.5358158
healthbas,372913,2504,7.844878
healthcar,4001,2505,4.9843593
healthi,4002,2506,5.1486626
healthier,39329,2507,7.3822546
healthpromot,39331,2508,8.280196
healthrel,39332,2509,5.5541277
healthrelev,409427,2510,7.587049
hear,39334,2511,7.844878
heard,39335,2512,8.039034
heart,4004,2513,4.7809377
heat,4005,2514,2.8779285
heatassoci,403367,2515,8.113142
heatattribut,409441,2516,8.113142
heater,4006,2517,7.844878
heath,4007,2518,7.905503
heathealth,39345,2519,6.567218
heatinduc,39348,2520,8.113142
heatmort,39352,2521,7.6335692
heatrel,4009,2522,4.3483706
heatstress,39359,2523,7.3822546
heatstrok,39360,2524,7.7336526
heatvulner,373065,2525,8.193185
heatwav,4010,2526,5.054074
heatwaverel,409480,2527,7.7336526
heavi,4012,2528,4.609666
heaviest,39367,2529,8.113142
heavili,4014,2530,5.8182793
heavyduti,4015,2531,7.5000377
hebei,4016,2532,7.2441044
hectar,4017,2533,7.7336526
hefei,39382,2534,6.940422
heidelberg,39388,2535,7.844878
height,4021,2536,5.316799
heighten,4022,2537,6.3740263
heightforag,497893,2538,7.905503
heilongjiang,4024,2539,8.039034
held,4026,2540,6.093124
hellen,39416,2541,8.280196
helminth,4028,2542,7.0145297
help,4029,2543,3.5219147
helsinki,39421,2544,7.9700413
hemispher,4033,2545,6.4295964
hemoglobin,39437,2546,7.7336526
hemorrhag,39439,2547,5.3999767
henan,39441,2548,7.419995
henc,4037,2549,5.0256023
hepat,39448,2550,6.84945
herbac,4040,2551,7.9700413
herd,4046,2552,7.0671735
herder,4047,2553,7.9700413
hereaft,4048,2554,8.280196
herein,4049,2555,6.871429
heritag,4051,2556,7.844878
heterogen,4054,2557,4.5084805
hfmd,39533,2558,5.8260612
hfrs,39538,2559,6.893902
hia,39542,2560,7.5000377
hidden,4067,2561,7.0671735
hierarch,4068,2562,5.687659
hierarchi,4069,2563,7.310796
high,68,2564,2.2065234
highaltitud,4070,2565,7.5425973
highdens,4074,2566,6.893902
highend,39578,2567,8.280196
higher,69,2568,2.4628146
highest,4079,2569,3.1004577
highimpact,39605,2570,7.905503
highincid,409885,2571,7.844878
highincom,4082,2572,6.458584
highintens,4083,2573,7.905503
highland,4084,2574,6.178282
highlevel,4086,2575,7.9700413
highlight,4087,2576,3.7673407
highlow,39609,2577,7.9700413
highpressur,4092,2578,8.280196
highqual,4094,2579,7.2123556
highresolut,4095,2580,5.641139
highris,39637,2581,8.113142
highrisk,4096,2582,5.164663
hightemperatur,4100,2583,7.345887
highvolum,39657,2584,7.7877197
highway,4103,2585,6.334286
hill,4105,2586,7.0945725
hilli,4106,2587,7.0145297
himach,39667,2588,7.9700413
himalaya,4108,2589,7.151731
himalayan,4109,2590,6.940422
hindcast,4110,2591,7.9700413
hinder,4111,2592,6.387632
hindu,39674,2593,8.039034
hing,4112,2594,8.280196
hip,39677,2595,7.5000377
hirst,39691,2596,7.7336526
hirsttyp,39692,2597,7.3822546
hispan,39698,2598,6.583747
histor,4118,2599,4.3976955
histori,4119,2600,4.699206
hit,4121,2601,5.9331594
hitherto,4122,2602,7.905503
hiv,39711,2603,6.746266
hivaid,39712,2604,7.7877197
hkh,39714,2605,8.280196
hmpv,526949,2606,8.280196
hoc,4124,2607,7.6335692
hold,4127,2608,6.145492
hole,4129,2609,8.039034
holi,39749,2610,8.113142
holiday,4130,2611,5.536428
holist,4131,2612,6.4154115
home,4137,2613,4.277834
homeless,39769,2614,6.84945
homeown,4139,2615,8.280196
homicid,387246,2616,7.5425973
homogen,4142,2617,6.2713723
hondura,39789,2618,7.905503
hong,4146,2619,5.810557
hookworm,388349,2620,7.7336526
hopan,39810,2621,8.193185
hope,4148,2622,6.7268476
horizon,4150,2623,6.2592506
horizont,4151,2624,6.5192084
hors,4154,2625,7.5425973
hospit,4156,2626,3.2497582
hospitalbas,387258,2627,7.2123556
hospitalis,39827,2628,6.4154115
host,4157,2629,5.018609
hostseek,39833,2630,8.113142
hot,4160,2631,3.8701565
hotel,4161,2632,7.905503
hotspot,4162,2633,5.379774
hotter,4163,2634,6.4733987
hottest,4164,2635,6.550957
hour,4165,2636,3.9130526
hous,4166,2637,4.344812
household,4167,2638,3.5087414
householdlevel,39844,2639,7.2441044
houston,39846,2640,6.5192084
howev,70,2641,2.5389428
hpa,4168,2642,6.458584
hps,39860,2643,8.193185
hri,39864,2644,7.682359
hrs,39866,2645,7.345887
hrv,39873,2646,7.682359
hsi,39879,2647,8.193185
hub,4174,2648,7.7336526
hubei,39904,2649,7.0671735
huge,4176,2650,6.4295964
human,4178,2651,2.517859
humaninduc,4181,2652,7.4592156
humanitarian,4182,2653,6.6891074
humanmad,39933,2654,8.280196
humid,4187,2655,2.794645
humidex,39943,2656,6.989212
hunan,39958,2657,7.419995
hundr,4191,2658,5.474085
hungari,4192,2659,7.181584
hungarian,4193,2660,8.280196
hunger,4194,2661,6.387632
hunt,4195,2662,7.682359
hurrican,4200,2663,4.154529
hurricanerel,552621,2664,7.0945725
husbandri,4202,2665,7.7336526
hvi,376048,2666,8.193185
hws,39974,2667,7.844878
hybrid,4207,2668,6.2836423
hyderabad,39985,2669,7.7877197
hydrat,4208,2670,7.6335692
hydraul,4209,,
hydrocarbon,4212,2671,5.4363446
hydroclimat,4217,2672,7.682359
hydrodynam,4219,2673,7.9700413
hydrogen,4222,2674,7.587049
hydrograph,4226,2675,8.193185
hydrolog,4228,2676,5.667456
hydrometeorolog,4233,2677,6.6176486
hygien,4245,2678,5.5661035
hygroscop,4246,2679,8.193185
hyperendem,372705,2680,7.276894
hypertens,40102,2681,5.3074536
hyperthermia,40103,2682,7.844878
hypothermia,372823,2683,7.587049
hypothes,4259,2684,5.4154015
hypothesi,4260,2685,5.4102335
hypothesis,4261,2686,7.419995
hypothet,4262,2687,6.893902
hysplit,40124,2688,7.310796
iaq,40137,2689,7.844878
iberian,4273,2690,7.310796
ibm,40145,2691,8.193185
ic,4275,,
icd,40154,2692,6.145492
ice,4276,2693,6.7268476
iceland,4284,2694,8.193185
ich,373224,2695,7.7877197
icu,387160,2696,8.193185
idea,4293,2697,6.871429
ideal,4294,2698,6.296065
ideat,40219,2699,8.113142
ident,4296,2700,6.534957
identif,4297,2701,4.6189685
identifi,71,2702,2.451518
ideolog,4298,2703,8.113142
idw,40230,2704,7.9700413
igg,40249,2705,7.5000377
igm,40251,2706,6.84945
ignit,4305,2707,7.587049
ignor,4306,2708,6.0337005
igp,4307,2709,7.587049
ihd,373597,2710,6.7268476
iii,4308,2711,5.3747864
ike,40269,2712,7.0405054
ilam,510509,2713,8.280196
ilcr,705631,2714,7.7336526
ili,40274,2715,7.0945725
ill,4311,2716,4.043458
illhealth,40279,2717,7.9700413
illinoi,4313,2718,7.2123556
illiter,373736,2719,7.5000377
illiteraci,40282,2720,7.9700413
illumin,4315,2721,7.682359
illustr,4316,2722,5.029117
imag,4319,2723,5.3550816
imageri,4320,2724,6.600554
imbal,4322,2725,7.419995
immatur,4324,2726,6.9168916
immedi,4325,2727,4.7145123
immens,4326,2728,7.7877197
immigr,4328,2729,7.0145297
immin,4329,2730,7.3822546
immun,4333,2731,5.6608114
immunofluoresc,40327,2732,7.7336526
immunolog,40330,2733,7.905503
immunoprophylaxi,397978,2734,8.113142
immunosorb,40331,2735,7.905503
impact,72,2736,1.9411204
impactor,40338,2737,7.7877197
impair,4334,2738,5.85781
imped,4336,2739,7.151731
impend,4338,2740,7.345887
imper,4339,2741,6.167232
imperfect,4340,2742,8.280196
impervi,4343,2743,7.2441044
impetus,4344,2744,7.844878
implement,4346,2745,3.4533381
impli,4347,2746,5.316799
implic,4348,2747,3.6048217
implicit,4349,2748,8.039034
import,73,2749,2.475609
impos,4350,2750,6.2836423
imposs,4352,2751,7.7336526
impoverish,4354,2752,7.682359
imprecis,4355,2753,8.039034
impress,4357,2754,8.039034
improp,4359,2755,7.419995
improv,74,2756,2.9244678
imput,40366,2757,7.905503
inabl,4362,2758,7.6335692
inaccess,4363,2759,7.905503
inaccur,4364,2760,8.039034
inact,4366,2761,7.151731
inadequ,4368,2762,5.4851346
inappropri,4371,2763,7.181584
inc,4374,2764,5.6218457
incent,4375,2765,6.746266
incept,4377,2766,7.7877197
incheon,40391,2767,7.9700413
incid,4379,2768,2.845284
inciner,4380,2769,7.682359
inclin,4383,2770,8.039034
includ,75,2771,2.2259703
inclus,4384,2772,4.947992
incom,4385,2773,4.211947
incomplet,4387,2774,6.156303
inconclus,4388,2775,6.9645195
inconsist,4390,2776,5.3648853
incorpor,4391,2777,4.3754725
increas,76,2778,1.6857828
increment,4393,2779,5.302813
incub,4394,2780,6.458584
incur,4395,2781,7.0405054
incurs,,2782,8.280196
ind,4397,2783,8.280196
inde,4398,2784,6.6176486
independ,4399,2785,4.3237214
indepth,4400,2786,5.7222643
index,4401,2787,3.2910013
india,4402,2788,3.9482675
indian,4403,2789,4.970981
indic,77,2790,2.4863515
indicatorbas,40433,2791,8.113142
indigen,4406,2792,5.5133057
indirect,4407,2793,4.8059735
indispens,4408,2794,7.905503
individu,4410,2795,3.2479773
individuallevel,40447,2796,6.3606033
indoganget,4413,2797,6.84945
indonesia,4414,2798,5.7222643
indonesian,4415,2799,7.419995
indoor,4416,2800,4.248372
indooroutdoor,40458,2801,7.1227436
induc,4418,2802,5.0759726
induct,4419,2803,6.8068905
indus,4420,2804,8.280196
industri,4421,2805,3.9687872
industrialis,4422,2806,8.039034
ineffect,4423,2807,7.310796
ineffici,4424,2808,7.151731
inequ,4425,2809,5.3599715
inequit,40473,2810,7.844878
inevit,4428,2811,7.276894
inexpens,4429,2812,7.844878
infanc,4430,2813,7.5000377
infant,4431,2814,5.231354
infantum,40485,2815,7.419995
infarct,40486,2816,5.4577355
infect,4433,2817,3.287293
infecti,4434,2818,4.164861
infer,4435,2819,5.6218457
inferenti,40489,2820,7.7336526
infest,4438,2821,6.0729213
infiltr,4440,2822,6.989212
inflamm,40495,2823,6.443985
inflammatori,40496,2824,6.989212
inflat,4442,2825,7.9700413
inflict,40501,2826,8.039034
infloresc,4443,2827,8.280196
influenc,78,2828,2.7656684
influenti,4446,2829,5.941893
influenza,4447,2830,4.888131
influenzaassoci,1571546,2831,7.7336526
influenzalik,410068,2832,6.65274
influx,4448,2833,7.682359
inform,79,2834,2.7097719
informa,368845,2835,7.0945725
infrar,4449,2836,7.587049
infrastructur,4450,2837,4.3237214
infrequ,4451,2838,7.419995
ingest,4452,2839,7.3822546
inhabit,4455,2840,5.2935963
inhal,4456,2841,5.496308
inher,4457,2842,6.6350403
inhibit,4459,2843,6.7660685
inhibitor,4460,2844,7.844878
inhom,40521,2845,7.9700413
inhospit,40522,2846,7.310796
initi,4464,2847,4.3081903
inject,4467,2848,7.6335692
injur,40528,2849,6.6350403
injuri,4469,2850,4.566624
injustic,40529,2851,7.905503
inland,4471,2852,6.0241313
inner,4474,2853,6.871429
innerc,375069,2854,8.193185
innov,4475,2855,5.687659
inocul,4476,2856,7.587049
inoculum,4477,2857,7.905503
inorgan,4478,2858,6.156303
inpati,40547,2859,6.2007546
inperson,40548,2860,7.905503
input,4480,2861,4.964359
inputoutput,4481,2862,7.6335692
inquir,40552,2863,8.113142
inquiri,4483,2864,8.113142
insect,4484,2865,6.093124
insecticid,4485,2866,6.145492
insecticidetr,375220,2867,7.0145297
insecur,4487,2868,5.590495
insensit,4488,2869,8.280196
insid,4491,2870,6.062971
insight,4492,2871,4.633086
insignific,4493,2872,6.4154115
insitu,4494,2873,7.6335692
insol,4495,2874,7.682359
inspect,4497,2875,6.746266
inspir,4498,2876,8.039034
instabl,4499,2877,6.893902
instal,4500,2878,6.062971
instanc,4501,2879,6.308644
instantan,4502,2880,7.9700413
instead,4504,2881,5.9159174
institut,4505,2882,4.316789
instituto,40586,2883,8.113142
instruct,4508,2884,7.682359
instrument,4509,2885,5.405092
insuffici,4510,2886,5.584341
insul,4511,2887,6.786271
insulin,40588,2888,7.844878
insur,4513,2889,5.261991
int,40592,2890,8.113142
intak,4515,2891,6.0729213
integr,4517,2892,3.6463501
intellig,4519,2893,7.276894
intend,4520,2894,6.0433626
intens,4521,2895,3.6668775
intensif,4522,2896,6.4014254
intensifi,4523,2897,5.6154966
intent,4524,2898,6.6176486
inter,4525,2899,7.5000377
interact,4526,2900,3.9554617
interannu,4527,2901,5.6218457
intercept,4532,2902,7.0671735
intercomparison,4534,2903,6.9645195
interconnect,4535,2904,7.1227436
intercontinent,4536,2905,7.9700413
interday,394771,2906,8.113142
interdepend,4539,2907,7.682359
interdisciplinari,4540,2908,6.347358
interepidem,375586,2909,8.193185
interest,4542,2910,4.6766768
interfac,4544,2911,6.6707582
interfer,4546,2912,7.419995
intergener,4549,2913,7.905503
intergovernment,4551,2914,6.156303
interim,4553,2915,7.587049
interior,4554,2916,7.1227436
interlink,4556,2917,8.280196
intermedi,4557,2918,6.308644
intermitt,4559,2919,7.1227436
intern,4561,2920,3.971229
internet,4562,2921,6.827944
interperson,40684,2922,7.2123556
interplay,4563,2923,6.503704
interpol,4564,2924,6.1033807
interpret,4565,2925,4.828767
interquartil,40691,2926,5.3262334
interregion,4566,2927,7.7877197
interrel,4567,2928,6.827944
interrelationship,4568,2929,6.989212
interrupt,4570,2930,6.156303
intersect,4571,2931,6.4884367
intersector,40697,2932,7.5000377
interst,4576,2933,8.280196
interv,4583,2934,3.4599147
interven,4584,2935,7.682359
intervent,4585,2936,3.4140613
interview,4586,2937,4.021365
interviewe,40715,2938,7.1227436
intestin,4587,2939,6.786271
intim,4588,2940,7.181584
intra,4590,2941,7.6335692
intraannu,4591,2942,7.419995
intracerebr,705160,2943,7.419995
intraday,40733,2944,8.280196
intradiurn,550409,2945,8.280196
intraurban,40758,2946,6.827944
intrigu,4596,,
intrins,4597,2947,7.0145297
introduc,4598,2948,4.9945116
introduct,4599,2949,4.243545
intrus,4602,2950,6.600554
intuit,4603,2951,8.280196
inuit,4604,2952,8.193185
inund,4605,2953,6.2237444
invad,4607,2954,7.5000377
invas,4611,2955,5.977611
inventori,4613,2956,5.248746
invers,4614,2957,4.931888
invert,4615,2958,7.276894
invest,4617,2959,5.22277
investig,80,2960,2.6283453
invit,4619,2961,6.9645195
involv,4621,2962,4.121313
iod,4622,2963,8.193185
ion,4624,2964,6.247275
ionic,4626,2965,7.905503
iowa,4629,2966,8.280196
ipcc,4630,2967,6.2121835
ipv,376531,2968,8.113142
iqr,40822,2969,5.810557
ir,40823,2970,7.0671735
iran,4632,2971,4.891194
iranian,40825,2972,6.940422
iraq,4633,2973,7.5425973
ireland,4635,2974,7.181584
iren,40827,2975,7.5000377
irish,4637,2976,8.193185
irma,488269,2977,7.2441044
iron,4639,2978,7.0945725
irr,4641,2979,6.0241313
irradi,4642,2980,7.419995
irregular,4643,2981,6.786271
irrespect,4644,2982,7.151731
irrig,4646,2983,5.6944847
irrit,40861,2984,7.0671735
isaac,372877,2985,7.7877197
ischaem,40870,2986,7.345887
ischem,40872,2987,5.452345
isfahan,40876,2988,7.587049
isi,40879,2989,8.193185
islam,40882,2990,7.7877197
island,4651,2991,4.281162
iso,4654,2992,7.5000377
isol,4656,2993,5.316799
isopren,4659,2994,7.905503
isotop,4665,2995,8.193185
israel,4669,2996,6.9645195
issu,4670,2997,3.7683382
istanbul,40954,2998,8.113142
itali,4672,2999,5.5019417
italian,4673,3000,6.7268476
item,4675,3001,6.1347966
iter,4676,3002,7.0405054
itn,373317,3003,7.3822546
ixod,4680,3004,7.682359
izdatelstvo,501028,3005,7.905503
jackknif,40991,3006,7.905503
jakarta,40998,3007,7.6335692
jamaica,41001,3008,8.113142
jan,41005,3009,6.871429
janeiro,4684,3010,6.940422
januari,4685,3011,3.6314442
japan,4686,3012,5.0397367
japanes,4687,3013,5.865907
jaundic,388297,3014,8.193185
java,4691,3015,7.844878
jeddah,,3016,8.280196
jeopard,4693,3017,8.113142
jersey,4694,3018,6.308644
jet,4695,3019,8.039034
jharkhand,41059,3020,7.844878
jiangsu,4696,3021,6.65274
jiangxi,41062,3022,8.193185
jinan,41065,3023,7.0405054
joaquin,4700,3024,8.193185
job,4701,3025,6.4014254
john,403573,3026,6.6891074
join,4702,3027,7.5000377
joint,4703,3028,5.5966873
jordan,4704,3029,8.193185
jose,41088,3030,8.039034
journal,4705,3031,5.5248
journalspermissionsoupcom,1581482,3032,8.039034
journey,4707,3033,7.7877197
jshape,41102,3034,6.7660685
juan,4709,3035,7.4592156
judg,4710,3036,7.587049
judgment,,3037,8.280196
juli,4715,3038,4.2135034
julyaugust,4716,3039,8.193185
julyseptemb,4717,3040,7.9700413
jump,4718,3041,8.280196
junction,4719,3042,8.113142
june,4720,3043,4.1753016
juneaugust,4721,3044,7.587049
junejuli,4722,3045,7.7877197
juneseptemb,4723,3046,7.2441044
jurisdict,4728,3047,6.940422
justic,4729,3048,6.1033807
justif,4730,3049,8.193185
justifi,4731,3050,6.65274
juvenil,4732,3051,8.280196
kalaazar,516473,3052,7.844878
kalimantan,4735,3053,7.7877197
kampala,41151,3054,7.905503
kanpur,41158,3055,8.193185
kaohsiung,41160,3056,7.2123556
kap,41162,3057,7.844878
kappa,4741,3058,8.280196
karachi,41165,3059,7.345887
karnataka,41174,3060,7.844878
kashmir,,3061,8.280196
kathmandu,41185,3062,7.345887
katrina,41188,3063,5.4631557
kawasaki,41193,3064,8.280196
kazakhstan,4747,3065,8.193185
keep,4753,3066,6.145492
kelantan,,3067,8.280196
kendal,4756,3068,8.280196
kentucki,4757,3069,8.113142
kenya,4758,3070,5.8989677
kenyan,,3071,8.113142
kept,4759,3072,6.9645195
kerala,41229,3073,7.5000377
kerman,41232,3074,7.7877197
kermanshah,41233,3075,7.9700413
kernel,4761,3076,7.419995
kerosen,4762,3077,7.587049
key,4763,3078,3.627969
keyword,4765,3079,6.8068905
kgm,4769,3080,8.193185
kharif,41273,3081,7.7877197
khuzestan,375080,3082,7.6335692
khyber,41283,3083,7.682359
kidney,41288,3084,6.4295964
kill,4771,3085,6.2836423
kiln,4772,3086,7.844878
kilomet,4774,3087,6.9645195
kilometr,4775,3088,8.113142
kind,4778,3089,5.968561
kindergarten,375201,3090,8.039034
king,4781,3091,7.905503
kingdom,4782,3092,6.3740263
kit,4783,3093,7.0145297
kitchen,41319,3094,7.0671735
kluwer,368846,3095,7.419995
kmean,4786,3096,7.905503
knew,41352,3097,7.419995
know,4788,3098,5.7436175
knowledg,4789,3099,3.739807
known,4790,3100,3.7593963
kolkata,41384,3101,7.6335692
kong,4793,3102,5.85781
korea,4794,3103,5.0649633
korean,4795,3104,6.334286
kpa,4796,3105,8.280196
krige,4797,3106,6.4733987
kruskalw,41421,3107,7.7877197
kuala,41433,3108,7.0145297
kunm,41441,,
kuwait,41453,3109,7.844878
kwazulunat,41455,3110,7.9700413
kwh,4801,3111,7.844878
kyoto,4803,3112,8.280196
lab,4805,3113,8.113142
label,4806,3114,8.039034
labor,4808,3115,6.167232
laboratori,4809,3116,5.0576906
laboratoryconfirm,404056,3117,6.940422
laborintens,41478,3118,8.280196
labour,4811,3119,6.3213825
lack,4815,3120,3.866847
lag,4818,3121,3.3282177
lago,4819,3122,7.6335692
lagrangian,4821,3123,7.5425973
lahor,41521,3124,7.0145297
laid,4824,3125,8.039034
lake,4825,3126,5.8905997
lancet,41564,3127,8.039034
land,81,3128,3.7925818
landbas,4837,3129,7.682359
landcov,4838,3130,8.039034
landfal,4839,3131,5.99596
landfil,4840,3132,7.844878
landsat,4847,3133,6.84945
landscap,4848,3134,5.330984
landslid,4852,3135,6.062971
landus,4854,3136,6.0241313
lane,4856,3137,8.193185
languag,4858,3138,6.005263
lanka,4859,3139,6.534957
lankan,,3140,8.193185
lanzhou,41617,3141,7.4592156
lao,4860,3142,7.682359
laplac,41619,3143,7.9700413
larg,82,3144,3.13747
larger,4866,3145,4.371816
largescal,4868,3146,5.22277
largest,4869,3147,4.2244663
larva,4873,3148,5.968561
larval,4874,3149,5.7952895
larvicid,373022,3150,8.113142
las,4875,3151,7.682359
lasso,41659,3152,8.039034
last,4878,3153,3.897034
late,4880,3154,5.132914
latent,4883,3155,6.5192084
later,4884,3156,5.2100315
latest,4887,3157,6.4154115
latin,4891,3158,6.2121835
latino,41686,3159,8.113142
latitud,4892,3160,5.5966873
latitudin,4893,3161,7.419995
lato,41692,3162,8.039034
latrin,41697,3163,7.682359
latter,4894,3164,5.5600977
launch,4897,3165,6.940422
law,4901,3166,6.4014254
lay,4904,3167,7.0145297
layer,4905,3168,5.3847866
layout,4906,3169,8.193185
lbw,373390,3170,7.6335692
lca,4908,3171,7.2441044
lead,83,3172,3.3735754
leader,4918,3173,6.4884367
leadership,4919,3174,6.600554
leaf,4920,3175,6.4884367
leak,4923,3176,8.039034
leakag,4924,3177,7.419995
learn,4927,3178,5.029117
learnt,41791,3179,7.7336526
least,4928,3180,4.1813164
leav,4931,3181,6.005263
leaveoneout,41797,3182,8.193185
led,4933,3183,4.7754583
left,4936,3184,6.6707582
leg,4937,3185,7.9700413
legaci,4938,3186,7.905503
legal,4939,3187,6.4295964
legionella,41821,3188,7.9700413
legionnair,514775,3189,7.9700413
legisl,4940,3190,6.0433626
leishmania,41832,3191,6.387632
leishmanias,41833,3192,8.113142
leishmaniasi,4945,3193,5.3405533
leisur,4946,3194,7.587049
len,4948,3195,7.2123556
lend,4950,3196,8.113142
length,4951,3197,5.394888
lengthen,4952,3198,7.9700413
leon,41855,3199,7.587049
leptosphaeria,374078,3200,8.280196
leptospira,41870,3201,6.940422
leptospirosi,4957,3202,5.7152467
lesion,4959,3203,7.181584
less,84,3204,3.3796463
lessen,4960,3205,6.940422
lesser,4961,3206,6.4014254
lesson,4962,3207,5.6029177
let,4963,3208,8.193185
lethal,4964,3209,6.7660685
leve,4971,3210,8.193185
level,85,3211,2.2751875
leverag,4972,3212,6.7077994
levoglucosan,41901,3213,7.2123556
lhds,526282,3214,8.280196
librari,4986,3215,6.6707582
licens,4987,3216,6.871429
license,368847,3217,6.550957
lidar,4990,3218,7.5000377
lie,4991,3219,6.65274
life,4992,3220,3.9651353
lifecycl,4993,3221,6.9645195
lifelin,41952,3222,8.280196
lifelong,41953,3223,8.193185
lifespan,4996,3224,8.039034
lifestyl,4997,3225,5.7364492
lifethreaten,41958,3226,7.181584
lifetim,4998,3227,5.8182793
lifeyear,374599,3228,8.193185
lift,4999,3229,7.9700413
light,5002,3230,4.8059735
lightduti,5003,3231,8.113142
lightn,5005,3232,7.3822546
like,86,3233,3.1909177
likelihood,5012,3234,5.1809235
likewis,5013,3235,6.583747
lilac,42003,3236,8.113142
lima,42006,3237,8.193185
limb,5014,3238,8.113142
limit,5017,3239,3.1535301
limitationsimpl,5018,3240,7.9700413
limpopo,42023,3241,7.682359
line,5021,3242,5.5019417
lineag,5022,3243,8.193185
linear,5023,3244,3.5384312
linguist,5025,3245,7.9700413
link,5026,3246,3.612478
linkag,5027,3247,5.7222643
linnaeus,5029,3248,7.9700413
lipid,5034,3249,7.7877197
lipoprotein,42071,3250,7.587049
liquefi,5036,3251,7.3822546
liquid,5037,3252,7.181584
lisa,42085,3253,7.905503
lisbon,42087,3254,7.2123556
list,5041,3255,5.6944847
literaci,5045,3256,7.181584
literatur,5046,3257,3.784435
lithuania,5054,3258,8.113142
littl,5060,3259,4.0620265
livabl,42122,3260,8.193185
live,5062,3261,3.4126618
livelihood,5063,3262,4.800356
liver,5064,3263,7.310796
livestock,5065,3264,5.235674
llc,42139,3265,7.2441044
llin,388387,3266,7.5000377
lmic,387265,3267,7.419995
lmin,42154,3268,7.7877197
load,5073,3269,5.369824
local,5080,3270,2.8440952
localis,5081,3271,7.181584
locallevel,42176,3272,7.844878
localscal,5082,3273,7.5425973
locat,5083,3274,3.1449327
locationspecif,5084,3275,7.0145297
loess,5094,3276,7.5000377
log,5096,3277,6.443985
logarithm,5097,3278,7.419995
logger,5098,3279,7.905503
logic,5100,3280,7.2123556
logist,5101,3281,3.9482675
logit,5102,3282,7.276894
loglinear,42196,3283,7.276894
lognorm,5103,3284,8.113142
london,5106,3285,6.347358
long,5107,3286,4.320249
longdist,5109,3287,7.4592156
longer,5110,3288,4.7431974
longerlast,42216,3289,7.905503
longerterm,5111,3290,6.600554
longest,5112,3291,6.9168916
longev,5113,3292,7.4592156
longipalpi,375971,3293,7.419995
longitud,5114,3294,7.0945725
longitudin,5115,3295,5.0613203
longlast,5116,3296,6.600554
longliv,,3297,8.280196
longrang,5119,3298,6.178282
longrun,5120,3299,7.905503
longstand,5121,3300,7.844878
longterm,5122,3301,3.737869
longtim,5123,3302,8.113142
look,5126,3303,5.787742
loos,5129,3304,8.280196
los,5130,3305,6.443985
lose,5131,3306,7.2441044
loss,5133,3307,4.15747
lost,5135,3308,5.548193
lot,5136,3309,6.940422
loui,42267,3310,7.844878
louisiana,5138,3311,6.2836423
low,87,3312,2.9946878
lowand,42281,3313,7.4592156
lowcarbon,5140,3314,7.181584
lowcost,5141,3315,7.151731
lowdens,5142,3316,8.039034
lowemiss,5144,3317,8.039034
lower,88,3318,3.1682084
lowerincom,42307,3319,7.682359
lowest,5148,3320,4.2845006
lowincom,5151,3321,5.3898244
lowland,5153,3322,6.583747
lowlatitud,5154,3323,8.280196
lowlevel,5155,3324,7.682359
lowli,5156,3325,7.2123556
lowresourc,42360,3326,8.113142
lowrisk,42362,3327,7.905503
lowtemperatur,5163,3328,7.4592156
lpg,5164,3329,7.1227436
lrti,708207,3330,8.193185
lst,5169,3331,6.334286
ltd,5170,3332,4.974309
lui,42449,3333,8.113142
lulc,5177,3334,7.844878
lumbricoid,388484,3335,7.905503
lumpur,42458,3336,7.2123556
lung,5186,3337,5.22277
lur,404277,3338,7.682359
lutzomyia,42485,3339,6.989212
lvi,377047,3340,8.193185
lyme,5189,3341,6.9645195
lymphat,42506,3342,7.7336526
mac,5195,3343,8.193185
machin,5197,3344,6.247275
machinelearn,42536,3345,8.280196
macro,5201,3346,8.280196
macroeconom,5207,3347,7.6335692
maculipenni,42588,3348,8.280196
madagascar,5216,3349,7.7336526
made,89,3350,4.187368
madeira,42591,3351,7.844878
madhya,42593,3352,7.9700413
madrid,5219,3353,6.7660685
mae,5220,3354,7.5000377
magnet,5227,3355,8.039034
magnifi,5230,3356,7.7336526
magnitud,5231,3357,4.334211
maharashtra,42635,3358,7.345887
mai,42637,3359,7.682359
mail,42639,3360,7.905503
main,90,3361,3.0175061
mainland,5232,3362,5.9159174
mainstream,5234,3363,6.84945
maintain,5235,3364,5.132914
mainten,5236,3365,6.334286
maiz,5237,3366,6.6176486
major,5238,3367,2.833067
make,5239,3368,3.860261
maker,5240,3369,4.91919
maladapt,5242,3370,7.6335692
malari,42666,3371,7.276894
malaria,5243,3372,3.995983
malariaendem,387345,3373,7.587049
malariarel,589691,3374,8.280196
malawi,5245,3375,7.310796
malaysia,5246,3376,5.7436175
malaysian,5247,3377,7.0405054
male,5248,3378,3.8290253
malefemal,42674,3379,8.113142
malform,42676,3380,8.280196
mali,5249,3381,7.4592156
malign,42679,3382,7.5425973
malnutrit,5250,3383,5.9245014
mammal,5252,3384,7.7877197
man,5255,3385,7.1227436
manag,5256,3386,3.2153022
manaus,42709,3387,7.7877197
mandat,5258,3388,7.2123556
mandatori,5259,3389,7.0405054
manhattan,42730,3390,7.682359
mani,5262,3391,3.3275752
manifest,5263,3392,5.750838
manila,42734,3393,7.5000377
manipul,5265,3394,8.193185
mankind,5267,3395,8.193185
manmad,5268,3396,6.503704
manner,5269,3397,6.0531187
mannkendal,5270,3398,7.1227436
mannwhitney,42741,3399,7.4592156
mansoni,42746,3400,8.193185
manual,5273,3401,6.84945
manufactur,5274,3402,6.5192084
manur,5275,3403,7.682359
manuscript,5276,3404,7.5425973
map,5277,3405,3.7946289
mape,42757,3406,8.113142
mar,5280,3407,7.844878
march,5282,3408,4.297969
marchapril,5283,3409,7.844878
marchmay,5284,3410,7.905503
margin,5285,3411,5.3121157
marginalis,42779,3412,8.280196
mari,42785,3413,8.280196
maria,42786,3414,6.6891074
maricopa,42787,3415,7.7877197
marin,5287,3416,6.2836423
marit,42798,3417,6.7268476
maritim,5290,3418,7.1227436
mark,5293,3419,5.140757
marker,5295,3420,5.977611
market,5296,3421,5.8905997
markov,5298,3422,6.7077994
marri,42816,3423,6.893902
maryland,5307,3424,7.276894
mask,5309,3425,7.345887
masl,5310,3426,8.280196
mass,5311,3427,4.10023
massachusett,5312,3428,6.9168916
massiv,5315,3429,6.2121835
master,5317,3430,7.9700413
mat,5318,3431,7.905503
match,5319,3432,5.2890196
materi,5321,3433,4.3754725
matern,5322,3434,5.2575564
mathemat,5323,3435,5.609187
matlab,5324,3436,7.844878
mato,5325,3437,7.3822546
matric,5326,3438,7.905503
matrix,5327,3439,5.7728167
matter,5328,3440,3.1055884
matthew,42887,3441,7.7877197
matur,5329,3442,6.940422
mauritania,42893,3443,7.905503
max,5333,3444,7.4592156
maxent,5334,3445,6.443985
maxim,5335,3446,5.8497777
maxima,5336,3447,6.989212
maximis,5337,3448,7.7877197
maximum,5338,3449,3.2990832
may,91,3450,2.3800497
mayjun,5341,3451,7.6335692
mayoctob,5342,3452,7.6335692
mayor,42914,3453,8.039034
mayseptemb,5343,3454,7.2441044
mazandaran,,3455,8.280196
mcmc,42957,3456,7.9700413
mda,5354,3457,7.6335692
mdd,379221,3458,8.280196
mdpi,369000,3459,6.9645195
meal,5359,3460,7.310796
mean,92,3461,2.6804283
meaning,5361,3462,6.3740263
meant,5362,3463,7.3822546
meanwhil,5363,3464,5.9507036
measl,42996,3465,7.310796
measur,93,3466,2.4509833
meat,5364,3467,7.276894
mechan,5365,3468,4.311621
mechanist,5366,3469,6.4014254
med,5367,3470,6.093124
media,5368,3471,5.474085
median,5369,3472,4.696677
mediat,5370,3473,5.7152467
medic,5371,3474,3.784435
medicaid,387431,3475,7.5000377
medicar,379444,3476,6.827944
medicin,5373,3477,5.231354
mediterranean,5375,3478,5.4907055
meditsina,1579263,3479,7.905503
medium,5377,3480,5.3405533
mediumrang,5378,3481,7.905503
mediums,5379,3482,7.1227436
mediumterm,5380,3483,7.7877197
medlin,43027,3484,6.2354403
meet,5381,3485,5.0796695
mega,5382,3486,8.113142
megac,5383,3487,5.7222643
mei,5388,3488,8.280196
mekong,5389,3489,7.151731
melbourn,5390,3490,6.9168916
melioidosi,379758,3491,7.9700413
mellitus,379783,3492,6.534957
melt,5391,3493,7.5425973
member,5393,3494,5.1174097
membership,5394,3495,7.419995
membran,5395,3496,7.7877197
memori,5396,3497,7.1227436
men,5397,3498,4.7431974
mening,43114,3499,6.65274
meningococc,379904,3500,8.039034
mental,5398,3501,4.166346
mention,5399,3502,6.2836423
mercuri,,3503,8.193185
mere,5402,3504,7.419995
merg,5403,3505,6.8068905
merit,5406,3506,7.1227436
mesoscal,5419,3507,7.4592156
messag,5425,3508,6.0729213
met,5427,3509,5.496308
meta,43185,3510,7.587049
metaanalys,5428,3511,6.4733987
metaanalysi,5429,3512,5.04688
metaanalyt,43186,,
metabol,5430,3513,6.5192084
metal,5436,3514,5.667456
metapneumovirus,569826,3515,7.7336526
metaregress,43209,3516,6.2713723
meteorolog,5448,3517,2.7965314
meteorologia,376735,3518,8.193185
meter,5449,3519,6.308644
methan,94,3520,6.334286
method,95,3521,2.0390346
methodolog,5456,3522,4.2629943
methodologyprincip,43253,3523,6.567218
methodsa,387297,3524,8.280196
methodsdesign,387298,3525,8.280196
methodsth,43256,3526,8.193185
methodsw,387299,3527,7.7336526
methyl,5457,3528,8.113142
metr,5459,3529,8.113142
metric,5460,3530,5.029117
metro,5461,3531,6.9168916
metrolog,5462,3532,7.419995
metropoli,43286,3533,7.0145297
metropolis,,3534,8.193185
metropolitan,5463,3535,4.686627
mexican,5465,3536,7.0945725
mexico,5466,3537,5.479594
mgdl,377169,3538,8.113142
mgkg,5473,3539,8.193185
mgl,5474,3540,7.419995
mgm,5475,3541,6.989212
miami,43344,3542,7.9700413
mice,5481,3543,8.193185
michigan,5482,3544,7.2441044
micro,5485,3545,7.5000377
microb,5491,3546,7.7877197
microbi,5492,3547,6.2354403
microbiolog,5494,3548,6.567218
microcephali,708676,3549,7.7336526
microclim,5497,3550,6.458584
microclimat,5498,3551,7.3822546
microenviron,5502,3552,7.0405054
microlevel,43425,3553,8.113142
micromet,43431,3554,7.587049
micron,43436,3555,7.1227436
microorgan,5511,3556,7.2441044
microphys,5512,3557,8.280196
microscal,5516,3558,7.905503
microscop,5517,3559,6.458584
microscopi,5518,3560,6.6707582
microsoft,43470,3561,8.280196
mid,5525,3562,6.503704
midatlant,5526,3563,7.7877197
midcenturi,5527,3564,7.419995
midday,5529,3565,7.419995
middl,5532,3566,5.0649633
middleag,43501,3567,7.0145297
middleincom,43507,3568,6.156303
midg,5535,3569,8.193185
midland,43535,3570,7.7336526
midlatitud,5539,3571,7.310796
midnight,43544,3572,7.587049
midst,5547,3573,7.7336526
midsumm,5548,3574,8.193185
midterm,5549,3575,8.113142
midwest,5552,3576,6.84945
midwestern,5553,3577,7.682359
might,5555,3578,4.1227345
migrain,709069,3579,8.193185
migrant,5556,3580,6.746266
migrat,5557,3581,5.4154015
migratori,5558,3582,7.587049
mild,5562,3583,5.6476536
milder,5563,3584,7.310796
mildew,5564,3585,7.3822546
mile,5565,3586,7.419995
militari,5566,3587,7.0671735
milk,5567,3588,7.4592156
mill,5568,3589,8.193185
millennium,5572,3590,7.4592156
million,5575,3591,3.8343415
mimic,5577,3592,8.280196
min,5579,3593,6.062971
mina,43628,3594,7.345887
mind,5580,3595,6.84945
mine,5581,3596,5.968561
miner,5582,3597,6.4295964
minh,43642,3598,7.6335692
minim,5590,3599,4.7591977
minima,5591,3600,8.193185
minimis,5592,3601,6.6176486
minimum,5593,3602,3.837545
ministri,5595,3603,5.4907055
minnesota,5597,3604,8.039034
minor,5598,3605,5.5600977
minut,5600,3606,6.600554
mir,,3607,8.280196
mirror,5608,3608,7.7336526
misclassif,43690,3609,7.151731
mislead,5614,3610,8.039034
mismatch,5615,3611,7.7877197
miss,5616,3612,5.7802515
mission,5617,3613,7.276894
mississippi,5618,3614,6.989212
missouri,5619,3615,8.280196
mite,5621,3616,7.7877197
mitig,5622,3617,3.3810005
mix,5625,3618,4.3185177
mixedeffect,5627,3619,6.347358
mixedmethod,43737,3620,7.2441044
mixtur,5632,3621,6.6707582
miyagi,392230,3622,7.905503
mlp,43766,3623,8.193185
mlr,5638,3624,7.345887
mmhg,43779,3625,6.9645195
mmoll,43789,3626,7.905503
mmt,5646,3627,7.4592156
mobil,5650,3628,4.964359
mobilis,5651,3629,8.280196
modal,5654,3630,7.587049
mode,5655,3631,5.3747864
model,96,3632,1.8542963
modelbas,5656,3633,7.419995
moder,5661,3634,4.085047
moderateresolut,5662,3635,8.280196
modern,5663,3636,6.062971
modest,5665,3637,6.062971
modi,5666,3638,5.8418097
modif,5667,3639,4.935088
modifi,5668,3640,4.4033294
modul,5670,3641,5.882301
moist,5676,3642,7.0671735
moistur,5679,3643,5.810557
mold,5684,3644,6.746266
moldi,627293,3645,8.039034
molecular,5688,3646,6.0729213
moment,5698,3647,7.2441044
monday,379842,3648,7.5425973
monet,43911,3649,7.181584
monetari,5702,3650,6.9645195
money,5703,3651,7.5425973
mongolia,5704,3652,6.827944
mongolian,5705,3653,8.193185
monitor,5706,3654,3.3022094
monoton,5716,3655,7.4592156
monoxid,5717,3656,5.0649633
monsoon,5718,3657,4.584522
mont,5719,3658,6.3740263
month,5723,3659,2.7693367
montreal,5725,3660,7.1227436
mood,43993,3661,7.3822546
moon,5727,3662,8.280196
moral,5732,3663,7.3822546
moran,44005,3664,6.2237444
morbid,5733,3665,3.7036126
moreov,5734,3666,4.357323
morn,5736,3667,5.6346664
morocco,,3668,8.113142
morpholog,5740,3669,6.387632
mortal,5744,3670,2.7328904
mosaic,,3671,8.193185
moscow,5747,3672,7.5000377
mosquito,5749,3673,3.9223225
mosquitoborn,5750,3674,5.227053
mosquitotransmit,376765,3675,7.7336526
mother,5753,3676,5.6608114
motil,5755,,
motiv,5757,3677,5.787742
motor,5758,3678,5.8339043
motorcycl,44059,3679,7.5425973
mould,5759,3680,7.4592156
mount,5762,3681,6.893902
mountain,5763,3682,5.3648853
mouth,5765,3683,5.787742
move,5766,3684,4.699206
movement,5767,3685,5.802894
mozambiqu,5769,3686,7.0405054
mpumalanga,44095,3687,8.113142
mse,5780,3688,8.193185
msw,5784,3689,8.280196
much,5789,3690,4.2135034
mud,5790,3691,8.280196
mugm,581156,3692,7.587049
mulch,5796,3693,8.193185
multi,5797,3694,7.345887
multiannu,5799,3695,8.039034
multic,44193,3696,6.503704
multicent,377485,3697,7.151731
multicentr,377490,3698,7.587049
multicollinear,44199,3699,8.039034
multicountri,44202,3700,7.276894
multicriteria,5804,3701,7.3822546
multiday,44207,3702,8.193185
multidecad,5806,3703,7.905503
multidimension,5807,3704,6.746266
multidisciplinari,5808,3705,6.2592506
multifacet,5809,3706,7.0671735
multifactori,5811,3707,7.276894
multihazard,44226,3708,7.905503
multilay,5815,3709,7.310796
multilevel,5816,3710,5.7364492
multilinear,44232,3711,8.113142
multimodel,5819,3712,6.6707582
multin,5820,3713,7.7336526
multinomi,44243,3714,7.345887
multiphas,5822,3715,8.193185
multipl,5823,3716,3.5846868
multipli,5824,3717,6.786271
multipollut,44266,3718,6.5192084
multiregion,5827,3719,8.113142
multiscal,5828,3720,6.2121835
multisector,5829,3721,6.8068905
multisit,5830,3722,7.844878
multisourc,44281,3723,7.905503
multistag,5833,3724,6.786271
multitud,5836,3725,8.039034
multivari,5837,3726,4.1385055
multiyear,5838,3727,7.1227436
mum,5839,3728,7.905503
mumbai,44306,3729,7.5425973
mump,377990,3730,7.9700413
munich,44316,3731,8.039034
municip,5841,3732,4.479613
musculoskelet,378111,3733,7.9700413
muslim,44338,3734,7.7877197
must,5849,3735,4.882034
mutagen,44343,3736,7.7877197
mutat,5852,3737,8.113142
mutual,5854,3738,7.0671735
myalgia,411240,3739,8.113142
myanmar,5863,3740,7.3822546
myocardi,44375,3741,5.5076075
myriad,5870,3742,8.039034
naaq,44394,3743,6.7077994
nacion,44401,3744,7.7877197
nadir,5876,3745,8.039034
nadu,44413,3746,7.0945725
nagasaki,378517,3747,8.280196
nairobi,44427,3748,7.9700413
naiv,5879,3749,7.905503
nalkan,5880,,
nam,5881,3750,7.6335692
name,5882,3751,5.140757
namibia,5884,3752,8.193185
nan,,3753,8.193185
nanj,5886,3754,6.8068905
narrat,5906,3755,6.3213825
narrow,5907,3756,6.7077994
nasa,5909,3757,7.181584
nasal,44518,3758,7.5000377
nasopharyng,607315,3759,7.151731
nation,5914,3760,2.995609
nationallevel,5915,3761,7.6335692
nationalscal,44527,3762,8.193185
nationwid,5916,3763,5.298194
nativ,5917,3764,6.7077994
natur,97,3765,3.1411943
naturebas,44540,3766,7.905503
nausea,385429,3767,8.039034
navig,5919,3768,8.193185
ncd,379177,3769,8.039034
ncds,379184,3770,7.7336526
ncp,5924,3771,8.193185
ndvi,5928,3772,5.8339043
ndwi,44602,3773,7.9700413
near,5930,3774,4.1184764
nearbi,5931,3775,5.6476536
nearest,5932,3776,6.3606033
nearroad,618020,3777,8.039034
nearsurfac,5936,3778,6.9168916
nearterm,5937,3779,6.940422
necess,5943,3780,6.2237444
necessari,5944,3781,4.4674916
necessarili,5945,3782,6.600554
necessit,5946,3783,6.786271
neck,44656,3784,8.113142
need,5951,3785,2.7965314
negat,5955,3786,3.1551507
neglect,5957,3787,5.6476536
neglig,5958,3788,6.6350403
negoti,5959,3789,7.682359
neighbor,5960,3790,5.8339043
neighborhood,5961,3791,5.240012
neighborhoodlevel,395029,3792,7.844878
neighbour,5962,3793,6.3740263
neighbourhood,5963,3794,6.2713723
neither,5964,3795,6.2354403
nematod,5966,3796,7.682359
neonat,44700,3797,6.600554
neoplasm,388770,3798,7.844878
nepal,5976,3799,5.9507036
nervous,44714,3800,6.9645195
nest,5979,3801,6.334286
net,5982,3802,4.91604
netherland,5983,3803,6.583747
network,5984,3804,4.179809
neural,5985,3805,5.810557
neurofuzzi,44731,3806,8.113142
neurolog,44732,3807,6.65274
neuron,44733,3808,8.113142
neutral,5986,3809,7.2123556
nevada,5988,3810,7.587049
never,5989,3811,6.2592506
nevertheless,5990,3812,5.6944847
new,98,3813,3.2309232
newborn,44745,3814,6.827944
newer,5991,3815,7.905503
newli,5993,3816,6.0337005
news,5994,3817,7.181584
newspap,5995,3818,7.0671735
next,5996,3819,5.0504704
nexus,5998,3820,6.827944
ngm,44777,3821,6.746266
ngos,6004,3822,7.587049
nhs,44803,3823,8.280196
nicaragua,44812,3824,8.280196
nich,6011,3825,6.167232
nickel,6012,3826,8.280196
niger,6013,3827,7.2123556
nigeria,6014,3828,5.787742
nigerian,44832,3829,7.905503
night,6015,3830,5.168703
nighttim,6016,3831,5.6476536
nile,6019,3832,5.7581105
nina,6020,3833,7.1227436
nine,6022,3834,5.1566305
nineteen,6023,3835,8.113142
nineti,44853,3836,8.113142
ningbo,44859,3837,7.7877197
nino,6025,3838,5.7436175
ninosouthern,6027,3839,7.2123556
ninth,44865,3840,7.9700413
nitrat,6033,3841,5.9245014
nitric,6035,3842,6.827944
nitrogen,6040,3843,4.274517
nitrous,6044,3844,7.905503
niño,368808,3845,8.113142
nmhc,6048,3846,7.9700413
nmvoc,6051,3847,7.2441044
noaa,6053,3848,7.2441044
nocturn,6056,3849,7.181584
node,6057,3850,8.280196
nois,6059,3851,6.1347966
nomin,6062,3852,8.113142
non,6063,3853,6.4733987
nonaccident,45004,3854,5.6029177
nonattain,45024,3855,8.113142
noncanc,45037,3856,8.113142
noncarcinogen,45038,3857,7.2123556
nonclim,6069,3858,7.310796
nonclimat,6070,3859,6.989212
noncommunic,45049,3860,6.247275
noncompli,45051,3861,8.039034
nondust,377896,3862,8.280196
none,6073,3863,5.9245014
nonendem,45098,3864,7.345887
nonepidem,590894,3865,8.113142
nonetheless,6076,3866,6.7268476
nonexhaust,377974,3867,7.844878
nonextern,377988,3868,8.193185
nonfarm,45114,3869,7.844878
nonfat,45115,3870,7.2123556
nongovern,45134,3871,7.844878
nongovernment,6083,3872,7.2441044
nonhaz,593221,3873,7.9700413
nonheat,45142,3874,6.827944
nonheatwav,378135,3875,7.4592156
nonhispan,45144,3876,7.1227436
nonindigen,6087,3877,7.844878
noninfecti,45153,3878,7.905503
nonlinear,6092,3879,3.9411244
nonmethan,6096,3880,7.1227436
nonnat,6099,3881,8.193185
nonneglig,6100,3882,7.7877197
nonoptim,45216,3883,7.844878
nonoptimum,378392,3884,7.9700413
nonparametr,6102,3885,6.550957
nonprofit,45246,3886,8.193185
nonrandom,6106,3887,8.193185
nonrenew,6107,3888,8.039034
nonroad,45267,,
nonsignific,6108,3889,6.2354403
nonsmok,368983,3890,7.2123556
nonspati,45283,3891,7.9700413
nonspecif,45285,3892,7.5425973
nonstationar,6110,3893,8.113142
nonstationari,6111,3894,7.2441044
nonstructur,6113,3895,7.7877197
nontraumat,378724,3896,8.193185
nonurban,45320,3897,7.345887
nonus,45321,3898,8.193185
nonwhit,45335,3899,8.193185
noon,6118,3900,7.310796
nordic,6119,3901,8.113142
norm,6120,3902,6.7077994
normal,6121,3903,4.6166344
normalis,6122,3904,7.7877197
normat,6123,3905,7.587049
norovirus,45369,3906,7.4592156
nort,45371,3907,8.113142
north,99,3908,4.0877905
northcentr,6124,3909,7.844878
northeast,6125,3910,4.980998
northeastern,6126,3911,5.2531414
norther,6128,3912,7.587049
northern,100,3913,4.022651
northernmost,6129,3914,7.9700413
northsouth,6131,3915,7.844878
northward,6132,3916,7.2123556
northwest,6133,3917,5.248746
northwestern,6134,3918,5.7952895
norway,6135,3919,6.940422
norwegian,6136,3920,7.905503
nose,45398,3921,7.4592156
nosocomi,378992,3922,8.193185
notabl,6138,3923,5.5019417
note,6139,3924,5.0759726
noteworthi,6140,3925,7.345887
noth,6141,3926,8.280196
notic,6143,3927,5.7581105
notif,45405,3928,6.2121835
notifi,45406,3929,5.907407
notion,6146,3930,7.1227436
notwithstand,6147,3931,8.039034
nov,6149,3932,7.905503
nova,6150,3933,8.193185
novel,6151,3934,4.95778
novelti,6152,3935,7.682359
novemb,6153,3936,4.451555
novemberapril,45419,3937,7.844878
novemberdecemb,45420,,
nowaday,6155,3938,7.0671735
nox,6156,3939,4.557794
npv,6162,3940,8.280196
nsw,6167,3941,7.682359
ntds,387340,,
nuanc,6168,3942,7.4592156
nuclear,6169,3943,6.893902
nuisanc,6176,3944,7.419995
nullf,,3945,6.746266
number,6178,3946,2.6188152
numer,6179,3947,4.828767
nurs,6181,3948,6.0433626
nurseri,6182,3949,7.7877197
nut,6183,3950,7.844878
nutrient,6184,3951,7.7336526
nutrit,6187,3952,5.4154015
nutriti,45545,3953,8.280196
nws,45555,3954,8.280196
nyc,45560,3955,6.827944
nys,45567,3956,7.7877197
nyssomyia,624711,3957,7.9700413
oak,6191,3958,7.587049
obes,6195,3959,6.247275
object,6196,3960,2.7289999
objectiveto,45596,3961,7.682359
oblig,6197,3962,7.905503
observ,101,3963,2.4706895
observatori,6201,3964,6.6707582
obstacl,6202,3965,7.310796
obstetr,387371,3966,7.2441044
obstruct,6203,3967,5.5190363
obtain,6204,3968,3.1914783
obvious,6205,3969,5.536428
occas,6207,3970,7.345887
occasion,6208,3971,7.181584
occup,6212,3972,4.633086
occupi,6213,3973,6.893902
occur,6214,3974,2.9859781
occurr,6215,3975,3.532107
ocean,6216,3976,5.4686055
ocec,45653,3977,8.039034
oct,45664,3978,8.039034
octob,6223,3979,4.2244663
octoberdecemb,45668,3980,8.193185
octobermarch,45670,3981,8.193185
octobernovemb,45672,3982,8.113142
ocular,45676,3983,7.7336526
odd,6224,3984,4.128441
odisha,45688,3985,6.746266
odor,6225,3986,7.419995
oecd,6228,3987,8.280196
offer,6229,3988,4.8144603
offfarm,6230,3989,7.844878
offic,6231,3990,5.3648853
offici,6232,3991,5.1290154
offlin,6234,3992,8.280196
offset,6235,3993,5.882301
offspr,6238,3994,7.587049
often,6239,3995,4.070091
ohca,570581,3996,7.345887
ohio,6242,3997,7.345887
oil,6244,3998,5.787742
oklahoma,6249,3999,7.6335692
ol,6250,4000,7.3822546
old,6251,4001,4.5446935
older,6252,4002,4.249986
oldest,6253,4003,7.6335692
olea,6255,4004,7.587049
oliv,6259,4005,7.587049
olymp,6262,4006,7.682359
omiss,6268,4007,8.280196
omit,6269,4008,8.193185
onboard,6272,4009,7.7877197
onc,6273,4010,6.005263
oncomelania,45818,4011,8.193185
one,102,4012,2.7297063
oneday,45825,4013,8.193185
onefifth,45827,4014,8.280196
onehalf,6276,4015,7.905503
onemonth,45833,4016,8.039034
onethird,6278,4017,6.940422
oneway,6279,4018,7.419995
oneyear,6280,4019,7.0671735
onfarm,6281,4020,8.039034
ongo,6282,4021,5.109747
onli,103,4022,3.0623004
onlin,6283,4023,5.6282353
onroad,6284,4024,6.600554
onset,6285,4025,4.8087945
onsit,6287,4026,6.893902
ontario,6288,4027,6.65274
onto,6289,4028,7.3822546
onward,6293,4029,6.989212
open,6299,4030,4.91604
openend,45890,4031,8.193185
oper,6304,4032,4.479613
operation,6305,4033,7.587049
opinion,6306,4034,6.4295964
opportun,6307,4035,4.5867815
oppos,6309,4036,6.7660685
opposit,6310,4037,6.093124
optic,6312,4038,5.578225
optim,6313,4039,4.834547
optimis,6315,4040,7.151731
optimist,6316,4041,7.6335692
optimum,6317,4042,6.3606033
option,6318,4043,5.1174097
oral,6319,4044,6.786271
orchard,,4045,8.280196
order,104,4046,3.6340585
ordin,6326,4047,7.3822546
ordinari,6327,4048,6.1347966
oregon,6330,4049,7.4592156
orel,45953,4050,8.039034
organ,105,4051,3.6768458
organis,6332,4052,6.0729213
organiz,6334,4053,7.151731
orient,6336,4054,6.871429
origin,6337,4055,4.5867815
originalityvalu,368851,4056,6.4154115
orlean,45984,4057,6.4014254
ornament,6338,4058,8.113142
oromia,,4059,8.280196
osaka,46014,4060,8.039034
oscil,6344,4061,5.6282353
oslo,46026,,
otherwis,6352,4062,6.893902
otiti,,4063,8.280196
outag,46067,4064,6.871429
outbreak,6357,4065,3.6579008
outcom,6359,4066,3.407083
outdat,46072,4067,8.280196
outdoor,6362,4068,4.079582
outer,6363,4069,8.039034
outflow,6364,4070,8.113142
outlier,6368,4071,8.039034
outlin,6369,4072,5.865907
outlook,6370,4073,7.5425973
outofhospit,602286,4074,7.0145297
outofsampl,46086,4075,7.844878
outpati,46089,4076,5.548193
outperform,6372,4077,6.827944
output,6373,4078,5.2799287
outreach,6374,4079,6.893902
outsid,6375,4080,5.316799
outskirt,46097,4081,7.5425973
outweigh,6379,4082,6.9645195
overal,6381,4083,3.4453583
overarch,6382,4084,7.7336526
overcom,6385,4085,6.2237444
overcrowd,46120,4086,7.2441044
overdispers,46123,4087,6.5192084
overestim,6386,4088,6.347358
overflow,6390,4089,7.419995
overh,6393,4090,6.84945
overlaid,46143,4091,7.7877197
overlap,6397,4092,6.3606033
overlay,6398,4093,7.5425973
overlook,6399,4094,6.7077994
overnight,46148,4095,7.587049
overpredict,6400,4096,8.113142
overrepres,46158,4097,8.280196
oversea,6405,4098,7.905503
overview,6410,4099,5.7364492
overweight,46186,4100,7.419995
overwhelm,6411,4101,6.989212
overwint,6412,4102,7.905503
ovid,387324,4103,8.039034
oviposit,6413,4104,7.2123556
ovitrap,378935,4105,6.786271
owe,6414,4106,5.882301
owner,6416,4107,7.0945725
ownership,6417,4108,6.4295964
oxford,46205,4109,7.419995
oxid,106,4110,4.7485023
oxygen,6426,4111,6.746266
ozon,6431,4112,4.0395236
ozonerel,46239,4113,7.4592156
pace,6434,4114,7.4592156
pacif,6436,4115,5.5966873
packag,6439,4116,6.247275
paddi,6441,4117,7.3822546
paediatr,379299,4118,6.65274
page,6443,4119,7.905503
pah,6444,4120,5.548193
pahang,368993,4121,8.193185
paid,6445,4122,6.145492
pain,46274,4123,6.178282
paint,6446,4124,7.7336526
pair,6447,4125,6.1033807
pairwis,6448,4126,7.9700413
pakhtunkhwa,385464,4127,7.7877197
pakistan,6449,4128,5.4363446
palm,6498,4129,7.9700413
pan,6505,4130,7.587049
panama,6506,4131,7.844878
pandem,6509,4132,6.334286
panel,6510,4133,4.9843593
papatasi,380103,4134,7.7877197
paper,6514,4135,3.1605706
papua,6515,4136,8.039034
par,6517,4137,7.5425973
para,6518,4138,7.682359
paradigm,6520,4139,6.940422
paradox,6521,4140,7.7336526
parainfluenza,560631,4141,7.7877197
parallel,6522,4142,6.443985
paramet,6523,4143,3.6141875
parameter,6524,4144,6.7660685
parameteris,6525,4145,8.280196
parametr,6526,4146,7.0405054
paramount,6528,4147,7.310796
parasit,6530,4148,4.8230195
parasitaemia,388763,4149,7.5000377
parasitemia,376672,4150,7.9700413
parasitoid,6531,4151,8.280196
parasitolog,46514,4152,6.827944
parcel,6533,4153,7.5000377
parent,6534,4154,5.6476536
pari,6536,4155,6.0146523
parish,46529,4156,7.4592156
pariti,6537,4157,7.151731
park,6538,4158,5.802894
parsimoni,6542,4159,8.113142
part,107,4160,3.478413
parti,6543,4161,7.2123556
partial,6544,4162,5.6218457
particip,6545,4163,3.6219163
participatori,6546,4164,6.178282
particl,6547,4165,4.0098634
particlebound,46547,4166,8.113142
particlescm,566820,4167,7.9700413
particul,6549,4168,3.069717
particular,108,4169,3.081197
particulatematt,567126,,
particulatematterassoci,2420430,,
particulatematterbound,2420431,,
particulatematterparticulatematt,2420432,,
particulatematterrel,2420433,,
partit,6550,4170,6.8068905
partner,6551,4171,5.907407
partnership,6552,4172,6.0531187
pass,6554,4173,6.893902
passag,6555,4174,7.7336526
passeng,6556,4175,6.600554
passiv,6558,4176,6.1242146
past,6559,4177,4.111419
pastor,6560,4178,7.419995
pastoralist,6561,4179,7.5425973
pastur,6562,4180,7.2441044
patch,6566,4181,7.682359
path,6570,4182,6.2836423
pathogen,6571,4183,4.582267
pathogenesi,46594,4184,7.345887
patholog,6572,4185,6.6350403
pathophysiolog,46596,4186,7.181584
pathway,6573,4187,4.5732985
patient,6574,4188,3.4288764
pattern,109,4189,2.9509969
pauciti,6575,4190,6.940422
paulo,6576,4191,6.1242146
pave,6577,4192,7.419995
pavement,6578,4193,7.587049
pay,6579,4194,6.1242146
payment,6581,4195,7.587049
pbl,6582,4196,8.039034
pca,6583,4197,6.145492
pcr,6590,4198,6.1242146
pdm,46674,4199,8.193185
pdr,46678,4200,7.905503
peak,6600,4201,3.5600753
pearl,6603,4202,6.6350403
pearson,6604,4203,5.3648853
peat,6605,4204,7.419995
peatland,6606,4205,7.5000377
peculiar,6609,4206,7.7336526
pedestrian,46722,4207,7.0671735
pediatr,46724,4208,5.787742
peer,6614,4209,7.345887
peerreview,6615,4210,6.2007546
pef,46745,4211,7.905503
pellet,6619,4212,7.9700413
penal,6622,4213,7.9700413
penalti,6623,4214,7.5425973
penetr,6625,4215,7.0945725
penicillium,46780,4216,7.682359
peninsula,6627,4217,6.2713723
peninsular,6628,4218,7.310796
pennsylvania,6630,4219,7.0671735
peopl,6634,4220,2.963414
per,110,4221,3.1589415
perceiv,6639,4222,4.5644093
percent,6640,4223,5.015131
percentag,6641,4224,4.4339247
percentil,6642,4225,4.593592
percept,6643,4226,4.2629943
perceptron,46806,4227,7.844878
perenni,6647,4228,7.419995
perfect,6648,4229,7.7877197
perform,6650,4230,3.1742506
perhap,6651,4231,6.786271
peri,,4232,8.280196
peridomest,378219,4233,7.844878
peridomicil,946029,4234,8.193185
perinat,368975,4235,6.893902
period,111,4236,2.3276615
peripher,6654,4237,7.1227436
peripheri,6655,4238,8.113142
periurban,6657,4239,6.583747
perman,6659,4240,6.2121835
permiss,6665,4241,6.550957
permit,6666,4242,6.2237444
permut,6667,4243,8.113142
pernambuco,46855,4244,7.9700413
perniciosus,46857,4245,8.280196
perpetr,378396,4246,8.193185
perpetu,6672,4247,7.6335692
persist,6674,4248,4.7300563
person,6675,4249,4.0620265
personday,598185,4250,7.7877197
personmonth,598269,4251,8.280196
personnel,6676,4252,6.2592506
personyear,46873,4253,6.871429
perspect,6677,4254,4.5211124
pertain,6679,4255,6.7077994
perth,6680,4256,7.9700413
pertin,6681,4257,7.2123556
perturb,6682,4258,7.5000377
peru,6683,4259,6.567218
peruvian,6684,4260,7.6335692
pervas,6685,4261,7.905503
pest,6688,4262,5.674145
pesticid,6689,4263,6.827944
pet,6690,4264,6.387632
petrochem,6695,4265,7.5425973
petrol,6697,4266,8.193185
petroleum,6698,4267,6.6707582
pgm,46926,4268,8.039034
pharmaceut,6709,4269,7.7336526
pharmaci,378798,4270,7.7877197
phase,6710,4271,4.882034
phaseout,6711,4272,8.193185
phenanthren,46958,4273,8.113142
phenolog,6714,4274,6.2592506
phenomena,6715,4275,5.8989677
phenomenolog,6716,4276,8.193185
phenomenon,6717,4277,5.2058206
phenotyp,6719,4278,7.6335692
philadelphia,46973,4279,7.345887
philippin,6722,4280,5.907407
phlebotomin,46984,4281,7.0405054
phlebotomina,,4282,7.7877197
phlebotomus,46985,4283,6.84945
phlegm,1019738,4284,8.280196
phoenix,6726,4285,7.2123556
phone,6727,4286,6.9168916
photo,6735,4287,8.039034
photochem,6741,4288,6.0729213
photoperiod,6751,4289,7.905503
photovolta,6760,4290,8.039034
phthalat,47072,4291,7.905503
phylogenet,6764,4292,7.7877197
physic,6770,4293,4.0098634
physician,6773,4294,6.0531187
physiciandiagnos,618962,4295,8.280196
physicochem,6774,4296,7.3822546
physiolog,6777,4297,5.420596
pictur,6789,4298,6.4733987
piec,6791,4299,8.193185
piecewis,6792,4300,7.5425973
pig,6794,4301,7.0945725
pilgrimag,379821,4302,8.193185
pilot,6800,4303,6.1347966
pine,6806,4304,8.113142
pinpoint,6810,4305,7.7336526
pinus,6811,4306,7.905503
pipe,6813,4307,6.786271
pipelin,6814,4308,8.280196
pipien,47213,4309,7.276894
pivot,6821,4310,7.419995
pixel,6822,4311,7.587049
place,6825,4312,4.179809
placebas,6826,4313,7.5000377
placement,6827,4314,8.113142
placent,47246,4315,7.7336526
plagu,6829,4316,6.989212
plain,6830,4317,5.3453727
plan,6831,4318,3.2641213
plane,6834,4319,8.193185
planet,6835,4320,6.940422
planetari,6836,4321,6.7077994
planner,6840,4322,5.9331594
plant,112,4323,4.441722
plantat,6842,4324,7.0405054
plasma,6848,4325,7.181584
plasmodium,6849,4326,5.4577355
plastic,6850,4327,7.151731
platanus,47311,4328,8.039034
plate,6853,4329,7.844878
plateau,6854,4330,6.4014254
platelet,47313,4331,7.5000377
platform,6856,4332,6.1137433
plausibl,6858,4333,6.2836423
play,6859,4334,4.085047
player,6861,4335,7.682359
pleas,6862,4336,7.7877197
plot,6873,4337,5.9507036
plt,368852,4338,7.310796
plume,6881,4339,6.4014254
plus,6882,4340,6.3606033
pluvial,6883,4341,7.844878
pmassoci,,4342,7.905503
pmbound,,4343,7.151731
pmf,47389,4344,6.583747
pmpm,,4345,7.181584
pmrelat,,4346,6.6707582
pms,47397,4347,7.5425973
pnc,47401,4348,7.310796
pneumococc,387385,4349,7.844878
pneumonia,47408,4350,5.479594
poacea,6891,4351,6.8068905
pocket,6894,4352,7.7336526
point,6898,4353,4.0620265
poison,6902,4354,6.387632
poisson,6903,4355,4.00353
poland,6904,4356,6.296065
polar,6905,4357,7.2123556
polic,6909,4358,6.893902
polici,6910,4359,3.0938265
policymak,6911,4360,5.094595
policyrelev,6912,4361,7.6335692
polish,6913,4362,7.419995
polit,6914,4363,5.3357573
pollen,6916,4364,5.109747
pollin,6918,4365,7.5425973
pollinosi,47481,4366,7.5425973
pollut,6920,4367,2.5017
pollutionrel,47483,4368,6.871429
polychlorin,47498,4369,8.193185
polycycl,6923,4370,5.674145
polymeras,6930,4371,7.0671735
polynomi,6933,4372,7.1227436
pond,6942,4373,6.827944
pool,6944,4374,4.875973
poor,6945,4375,3.9328551
poorer,6946,4376,6.443985
poorest,6947,4377,6.6707582
pop,6948,4378,8.280196
popul,6950,4379,2.1829393
populac,47581,4380,8.193185
popular,6951,4381,6.567218
populationbas,47582,4382,5.136828
populationlevel,6952,4383,6.940422
populationweight,47591,4384,6.6350403
populus,6953,4385,7.9700413
por,6954,4386,8.193185
port,6961,4387,6.503704
portabl,6962,4388,6.7077994
portfolio,6963,4389,7.5425973
portion,6964,4390,6.1347966
porto,47618,4391,7.2123556
portray,6966,4392,7.9700413
portug,6967,4393,6.3606033
portugues,6968,4394,7.276894
pose,6969,4395,4.2355514
posit,113,4396,2.8994613
possess,6970,4397,7.181584
possibl,114,4398,3.547993
post,6971,4399,5.3550816
postal,47632,4400,7.276894
postcod,378223,4401,8.280196
postdisast,47653,4402,5.3121157
postearthquak,378278,4403,8.113142
posterior,6976,4404,6.940422
postev,47662,4405,7.905503
postflood,47669,4406,6.940422
postharvest,6980,4407,8.280196
posthurrican,47677,4408,6.84945
postintervent,378351,4409,8.113142
postkatrina,392796,4410,7.5425973
postmonsoon,6982,4411,6.0146523
postmortem,47696,4412,7.9700413
postnat,47697,4413,7.276894
postpartum,47700,4414,8.039034
postsandi,600895,4415,8.039034
poststorm,47716,4416,7.844878
posttraumat,47724,4417,5.1290154
postul,6986,4418,7.682359
pot,6987,4419,7.844878
potabl,6988,4420,7.3822546
potassium,6989,4421,7.6335692
potato,6990,4422,7.7877197
potenc,47736,4423,7.9700413
potent,6991,4424,8.039034
potenti,115,4425,2.622299
poultri,6992,4426,7.2123556
pound,6993,4427,8.280196
pour,,4428,8.113142
poverti,6995,4429,4.7591977
powderi,47753,4430,7.682359
power,6997,4431,4.3030667
ppb,7002,4432,5.7293315
ppbv,7003,4433,7.310796
ppm,7005,4434,6.347358
practic,7010,4435,3.937572
practis,7011,,
practition,7012,4436,5.708278
pradesh,7013,4437,6.167232
pragmat,7014,4438,8.193185
pragu,47780,4439,8.280196
prd,7018,4440,7.310796
pre,7019,4441,6.167232
preand,47798,,
precari,47810,4442,7.905503
precaut,7023,4443,6.940422
precautionari,7024,4444,7.2441044
preced,7025,4445,5.302813
precipit,7030,4446,3.400153
precis,7031,4447,5.641139
preclud,7032,4448,7.844878
preconcept,47841,4449,8.113142
precursor,7035,4450,5.5133057
predat,7036,4451,7.682359
predefin,7040,4452,7.5425973
predetermin,7041,4453,7.7336526
predict,116,4454,2.9818788
predictor,7045,4455,4.1768017
predisast,47854,4456,6.746266
predispos,7046,4457,6.7268476
predisposit,47856,4458,8.193185
predomin,7047,4459,4.633086
preeclampsia,615431,4460,7.419995
preelimin,615492,4461,8.039034
preemptiv,47864,4462,7.9700413
preexist,7048,4463,6.005263
prefectur,7049,4464,6.0829716
prefer,7050,4465,5.4416494
preferenti,7051,4466,8.039034
pregnanc,7054,4467,5.240012
pregnant,47883,4468,5.578225
prehospit,387314,4469,7.9700413
prehurrican,411837,4470,7.7877197
preindustri,7057,4471,6.989212
preintervent,387316,4472,8.113142
preliminari,7058,4473,5.8989677
prematur,7059,4474,4.7809377
premis,7060,4475,7.345887
premonsoon,7063,4476,6.3213825
prenat,47907,4477,6.550957
prepar,7064,4478,4.568844
prepared,7065,4479,4.3237214
preponder,47918,4480,8.039034
prepregn,900204,4481,8.280196
prerequisit,7067,4482,7.0945725
preschool,379438,4483,6.9168916
prescrib,7068,4484,6.8068905
prescript,7069,4485,6.893902
presenc,7070,4486,4.0741477
presenceon,7072,4487,8.193185
present,117,4488,2.728647
presentday,7073,4489,6.458584
preserv,7074,4490,6.600554
press,7077,4491,5.4577355
pressur,7078,4492,3.954259
presum,7079,4493,6.9168916
presumpt,47960,4494,8.113142
preterm,47965,4495,6.1347966
pretest,47966,4496,7.310796
prevail,7081,4497,5.667456
preval,7082,4498,3.4360092
prevent,7083,4499,3.0554276
previous,7084,4500,3.4043052
price,7087,4501,5.7293315
prick,47982,4502,8.113142
primari,7088,4503,3.856984
primarili,7089,4504,4.9843593
prime,7091,4505,7.4592156
princip,7095,4506,4.869949
principl,7096,4507,6.308644
print,7097,4508,8.193185
prior,7098,4509,4.5403643
priori,7099,4510,7.3822546
priorit,7100,4511,5.394888
prioriti,7101,4512,4.8059735
prioritis,7102,4513,7.0405054
prisma,379744,4514,7.151731
pristin,7104,4515,8.113142
privaci,48012,4516,8.039034
privat,7105,4517,5.394888
proactiv,7108,4518,6.2121835
probabilist,7109,4519,6.443985
probabl,7110,4520,4.2026587
probe,7111,4521,7.6335692
probit,48021,4522,7.3822546
problem,7112,4523,3.5026019
problemat,7113,4524,7.0945725
procedur,7114,4525,5.4310675
proceed,7115,4526,7.5425973
process,118,4527,3.690601
processbas,7116,4528,7.151731
produc,119,4529,4.215062
product,120,4530,3.63668
profess,7121,4531,7.310796
profession,7122,4532,5.164663
profil,7123,4533,4.834547
profit,7124,4534,7.276894
profound,7125,4535,6.0729213
prognosi,7128,4536,7.5425973
prognost,7129,4537,7.151731
program,7131,4538,3.9860077
programm,7132,4539,4.9382987
programmat,48085,4540,7.7877197
progress,7133,4541,4.828767
prohibit,7134,4542,8.193185
project,7135,4543,3.4388764
prolifer,7137,4544,6.746266
prolong,7139,4545,5.4686055
promin,7140,4546,5.941893
promis,7141,4547,6.0337005
promot,7142,4548,4.3883758
prompt,7143,4549,6.178282
prone,7144,4550,5.590495
pronounc,7145,4551,5.4102335
proof,7146,4552,7.587049
propag,7147,4553,6.550957
propens,7151,4554,7.1227436
proper,7152,4555,5.542293
properti,7153,4556,5.0361843
prophylact,48110,4557,7.682359
prophylaxi,376615,4558,7.682359
proport,7156,4559,4.2026587
proportion,7157,4560,7.5425973
propos,7158,4561,4.097452
proquest,376658,4562,7.682359
prospect,7163,4563,5.0047684
prosper,7164,4564,7.6335692
prospero,570367,4565,8.193185
protect,7166,4566,3.59219
protein,7167,4567,6.583747
protocol,7172,4568,5.8418097
prototyp,7174,4569,7.905503
protozoa,7175,4570,8.193185
protozoan,7176,4571,7.419995
protract,7177,4572,8.193185
prove,7178,4573,5.750838
proven,7179,4574,6.2836423
provid,121,4575,2.6156588
provinc,7180,4576,3.7905388
provinci,7181,4577,5.5966873
provis,7182,4578,5.7222643
provok,7184,4579,7.682359
proxi,7185,4580,5.548193
proxim,7186,4581,5.2799287
prudent,7188,4582,8.113142
pscf,376987,4583,8.039034
pseudomona,7195,4584,8.280196
psychiatr,48215,4585,6.2713723
psychiatri,377187,,
psychodida,,4586,7.2123556
psycholog,7200,4587,4.9382987
psychologist,48216,4588,8.280196
psychopatholog,388945,4589,7.5000377
psychosoci,48218,4590,6.334286
psycinfo,387429,4591,7.844878
ptb,7202,4592,7.2441044
ptg,401018,4593,8.193185
pts,48236,4594,7.5425973
ptsd,387432,4595,5.548193
ptss,1600895,4596,7.844878
public,7205,4597,2.4175987
publichealth,48241,4598,8.039034
publish,7206,4599,4.33597
pubm,48244,4600,5.5248
puccinia,48246,4601,8.113142
puerto,7207,4602,6.156303
pulmonari,7210,4603,5.0686197
puls,7212,4604,7.587049
pump,7216,4605,7.7877197
pune,48284,4606,7.5425973
punjab,7218,4607,6.583747
pupa,7220,4608,7.345887
purchas,7222,4609,6.9168916
pure,7223,4610,7.4592156
purif,7225,4611,8.193185
purpos,7230,4612,3.9947305
pursu,7231,4613,6.84945
pursuit,7232,4614,8.193185
push,7233,4615,7.6335692
put,7234,4616,5.674145
putat,7235,4617,7.587049
pvalu,48312,4618,6.189455
pyren,48335,4619,7.7336526
pyrethroid,377862,4620,8.193185
pyrethrum,377864,4621,8.280196
qingdao,48372,4622,8.280196
qmra,48380,4623,7.905503
qpcr,7258,4624,8.039034
quadrat,7262,4625,7.2123556
qualifi,7264,4626,7.5425973
qualit,7265,4627,4.778194
qualiti,7266,4628,2.9714785
quantif,7267,4629,5.7952895
quantifi,7268,4630,3.6454673
quantil,7269,4631,7.2123556
quantit,7270,4632,4.357323
quantiti,7271,4633,5.708278
quarantin,48410,4634,8.113142
quarter,7274,4635,5.8905997
quartil,48411,4636,6.5192084
quasiexperiment,48420,4637,7.2441044
quasipoisson,48431,4638,5.542293
que,7281,4639,8.039034
quebec,7282,4640,6.6350403
queen,7283,4641,7.7336526
queensland,7284,4642,6.3606033
quercus,7286,4643,7.682359
queri,7287,4644,7.0945725
quest,7288,4645,8.113142
question,7289,4646,4.834547
questionnair,7290,4647,4.3081903
quick,7291,4648,6.093124
quinquefasciatus,48464,4649,7.2441044
quintil,48468,4650,7.310796
quit,7293,4651,6.2836423
quo,7294,4652,8.193185
quotient,7296,4653,7.5000377
rabi,7298,4654,7.3822546
race,7299,4655,5.9331594
raceethn,48477,4656,6.7268476
racial,48482,4657,7.0405054
racialethn,378529,4658,7.905503
radar,7301,4659,7.5000377
radiant,7304,4660,7.682359
radiat,7305,4661,4.7975583
radic,7308,4662,7.276894
radio,7310,4663,7.844878
radiolog,48502,4664,7.9700413
radius,7321,4665,6.827944
radon,7322,4666,7.905503
ragwe,7324,4667,7.587049
rail,7325,4668,7.5425973
railway,7326,4669,8.039034
rain,7327,4670,4.786447
rainf,7329,4671,6.8068905
rainfal,7330,4672,3.148685
rainforest,,4673,8.280196
raini,7333,4674,4.7700086
rainstorm,7334,4675,8.113142
rainwat,7335,4676,6.893902
rais,7336,4677,4.7119446
rajasthan,48544,4678,7.4592156
ramif,7340,4679,7.905503
rampant,48554,4680,8.113142
ran,7342,4681,8.039034
random,7345,4682,4.2532225
randomeffect,48566,4683,6.0829716
randomis,48568,4684,7.9700413
rang,122,4685,2.9900942
rangeland,7346,4686,8.039034
rank,7349,4687,5.2575564
rapid,7353,4688,3.9897368
rare,7355,4689,5.302813
rash,48598,4690,7.345887
raster,7358,4691,7.9700413
rat,7359,4692,7.4592156
rate,123,4693,2.7737567
rather,7361,4694,4.8144603
ratio,124,4695,3.4584494
ration,7364,4696,6.84945
rational,7365,4697,6.940422
rattus,48613,4698,8.113142
raw,7366,4699,6.9168916
ray,7367,4700,8.280196
rcm,7370,4701,8.039034
rcms,7371,4702,7.9700413
rcp,7372,4703,5.298194
rcps,7373,4704,6.6891074
rdt,387339,4705,7.4592156
rdts,388746,4706,8.113142
reach,7378,4707,4.3013644
react,7379,4708,7.5000377
reaction,7381,4709,5.572146
reactiv,7382,4710,6.2121835
read,7384,4711,6.989212
reader,7385,4712,8.280196
readi,7386,4713,6.746266
readili,7387,4714,6.3606033
real,7390,4715,5.536428
realis,7392,4716,7.5425973
realist,7394,4717,6.387632
realiti,7395,4718,6.893902
realiz,7396,4719,6.786271
realize,7397,4720,7.9700413
realli,,4721,8.039034
reallif,48667,4722,8.280196
realtim,7401,4723,5.452345
realworld,7402,4724,7.3822546
reanalysi,7404,4725,6.503704
rear,7407,4726,7.419995
reason,7409,4727,4.600449
reassess,7410,4728,7.9700413
rebound,7413,4729,8.280196
rebuild,7414,4730,7.2441044
recal,48684,4731,7.4592156
reced,7420,4732,8.280196
receipt,48688,4733,8.193185
receiv,7421,4734,4.7947693
recent,7422,4735,3.3346653
recept,7423,4736,7.5425973
receptor,7424,4737,6.308644
recess,7425,4738,7.6335692
recipi,7428,4739,8.113142
reciproc,7429,4740,7.9700413
recogn,7434,4741,5.0047684
recognis,7435,4742,6.567218
recognit,7436,4743,6.178282
recommend,7440,4744,4.021365
reconstruct,7445,4745,6.550957
record,7446,4746,3.3097517
recordbreak,7447,4747,7.9700413
recov,7448,4748,5.941893
recoveri,7449,4749,4.947992
recreat,7450,4750,6.178282
recruit,7451,4751,5.4686055
recur,7456,4752,7.276894
recurr,7457,4753,5.7802515
recycl,7459,4754,7.587049
red,7460,4755,6.2592506
redistribut,7467,4756,7.5425973
reduc,125,4757,2.698068
reduct,7469,4758,3.389847
redund,7471,4759,7.844878
reemerg,7476,4760,5.907407
reestablish,,4761,8.280196
reevalu,,4762,8.280196
ref,7480,4763,8.193185
refer,7481,4764,4.1813164
referenc,7482,4765,7.905503
referr,48783,4766,6.6891074
refil,7483,4767,8.193185
refin,7484,4768,6.247275
refineri,7485,4769,7.844878
reflect,7486,4770,4.5490413
reform,7490,4771,7.181584
refram,7494,4772,8.039034
refriger,7495,4773,7.9700413
refug,7496,4774,7.905503
refuge,7497,4775,7.151731
regard,7505,4776,3.7834215
regardless,7506,4777,5.8740706
regcm,7507,4778,8.280196
regenc,380147,4779,7.9700413
regener,7509,4780,8.113142
regim,7510,4781,6.062971
regimen,7511,4782,7.844878
region,126,4783,2.2429764
regionalscal,7513,4784,7.844878
regionspecif,7514,4785,6.84945
regionwid,,4786,8.280196
regist,7516,4787,5.0504704
registr,7517,4788,6.7268476
registri,48828,4789,5.7802515
regress,7519,4790,2.6617737
regressor,48833,4791,8.280196
regul,7523,4792,4.947992
regular,7524,4793,5.4686055
regulatori,7525,4794,5.977611
rehabilit,7526,4795,6.786271
rehydr,48841,4796,8.280196
reinforc,7528,4797,5.9867435
reject,7532,4798,7.6335692
relaps,48867,4799,7.682359
relat,127,4800,1.9691216
relationship,7535,4801,2.657821
relax,7536,4802,8.280196
releas,7537,4803,5.168703
relev,7538,4804,3.9107482
reli,7539,4805,5.2890196
reliabl,7540,4806,4.9676642
relianc,7541,4807,6.8068905
reliant,7542,4808,7.7877197
relief,7545,4809,5.941893
reliev,7546,4810,7.7336526
religi,7547,4811,6.9645195
religion,48877,4812,8.193185
reloc,7548,4813,6.534957
reluct,7549,4814,8.280196
remain,7550,4815,3.5087414
remaind,7551,4816,7.310796
remark,7554,4817,6.1137433
remedi,7555,4818,6.893902
rememb,48883,4819,8.280196
remind,48885,4820,7.844878
remot,7560,4821,4.68913
remotelysens,7561,4822,8.039034
remotesens,7562,4823,8.039034
remov,7563,4824,5.750838
renal,7564,4825,5.750838
render,7565,4826,7.0405054
renew,7566,4827,5.941893
renov,7567,4828,7.905503
repair,7571,4829,7.151731
repeat,7572,4830,5.3599715
repel,7573,4831,8.113142
repercuss,7575,4832,7.587049
repetit,7576,4833,7.7336526
replac,7577,4834,6.005263
replic,7580,4835,6.145492
report,7581,4836,2.73822
repositori,7582,4837,7.844878
repres,128,4838,3.5026019
represent,7583,4839,6.3213825
reproduc,7586,4840,6.2237444
reproduct,7587,4841,5.2890196
republ,7589,4842,5.654211
request,7591,4843,6.9645195
requir,7592,4844,3.6253705
res,7594,4845,7.9700413
resampl,7595,4846,8.113142
rescu,7597,4847,7.0945725
research,7599,4848,2.7675009
resembl,7600,4849,7.5425973
reserv,7601,4850,4.1298723
reservoir,7602,4851,5.5661035
resettl,7603,4852,7.7336526
resid,7605,4853,3.5087414
residenti,7606,4854,4.3976955
residu,7607,4855,5.3847866
resili,7608,4856,4.1501336
resist,7610,4857,5.8182793
resolut,7611,4858,4.571069
resolv,7612,4859,5.968561
resort,7615,4860,8.039034
resourc,7616,4861,3.7584076
resourcelimit,48986,4862,7.844878
resourcepoor,48987,4863,7.5425973
respect,129,4864,2.6621037
respir,7617,4865,6.550957
respiratori,7618,4866,3.4352934
respiratoryrel,657588,4867,7.7877197
respond,7619,4868,4.0187974
respons,130,4869,3.074692
rest,7621,4870,5.6608114
restaur,49012,4871,7.7336526
restor,7622,4872,6.6350403
restrict,7624,4873,5.4310675
result,131,4874,1.5097196
resultsth,49022,4875,7.6335692
resurg,7628,4876,6.871429
resuspend,49026,4877,7.905503
resuspens,7630,4878,7.345887
retail,7632,4879,8.193185
retain,7633,4880,6.8068905
retard,7634,4881,7.844878
retent,7635,4882,7.905503
retir,7637,4883,7.310796
retreat,,4884,8.280196
retriev,7640,4885,5.4363446
retrofit,7641,4886,6.827944
retrospect,7643,4887,4.2355514
return,7644,4888,5.701358
reunion,49050,4889,8.193185
reus,7645,4890,7.345887
reveal,7648,4891,3.3662052
revenu,7650,4892,7.2123556
revers,7651,4893,6.1137433
review,7653,4894,3.4324365
revis,7654,4895,6.062971
revisit,7655,4896,7.5000377
revolut,7657,4897,8.280196
rheumat,381413,4898,8.280196
rhiniti,7668,4899,6.1242146
rhinovirus,667230,4900,7.844878
rho,7673,4901,7.0405054
rhode,49122,4902,7.9700413
rhythm,7676,4903,7.310796
rica,7682,4904,7.682359
rican,49147,4905,7.5425973
rice,7683,4906,5.8989677
rich,7686,4907,6.4154115
richer,7688,4908,8.113142
ricinus,7690,4909,8.193185
rico,7691,4910,6.2237444
ridg,7692,4911,7.844878
rift,7693,4912,6.84945
right,7695,4913,4.042145
rigor,7697,4914,6.550957
ring,7699,4915,7.0145297
rio,7701,4916,6.1137433
riparian,7702,4917,8.280196
rise,7705,4918,3.9176767
risen,7706,4919,7.5425973
risk,7708,4920,1.8733162
riskbas,7709,4921,7.5000377
riski,7710,4922,7.419995
rita,49223,4923,7.419995
river,7712,4924,4.498075
riverin,7714,4925,7.345887
rmse,7716,4926,6.2237444
rna,7717,4927,7.682359
road,7718,4928,4.533906
roadsid,7720,4929,6.9168916
roadway,7721,4930,7.0145297
robust,7724,4931,4.7892137
roc,7726,4932,7.5425973
rockaway,682704,4933,8.193185
rodent,7731,4934,6.2121835
rodentborn,49303,4935,7.3822546
role,7733,4936,3.3635387
roll,7734,4937,7.419995
romania,7737,4938,7.1227436
rome,7739,4939,7.1227436
roof,7740,4940,6.443985
rooftop,7741,4941,7.6335692
room,7743,4942,5.4363446
root,132,4943,5.810557
rose,7751,4944,6.3606033
ross,7753,4945,7.7336526
rot,,4946,8.280196
rotat,7757,4947,7.5425973
rotavirus,382651,4948,6.746266
rotterdam,,4949,8.280196
rough,7762,4950,6.503704
round,7764,4951,6.7268476
rout,7765,4952,5.9331594
routin,7766,4953,5.446983
row,7767,4954,7.905503
royal,7768,4955,6.8068905
rrs,49388,4956,5.9331594
rsquar,49399,4957,7.844878
rsv,49404,4958,6.3606033
rti,382959,4959,8.193185
rtpcr,49410,4960,7.2441044
rule,7782,4961,6.4295964
rumin,7784,4962,7.276894
run,7785,4963,5.5076075
runoff,7787,4964,6.7077994
ruptur,7788,4965,7.0145297
rural,7789,4966,3.5102823
ruralurban,49467,4967,7.310796
rush,49468,4968,7.0145297
russia,7790,4969,6.2354403
russian,7791,4970,6.550957
rust,7792,4971,7.3822546
rvf,49481,4972,7.587049
rwanda,49484,4973,7.587049
sad,7801,4974,8.039034
safe,7803,4975,5.578225
safeguard,7804,4976,6.9645195
safer,7805,4977,7.905503
safeti,7806,4978,4.894266
sah,49549,4979,7.6335692
sahara,7809,4980,7.905503
saharan,7810,4981,6.989212
sahel,7811,4982,7.151731
sahelian,7812,4983,7.905503
said,7813,4984,7.1227436
sale,7816,4985,7.2123556
salienc,,4986,8.280196
salient,7818,4987,7.419995
salin,7819,4988,6.6350403
saliva,49583,4989,8.280196
salmonella,49585,4990,6.84945
salmonellosi,49586,4991,7.5000377
salt,7825,4992,6.7268476
saltwat,7828,4993,8.193185
salvador,49603,4994,7.7336526
sameday,49608,4995,7.0945725
sampl,133,4996,3.2227929
sampler,7832,4997,5.7364492
san,7834,4998,6.156303
sand,7835,4999,5.9867435
sandfli,49624,5000,7.3822546
sandi,7836,5001,5.3121157
sandstorm,49633,5002,8.193185
sandyrel,2396893,5003,8.113142
sanit,7838,5004,5.1526384
sanitari,7839,5005,6.7077994
santa,7841,5006,6.940422
santiago,49651,5007,7.419995
santo,49652,5008,7.682359
sao,7842,5009,6.156303
sar,7849,5010,7.7877197
sari,398881,5011,8.280196
sarima,49679,5012,7.181584
sas,7852,5013,7.5000377
satellit,7856,5014,4.825889
satellitebas,7857,5015,6.6176486
satellitederiv,7858,5016,6.5192084
satisfact,7859,5017,6.786271
satisfactori,7860,5018,7.181584
satisfactorili,7861,5019,7.905503
satisfi,7862,5020,6.893902
satscan,646173,5021,7.9700413
satur,7864,5022,7.0945725
saturday,49698,5023,7.682359
saudi,7865,5024,6.567218
savanna,7866,5025,7.9700413
savannah,7867,5026,7.844878
save,7868,5027,5.496308
saw,7869,5028,7.0945725
say,7873,5029,7.7336526
sbp,49733,5030,7.0405054
scabi,388965,5031,8.193185
scale,134,5032,3.6832414
scaleup,7881,5033,7.682359
scan,7883,5034,6.347358
scant,7887,5035,7.7336526
scarc,7890,5036,5.8182793
scarciti,7891,5037,5.8989677
scatter,7893,5038,6.458584
scaveng,7894,5039,8.280196
scenario,7898,5040,3.627969
scenariobas,7899,5041,7.5000377
schedul,7902,5042,6.4014254
scheme,7903,5043,5.8740706
schistosoma,49794,5044,7.276894
schistosomiasi,7904,5045,6.6176486
schizophrenia,381029,5046,7.345887
scholar,7905,5047,6.1347966
scholarship,7906,5048,8.193185
school,7907,5049,4.8201585
schoolag,381071,5050,6.9168916
schoolbas,381075,5051,7.682359
schoolchildren,381079,5052,7.310796
scielo,388994,5053,8.193185
scienc,7910,5054,4.5001473
sciencebas,,5055,8.280196
sciencebusi,368809,5056,7.2123556
sciencedirect,49812,5057,7.587049
scientif,7913,5058,4.637837
scientist,7914,5059,6.4295964
sclerosi,381238,5060,7.682359
scope,7918,5061,5.609187
scopus,49837,5062,6.2713723
score,7919,5063,4.800356
scorpion,49840,5064,8.113142
scotland,7922,5065,7.682359
screen,7928,5066,5.2142596
scrub,7929,5067,6.9168916
scrutin,7931,5068,8.113142
sdg,49880,5069,7.7336526
sdgs,49881,5070,7.0671735
sea,7939,5071,4.6643763
sealevel,7948,5072,6.9645195
search,7951,5073,4.5981584
season,135,5074,2.3278978
seasonspecif,49915,5075,7.7877197
seawat,7955,5076,7.7336526
second,7961,5077,4.3185177
secondari,7962,5078,4.44761
secret,7966,5079,8.280196
section,7967,5080,5.8339043
sector,7968,5081,3.9700074
sectorspecif,49950,5082,7.5000377
secular,7969,5083,7.4592156
secur,7970,5084,4.6643763
sedentari,7971,5085,7.7336526
sediment,7973,5086,7.345887
see,7977,5087,6.1033807
seed,7978,5088,7.181584
seek,7980,5089,5.369824
seem,7981,5090,4.891194
seen,7982,5091,4.8520913
segment,7986,5092,6.443985
segreg,7987,5093,7.587049
seismic,7989,5094,8.113142
seizur,382030,5095,7.905503
selangor,49995,5096,7.7877197
seldom,7990,5097,7.5000377
select,7991,5098,3.476175
self,7992,5099,7.9700413
selfadminist,50002,5100,7.5000377
selfefficaci,50013,5101,7.844878
selfrat,382227,5102,7.844878
selfreport,7996,5103,5.446983
selfsuffici,7997,,
sell,7999,5104,7.844878
sem,8000,5105,7.6335692
semiarid,8004,5106,5.8339043
semiparametr,50091,5107,7.276894
semiquantit,8012,5108,8.280196
semistructur,8013,5109,5.7293315
semiurban,50097,5110,7.2441044
sen,8014,5111,8.280196
sendai,50104,5112,7.181584
seneg,8015,5113,6.786271
senior,8017,5114,6.827944
sens,8018,5115,4.8116236
sensat,50108,5116,7.0945725
sensibl,8019,5117,7.7336526
sensit,8020,5118,3.7320774
sensor,8021,5119,6.1347966
sensu,8023,5120,7.7336526
sent,8024,5121,7.345887
sentiment,50116,5122,8.113142
sentinel,8025,5123,6.3740263
seoul,8026,5124,6.0829716
separ,8027,5125,4.732671
sepsi,382612,5126,7.905503
septemb,8028,5127,4.2467604
septic,50129,5128,8.113142
septicemia,405887,5129,8.113142
sequela,50134,5130,7.3822546
sequenc,8029,5131,6.2713723
sequenti,8030,5132,6.989212
sequestr,8032,5133,8.113142
sera,50141,5134,7.682359
serbia,8034,5135,6.9645195
sergentomyia,689283,5136,7.682359
seri,8035,5137,3.7885
serial,8036,5138,7.419995
serious,8037,5139,4.1515965
seroconvers,382727,5140,8.113142
seroepidemiolog,,5141,8.280196
serogroup,50151,5142,7.844878
serolog,50152,5143,6.3740263
seroposit,50153,5144,7.0671735
seropreval,50154,5145,6.6176486
serotyp,8038,5146,6.2836423
serovar,50158,5147,7.682359
serum,8042,5148,6.308644
serv,8043,5149,4.991116
servic,8045,5150,3.6695862
ses,8046,5151,6.746266
session,8048,5152,6.6707582
set,136,5153,3.4295874
settl,8050,5154,7.587049
settlement,8051,5155,5.941893
setup,8053,5156,7.345887
seven,8054,5157,4.645005
seventeen,8055,5158,7.9700413
seventi,50192,5159,8.280196
sever,8056,5160,2.7988
sewag,8057,5161,6.65274
sewer,8058,5162,7.345887
sex,8059,5163,4.2895303
sexspecif,50215,5164,7.682359
sexual,8060,5165,7.0671735
shaanxi,50232,5166,8.113142
shade,8064,5167,6.7660685
shallow,8070,5168,7.2441044
shandong,8072,5169,6.940422
shanghai,8073,5170,5.680879
shannon,8074,5171,8.193185
shanxi,8075,5172,7.905503
shape,8076,5173,5.1891537
share,8077,5174,4.849146
sharp,8079,5175,6.7077994
sharpli,8080,5176,6.84945
shed,8083,5177,6.534957
sheep,8084,5178,6.871429
sheet,8085,5179,7.6335692
shelter,8089,5180,5.9159174
shenyang,50287,5181,7.844878
shenzhen,50288,5182,6.8068905
shield,8093,5183,8.193185
shift,137,5184,4.582267
shigella,389318,5185,8.113142
shigellosi,631332,5186,7.9700413
shijiazhuang,383455,5187,7.682359
ship,8094,5188,6.347358
shiraz,50307,5189,8.193185
shock,8097,5190,5.787742
shoot,8098,5191,8.039034
shop,8099,5192,7.9700413
shore,8100,5193,7.7877197
shorelin,8102,5194,8.039034
short,8103,5195,4.7379203
shortag,8104,5196,6.2007546
shortcom,8105,5197,7.5000377
shorten,8107,5198,7.181584
shorter,8108,5199,5.959593
shortliv,8113,5200,6.989212
shortterm,8116,5201,4.029107
show,138,5202,2.2015119
showcas,50343,5203,8.280196
shown,8119,5204,4.2403398
shrink,,5205,8.280196
shrub,8124,5206,8.280196
sia,50365,5207,8.113142
sibl,8133,5208,7.682359
sic,8134,5209,7.7877197
sichuan,8135,5210,6.5192084
sick,50369,5211,6.7077994
sid,8137,5212,7.844878
side,8138,5213,6.2836423
sierra,8141,5214,7.5000377
sigma,8145,5215,7.5000377
sigmoid,8146,5216,8.193185
sign,8147,5217,6.0531187
signal,8148,5218,6.0433626
signatur,8150,5219,7.310796
signifi,8151,5220,7.587049
signific,139,5221,1.9229844
silent,50419,5222,8.193185
silo,50435,5223,8.113142
similar,140,5224,3.385074
simpl,8169,5225,5.168703
simpli,8172,5226,7.682359
simplic,8173,5227,8.193185
simplifi,8175,5228,6.9645195
simul,141,5229,3.9411244
simultan,8178,5230,5.015131
sinc,142,5231,3.846138
sindh,50471,5232,7.905503
singapor,8181,5233,6.6176486
singl,8182,5234,4.4775825
singlecent,,5235,8.113142
singleday,50489,5236,7.7877197
singlefamili,50493,5237,8.193185
singleparticl,50506,5238,8.039034
singlepollut,650556,5239,6.746266
singleton,50520,5240,6.4014254
sink,8186,5241,8.193185
sir,8190,5242,7.310796
site,143,5243,3.6210544
sitespecif,8194,5244,6.871429
situ,8196,5245,6.6891074
situat,8197,5246,4.3627334
six,8198,5247,4.1356196
sixteen,8199,5248,7.151731
sixth,8200,5249,8.039034
sixti,8201,5250,7.905503
size,8202,5251,4.2712116
sizeabl,8203,5252,8.113142
sizefraction,50597,,
sizesegreg,380979,5253,7.7877197
skill,8210,5254,5.882301
skin,8211,5255,5.548193
skuse,50620,5256,7.587049
sky,8213,5257,7.682359
slaughter,8218,5258,7.7336526
sleep,8219,5259,6.0829716
slide,8221,5260,7.2441044
slight,8222,5261,4.951244
slope,8224,5262,5.8260612
slovakia,8225,,
slovenia,8226,5263,8.280196
slow,8227,5264,6.296065
slower,8229,5265,7.587049
slowli,8231,5266,7.310796
sludg,8234,5267,8.280196
slum,50674,5268,6.786271
small,144,5269,4.334211
smaller,8237,5270,5.109747
smallest,8238,5271,6.8068905
smallhold,8239,5272,6.334286
smallscal,8241,5273,7.0945725
smart,8243,5274,7.419995
smartphon,50698,5275,8.039034
smear,50703,5276,6.9645195
smog,8250,5277,7.276894
smoke,8251,5278,4.669278
smoker,381576,5279,7.3822546
smooth,8253,5280,6.0829716
smw,381623,5281,8.113142
snail,8256,5282,6.893902
snake,8257,5283,7.4592156
snakebit,670198,5284,7.4592156
snapshot,8259,5285,8.113142
snow,8262,5286,6.093124
snowfal,8266,5287,7.0671735
soa,8276,5288,7.7336526
soc,8278,5289,8.280196
socal,8279,5290,7.345887
social,8281,5291,3.3980832
socialecolog,8282,5292,7.844878
socialeconom,50782,5293,7.7877197
sociedad,50787,5294,7.345887
societ,8283,5295,5.802894
societi,8284,5296,4.4378157
socio,50788,5297,7.7336526
sociocultur,8285,5298,6.6891074
sociodemograph,8286,5299,5.04688
socioecolog,8287,5300,6.9168916
socioeconom,8288,5301,3.5739474
socioenvironment,8289,5302,6.871429
sociolog,8290,5303,7.5000377
sociopolit,8291,5304,7.7877197
sodium,8296,5305,7.587049
soft,8298,5306,7.6335692
softwar,8299,5307,5.0504704
soi,8301,5308,7.844878
soil,145,5309,4.90354
soiltransmit,382248,5310,7.7336526
solar,8309,5311,5.231354
sole,8311,5312,6.6176486
solid,8313,5313,5.572146
solomon,50899,5314,8.039034
solubl,8317,5315,7.419995
solut,8318,5316,5.1059375
solv,8319,5317,7.345887
solvent,8321,5318,8.039034
somalia,50914,5319,7.6335692
somat,8324,5320,8.113142
someon,50918,5321,8.039034
someth,8325,5322,7.844878
sometim,8326,5323,6.503704
somewhat,8327,5324,6.6707582
son,8328,5325,6.9168916
soon,8333,5326,7.310796
soot,8335,5327,7.276894
sophist,8336,5328,7.151731
sore,50941,5329,8.113142
sorghum,8339,5330,8.113142
soroka,688594,5331,8.113142
sort,8342,5332,7.2123556
sought,8344,5333,5.446983
sound,8345,5334,6.550957
sourc,146,5335,3.0872393
sourcespecif,50959,5336,7.682359
south,8349,5337,3.7167954
southcentr,8350,5338,7.276894
southeast,8351,5339,4.8230195
southeastern,8352,5340,5.425818
souther,8353,5341,7.5000377
southern,8354,5342,3.833276
southernmost,8355,5343,8.039034
southwest,8358,5344,5.164663
southwestern,8359,5345,5.6218457
sow,8362,5346,7.5425973
sox,8364,5347,7.0945725
soybean,8366,5348,8.193185
space,8368,5349,4.64261
spacetim,8374,5350,6.3606033
spain,8375,5351,5.2443695
span,8376,5352,5.708278
spanish,8377,5353,6.443985
spare,8378,5354,8.113142
spars,8381,5355,6.178282
spatial,8383,5356,3.000691
spatialtempor,8385,5357,6.0729213
spatiotempor,8386,5358,4.207292
speak,8390,5359,7.844878
spearman,8391,5360,5.496308
speci,147,5361,3.9423115
special,8392,5362,5.0983615
specialist,8394,5363,7.181584
speciat,8395,5364,6.871429
speciesspecif,8398,5365,8.113142
specif,8399,5366,3.3905308
specifi,8400,5367,6.347358
specimen,8401,5368,5.9245014
spectra,8403,5369,7.6335692
spectral,8404,5370,7.0145297
spectromet,8405,5371,7.0945725
spectrometri,8406,5372,7.2441044
spectroradiomet,8407,5373,6.443985
spectroscopi,8409,5374,7.905503
spectrum,8410,5375,6.2354403
specul,8411,5376,7.419995
speed,8412,5377,3.9107482
spell,8415,5378,5.85781
spend,8416,5379,6.093124
spent,8417,5380,6.4154115
sphere,8421,5381,8.113142
spi,8423,5382,8.039034
spike,8425,5383,6.940422
spill,8427,5384,7.310796
spillov,8428,5385,7.4592156
spiritu,51100,5386,7.9700413
spirochet,51102,5387,8.039034
spirometri,385915,5388,7.7877197
spite,8432,5389,6.7268476
spline,8434,5390,6.1137433
split,8435,5391,7.4592156
spm,8436,5392,7.6335692
spontan,8439,5393,6.8068905
sporad,8440,5394,6.387632
spore,8441,5395,5.8497777
sporesm,635636,5396,8.280196
sporozoit,383660,5397,7.905503
sport,8442,5398,7.2441044
spot,8443,5399,5.5248
spp,8444,5400,5.6218457
sprawl,8446,5401,7.5000377
spray,8447,5402,6.062971
spread,8448,5403,4.2026587
spring,8450,5404,4.2135034
springer,51147,5405,5.959593
springerverlag,368810,5406,6.84945
springsumm,8451,5407,7.419995
springtim,8453,5408,7.9700413
spss,51159,5409,5.687659
spur,8457,5410,8.113142
sputum,387566,5411,8.113142
squar,8459,5412,5.140757
sres,8465,5413,7.310796
sri,8467,5414,6.443985
ssa,8472,5415,7.3822546
ssc,8473,5416,8.280196
ssp,8477,5417,7.587049
ssps,51209,5418,7.6335692
sst,8480,5419,7.151731
stabil,8484,5420,5.907407
stabl,8486,5421,5.369824
stack,8488,5422,7.181584
staf,380413,5423,7.844878
staff,8490,5424,5.9245014
stage,8491,5425,4.970981
stagnant,8492,5426,7.0671735
stagnat,8493,5427,7.310796
stain,8494,5428,7.682359
stakehold,8497,5429,4.9945116
stand,8501,5430,6.6176486
standard,8503,5431,3.6534424
standardis,8504,5432,6.9168916
standpoint,8506,5433,8.113142
staphylococcus,51252,5434,7.682359
stapl,8508,5435,7.682359
start,8512,5436,4.8639607
stata,385585,5437,7.151731
state,148,5438,3.0847173
statelevel,8516,5439,7.181584
statement,8517,5440,7.0671735
staten,51271,5441,7.9700413
stateoftheart,8518,5442,6.7660685
stateofthesci,51274,5443,8.113142
statewid,8519,5444,6.7077994
static,8520,5445,7.0671735
station,8521,5446,3.8591673
stationari,8523,5447,6.746266
statist,8524,5448,2.9509969
status,8526,5449,3.92699
statutori,51291,5450,8.113142
stay,8527,5451,6.0241313
steadi,8528,5452,6.84945
steadili,8529,5453,6.746266
steam,8531,5454,8.193185
steel,8532,5455,7.151731
steep,8535,5456,7.7877197
steeper,8536,5457,8.193185
steepli,8537,5458,8.193185
steer,8538,5459,7.844878
stegomyia,380813,5460,7.5000377
stelev,712810,5461,7.7336526
stem,8540,5462,7.151731
stemi,405436,5463,7.4592156
step,8541,5464,4.9415193
stephensi,51331,5465,8.039034
stepp,8542,5466,8.280196
stepwis,8543,5467,6.167232
sth,389050,5468,8.280196
sticki,51357,5469,7.844878
stigma,51362,5470,8.193185
still,8549,5471,4.128441
stillbirth,387501,5472,7.419995
stimul,8550,5473,6.940422
stimuli,,5474,8.280196
sting,51368,5475,7.844878
stochast,8557,5476,6.4295964
stock,8558,5477,6.387632
stockholm,8559,5478,7.3822546
stone,8566,5479,7.0145297
stool,51389,5480,6.893902
stop,8568,5481,6.84945
storag,8570,5482,6.1137433
store,8571,5483,6.567218
stori,8572,5484,7.905503
storm,8573,5485,4.2945848
stormwat,8576,5486,7.844878
stove,8578,5487,5.865907
straightforward,8582,5488,7.345887
strain,8583,5489,5.7222643
strait,,5490,8.280196
strata,8586,5491,7.1227436
strateg,8587,5492,5.654211
strategi,8588,5493,2.9923885
stratif,8590,5494,6.2592506
stratifi,8591,5495,4.7511654
stratospher,8596,5496,7.587049
stratum,8598,5497,7.7336526
straw,8599,5498,7.5000377
stream,8601,5499,6.65274
street,8605,5500,5.99596
strength,8606,5501,5.4631557
strengthen,8607,5502,4.8669505
streptococcus,51449,5503,7.5425973
stress,8608,5504,3.63668
stressor,8610,5505,5.536428
stressrel,51453,5506,8.039034
strict,8613,5507,6.567218
stricter,8614,5508,7.6335692
strike,8615,5509,6.6176486
stringent,8617,5510,6.6707582
stripe,8619,5511,8.280196
strive,8621,5512,8.039034
stroke,8622,5513,5.0047684
strong,149,5514,3.4881692
stronger,8624,5515,4.6402206
strongest,8625,5516,4.9447503
strongyloid,670314,5517,8.193185
struck,51483,5518,6.4014254
structur,8627,5519,4.1813164
struggl,8628,5520,7.2441044
stsegment,,5521,8.280196
student,8630,5522,5.7654366
studi,150,5523,1.3592556
stunt,51506,5524,6.7660685
style,8632,5525,7.4592156
sub,8633,5526,7.682359
subarachnoid,675332,5527,7.276894
subarct,8639,5528,8.113142
subcategori,51541,5529,7.7877197
subclin,51547,5530,7.6335692
subcontin,8643,5531,7.682359
subcounti,51554,5532,8.193185
subdistrict,51559,5533,6.6891074
subdivid,8647,5534,7.844878
subgroup,8657,5535,5.0613203
subject,8659,5536,4.3081903
submerg,8663,5537,7.905503
submicron,51590,5538,8.039034
submit,8665,5539,7.276894
subnat,8667,5540,6.5192084
suboptim,8668,5541,7.7336526
subperiod,8672,5542,8.193185
subpopul,8675,5543,6.347358
subregion,8676,5544,6.871429
subsaharan,8677,5545,5.275414
subsampl,8678,5546,7.345887
subscal,51622,5547,7.7336526
subsequ,8681,5548,4.727449
subset,8682,5549,6.0829716
subsid,8683,5550,7.276894
subsidi,8684,5551,7.151731
subsist,8685,5552,6.84945
substanc,8690,5553,6.1033807
substant,8691,5554,7.682359
substanti,8692,5555,3.836476
substitut,8693,5556,6.6891074
subsystem,8698,5557,8.039034
subtl,8701,5558,8.193185
subtrop,8703,5559,4.7645884
subtyp,8704,5560,6.3213825
suburb,8706,5561,6.7660685
suburban,8707,5562,5.7293315
subway,51656,5563,7.905503
succeed,8711,5564,7.7877197
success,8712,5565,4.654644
sudan,8718,5566,7.2123556
sudden,8719,5567,5.9867435
suffer,8721,5568,4.7017407
suffici,8722,5569,5.275414
sugar,8723,5570,7.9700413
sugarcan,8724,5571,7.419995
suggest,151,5572,2.6470313
suicid,8725,5573,5.787742
suit,8726,5574,6.2836423
suitabl,8727,5575,4.6119833
sul,8728,5576,7.181584
sulfat,8729,5577,5.9331594
sulfid,8730,5578,8.280196
sulfur,8732,5579,4.935088
sulphat,8733,5580,8.039034
sulphur,8735,5581,6.2592506
sum,8736,5582,5.865907
sumatra,8737,5583,7.6335692
summar,8738,5584,5.316799
summari,8739,5585,5.369824
summaris,8740,5586,6.940422
summer,8741,5587,3.243834
summertim,8743,5588,6.156303
summit,8744,5589,8.039034
sun,8745,5590,6.6176486
sunday,51724,5591,8.113142
sunlight,8747,5592,6.3606033
sunni,8749,5593,7.5000377
sunshin,8750,5594,5.1526384
super,8752,5595,7.587049
superimpos,8759,5596,7.5425973
superior,8760,5597,7.0405054
superstorm,383072,5598,7.5000377
supervis,8766,5599,7.4592156
supplement,8767,5600,6.145492
supplementari,8768,5601,7.682359
suppli,8769,5602,4.7145123
support,8772,5603,3.4844058
suppos,8773,5604,7.5000377
suppress,8774,5605,6.65274
sur,8776,5606,7.9700413
surfac,152,5607,3.966351
surg,8782,5608,5.7222643
surgeri,51821,5609,7.1227436
surgic,51823,5610,7.3822546
surpass,8783,5611,6.893902
surpris,8785,5612,6.600554
surrog,8786,5613,6.746266
surround,8787,5614,4.977648
surveil,8788,5615,3.7120674
survey,8789,5616,3.268955
surviv,8790,5617,5.0613203
survivor,51830,5618,5.6282353
survivorship,,5619,8.280196
suscept,8793,5620,4.380982
suspect,8794,5621,5.5541277
suspend,8795,5622,5.9507036
suspens,8796,5623,8.039034
suspicion,51833,5624,8.039034
sustain,8797,5625,4.029107
suzhou,51846,5626,7.5000377
svm,8801,5627,8.193185
swab,51853,5628,7.3822546
sweat,51865,5629,7.7336526
sweden,8812,5630,6.334286
swedish,8813,5631,7.3822546
sweep,8814,5632,8.280196
swell,8816,5633,8.280196
swift,8819,,
swim,8820,5634,7.310796
swine,8821,5635,7.905503
swiss,8824,5636,7.9700413
switch,8825,5637,6.7268476
switzerland,8827,5638,6.2354403
sydney,8829,5639,6.940422
sylvat,51894,5640,7.844878
symbol,8837,5641,8.193185
symptom,8843,5642,4.054026
symptomat,51905,5643,6.786271
symptomatolog,383774,5644,7.6335692
synchron,8844,5645,6.9645195
synchroni,8845,5646,8.113142
syncop,383803,5647,8.193185
syncyti,51914,5648,6.167232
syndrom,8847,5649,5.109747
synerg,8849,5650,8.113142
synergi,8850,5651,6.334286
synergist,8851,5652,6.2007546
synopt,8854,5653,6.1242146
synthes,8857,5654,6.583747
synthesi,8858,5655,6.2836423
synthesis,8859,5656,8.039034
synthet,8860,5657,7.0945725
system,153,5658,2.7704399
systemat,8862,5659,4.2307854
systol,380307,5660,6.3740263
são,369009,5661,7.3822546
tabl,8864,5662,6.550957
tabul,51972,5663,7.5425973
tackl,8865,5664,6.156303
tag,8869,5665,8.039034
taichung,51988,5666,8.280196
tail,8872,5667,7.587049
tailor,8873,5668,5.882301
taipei,51994,5669,6.4733987
taiwan,8876,5670,5.2016277
taiwanes,51995,5671,8.193185
taiyuan,380486,5672,8.193185
take,8877,5673,3.995983
taken,8878,5674,4.4165998
takeoff,52001,5675,8.280196
talk,8879,5676,8.113142
tamil,52029,5677,7.1227436
tandem,8885,5678,8.280196
tangibl,8887,5679,7.6335692
tank,8888,5680,7.2123556
tanzania,8890,5681,6.387632
tap,8891,5682,7.276894
target,8894,5683,3.8226826
task,8897,5684,6.2007546
tasmania,8899,5685,8.039034
tax,8903,5686,7.151731
taxa,8904,5687,6.583747
taxi,8906,5688,7.587049
taxonom,8908,5689,8.039034
taylor,8910,5690,6.4884367
tbe,8912,5691,7.9700413
tdm,52138,5692,8.193185
tds,8917,5693,8.193185
tea,8918,5694,8.193185
teach,8919,5695,6.871429
teacher,8920,5696,8.039034
team,8922,5697,5.907407
technic,8923,5698,5.8339043
techniqu,8924,5699,4.489827
technolog,8926,5700,4.546865
teenag,52172,5701,7.9700413
tehran,52178,5702,6.827944
telangana,,5703,8.280196
telephon,52188,5704,6.347358
televis,52189,5705,8.193185
temper,8935,5706,4.9415193
temperatur,154,5707,1.8314507
temperaturebas,8936,5708,8.193185
temperaturedepend,8937,5709,6.9645195
temperaturehealth,,5710,8.280196
temperaturehumid,52206,5711,8.113142
temperaturemort,52214,5712,5.9867435
temperaturerel,8941,5713,5.641139
templat,8943,5714,8.193185
tempor,8944,5715,3.5392244
temporari,8945,5716,6.4154115
temporarili,8946,5717,7.587049
ten,8947,5718,5.1059375
tend,8948,5719,4.951244
tendenc,8949,5720,5.959593
tenfold,8950,5721,8.280196
tennesse,8951,5722,7.905503
tension,8953,5723,7.682359
tenth,8956,5724,8.113142
tenur,8957,5725,7.5000377
tenyear,52259,5726,7.905503
teq,52266,5727,8.280196
term,8963,5728,3.5242577
termin,8964,5729,7.2441044
terra,8970,5730,7.5425973
terrain,8972,5731,6.3606033
terrestri,8973,5732,7.0145297
territori,8975,5733,5.3550816
terror,52292,5734,8.193185
terrorist,,5735,8.280196
tertiari,8976,5736,5.9245014
tertil,671454,5737,7.7877197
test,8978,5738,3.3925848
texa,8985,5739,5.584341
text,8986,5740,6.893902
textur,8988,5741,8.193185
thai,8993,5742,7.310796
thailand,8994,5743,5.7436175
themat,9002,5744,6.0829716
theme,9003,5745,5.8182793
themselv,9004,5746,5.8740706
theoret,9006,5747,5.7654366
theori,9007,5748,5.907407
therapeut,52409,5749,7.3822546
therapi,9008,5750,6.4014254
thereaft,9009,5751,6.9168916
therebi,9010,5752,5.708278
therefor,9011,5753,3.6184738
thereof,9013,5754,7.905503
thermal,9014,5755,4.633086
thermodynam,9018,5756,8.039034
thermophysiolog,52441,5757,8.280196
thermoregul,9028,5758,7.6335692
thermoregulatori,9029,5759,8.193185
thermotoler,9032,5760,8.113142
thessaloniki,52450,5761,7.9700413
thi,9036,5762,7.7336526
thick,9037,5763,6.6176486
thin,9041,5764,7.587049
thing,9042,5765,7.9700413
think,9043,5766,6.6350403
third,9045,5767,5.0220995
thirteen,9046,5768,7.276894
thirti,9047,5769,6.8068905
thirtyon,52480,5770,8.193185
thirtysix,52482,5771,8.280196
thorac,52495,5772,8.280196
thorough,9049,5773,6.65274
though,9050,5774,4.9676642
thought,9051,5775,5.959593
thousand,9052,5776,5.3898244
threat,9053,5777,4.0111346
threaten,9054,5778,5.3262334
three,155,5779,2.9732795
threeday,52506,5780,8.113142
threedimension,9055,5781,7.9700413
threefold,9056,5782,7.4592156
threemonth,52513,5783,8.113142
threestag,52524,5784,8.113142
threeyear,9059,5785,7.6335692
threshold,9060,5786,4.1888866
thrive,9061,5787,7.7336526
throat,52534,5788,7.3822546
thrombocytopenia,383010,5789,7.7877197
thrombosi,389294,5790,8.193185
throughout,9064,5791,4.1501336
thth,9067,5792,7.6335692
thunderstorm,9068,5793,7.0945725
thus,156,5794,3.871262
tianjin,9070,5795,6.6891074
tibet,9072,5796,7.5425973
tibetan,9073,5797,7.3822546
tick,9075,5798,6.746266
tickborn,9076,5799,6.940422
tidal,9077,5800,7.682359
tide,9078,5801,7.5425973
tie,9080,5802,7.181584
tier,9082,5803,7.419995
tiger,9084,5804,7.0945725
tight,9085,5805,8.039034
tighten,9086,5806,8.113142
till,9091,5807,7.0945725
time,157,5808,2.373844
timeact,698533,5809,7.844878
timedepend,9099,5810,7.310796
timefram,9100,5811,7.905503
timelag,9101,5812,7.2441044
timeli,52610,5813,8.039034
timelin,,5814,8.280196
timescal,9103,5815,6.7268476
timeseri,9104,5816,4.451555
timestratifi,52630,5817,5.4102335
timevari,9107,5818,6.4295964
tip,9112,5819,8.193185
tire,9113,5820,7.3822546
tissu,9114,5821,6.940422
titl,9118,5822,7.5425973
tmax,9120,5823,6.8068905
tmin,9121,5824,7.5000377
tobacco,9127,5825,6.871429
tobit,52695,,
today,9129,5826,5.968561
toddler,636869,5827,8.280196
togeth,9131,5828,4.7485023
toilet,52712,5829,7.181584
tokyo,9132,5830,6.84945
toler,9133,5831,6.583747
toll,9134,5832,6.534957
toluen,9135,5833,7.844878
tomato,9137,5834,8.280196
ton,9139,5835,6.145492
tonn,9141,5836,7.0145297
took,9142,5837,5.865907
tool,9143,5838,4.0741477
toolkit,9145,5839,7.7336526
top,9147,5840,5.6218457
topdown,9148,5841,7.276894
topic,9149,5842,5.4631557
topograph,9151,5843,6.567218
topographi,9152,5844,6.334286
tornado,9156,5845,7.0145297
toronto,9157,5846,7.310796
torr,9160,5847,8.280196
total,158,5848,2.6535566
tourism,9165,5849,6.4154115
tourist,9166,5850,6.65274
toward,9168,5851,4.082311
tower,9169,5852,8.280196
town,9171,5853,5.5966873
township,52799,5854,7.276894
toxic,9172,5855,5.0983615
toxicolog,9173,5856,6.6350403
toxin,9174,5857,8.193185
trace,9175,5858,5.802894
tracer,9177,5859,6.65274
trachoma,389003,5860,8.193185
track,9179,5861,5.641139
tract,9180,5862,5.446983
trade,9185,5863,5.7364492
tradeoff,9186,5864,6.5192084
tradit,9187,5865,4.68913
traffic,9188,5866,4.2996655
trafficrel,52844,5867,6.0531187
train,9190,5868,4.849146
trait,9191,5869,6.893902
trajectori,9193,5870,5.3999767
transboundari,9196,5871,6.6707582
transcrib,9197,5872,7.0671735
transcript,9198,5873,7.7336526
transdisciplinari,9200,5874,8.039034
transect,9201,5875,7.276894
transfer,9203,5876,5.907407
transform,9204,5877,5.5248
transient,9208,5878,6.893902
transit,9209,5879,5.1974525
translat,9211,5880,5.802894
transmiss,9213,5881,3.3256505
transmit,9214,5882,4.9945116
transnat,9216,5883,8.193185
transpar,9217,5884,7.5425973
transport,9220,5885,3.8635485
transportationrel,52897,5886,8.193185
transportrel,52899,5887,7.844878
transvers,9221,5888,8.280196
trap,9222,5889,5.0082107
trauma,52913,5890,5.4154015
traumarel,712852,5891,7.9700413
traumat,52914,5892,5.7728167
travel,9224,5893,5.0686197
travers,,5894,8.280196
treat,9228,5895,5.240012
treatment,159,5896,4.44761
tree,9230,5897,5.1174097
tremend,9236,5898,7.2123556
trend,9239,5899,3.0702133
tri,9241,5900,6.2007546
triag,52973,5901,7.682359
trial,9242,5902,6.167232
triangl,9243,5903,8.039034
triangul,52979,5904,7.844878
tribal,9247,5905,7.310796
tribe,9248,5906,8.193185
trichiura,389096,5907,8.280196
trichuri,385685,5908,8.039034
trigger,9254,5909,4.7485023
triglycerid,53019,5910,8.039034
trillion,9255,5911,7.7336526
trimest,53030,5912,6.3606033
trimesterspecif,2017180,5913,8.280196
trip,9257,5914,7.151731
tripl,9258,5915,7.5000377
tritici,53057,5916,8.193185
tropic,9264,5917,4.0187974
tropospher,9267,5918,5.99596
troubl,53093,5919,8.113142
trough,9268,5920,6.84945
truck,9270,5921,7.310796
true,9271,5922,6.1137433
truli,9272,5923,8.193185
trust,9275,5924,6.7077994
trypanosoma,53106,5925,8.113142
trypanosomiasi,53107,5926,8.113142
tsp,9282,5927,6.893902
tsunami,9285,5928,6.583747
ttest,9286,5929,6.7268476
tube,9287,5930,7.587049
tuberculosi,53133,5931,6.167232
tumor,53150,5932,7.844878
tunisia,9297,5933,7.844878
tunnel,9298,5934,7.9700413
turbid,9299,5935,7.5000377
turbin,9301,5936,8.113142
turbul,9302,5937,7.7336526
turkey,9306,5938,6.550957
turkish,9307,5939,8.113142
turn,9308,5940,5.3074536
turnov,9309,5941,8.113142
tvoc,53190,5942,7.5000377
tweet,53196,5943,8.113142
twelv,9314,5944,6.6350403
twenti,9315,5945,6.5192084
twentieth,9316,5946,8.193185
twentyf,53199,5947,8.280196
twentyfirst,9318,5948,6.786271
twentyfour,9320,5949,8.039034
twentyon,53201,5950,8.039034
twentysix,53204,5951,8.193185
twentytwo,53206,5952,8.113142
twice,9322,5953,5.8339043
twin,9324,5954,8.113142
twitter,53215,5955,7.7877197
two,160,5956,2.7094257
twoday,53223,5957,8.113142
twodimension,9325,5958,8.280196
twofold,9326,5959,7.419995
twomonth,53232,5960,7.905503
twopollut,684709,5961,6.7268476
twostag,9329,5962,6.443985
twostep,9330,5963,7.905503
twothird,9331,5964,6.940422
twoway,9332,5965,7.905503
twoweek,53254,5966,7.7877197
twoyear,9333,5967,7.345887
type,9335,5968,3.4911904
typhoid,382634,5969,6.989212
typhoon,9337,5970,5.9507036
typhus,53271,5971,6.9168916
typic,9338,5972,4.502224
typolog,9340,5973,7.5425973
tyre,53275,5974,7.844878
ubiquit,9343,5975,6.9645195
ufp,382813,5976,7.0145297
uganda,9345,5977,6.0729213
ugandan,53297,5978,8.039034
uhi,9346,5979,5.9331594
ukrain,9350,5980,7.7336526
ulaanbaatar,382912,5981,8.193185
ulcer,53310,5982,7.3822546
ultim,9352,5983,5.9867435
ultrafin,9355,5984,6.4154115
ultrasound,53330,5985,8.193185
ultraviolet,9359,5986,6.893902
unabl,9363,5987,6.9168916
unaccept,9364,5988,7.9700413
unadjust,53348,5989,7.0945725
unaffect,9366,5990,6.84945
unavail,9371,5991,7.181584
unavoid,9372,5992,7.7336526
unawar,53356,5993,7.587049
uncertain,9377,5994,5.9159174
uncertainti,9378,5995,4.566624
unchang,9379,5996,6.8068905
unclear,9381,5997,5.1290154
uncomfort,53377,5998,7.5000377
uncommon,9382,5999,7.7877197
uncondit,53382,6000,7.9700413
uncontrol,9387,6001,6.9168916
unconvent,,6002,8.280196
uncov,9392,6003,6.871429
underdevelop,9395,6004,7.310796
underestim,9396,6005,5.4631557
underexplor,53413,,
underf,383424,6006,7.0405054
undergo,9397,6007,6.600554
undergon,9398,6008,8.113142
underground,9400,6009,7.151731
underli,9402,6010,7.5425973
underlin,9403,6011,6.7077994
undermin,9404,6012,6.7660685
undernourish,53422,6013,7.682359
undernutrit,53423,6014,6.8068905
underpin,9406,6015,6.567218
underpredict,9407,6016,8.113142
underreport,53429,6017,7.345887
underrepres,9408,6018,7.9700413
underscor,9410,6019,6.387632
underserv,53433,6020,7.7877197
understand,9411,6021,2.978249
understood,9412,6022,5.043302
understudi,9415,6023,7.0945725
undertak,9416,6024,6.550957
undertaken,9417,6025,5.1212635
undertook,9418,6026,7.345887
underw,9420,6027,6.786271
underway,9422,6028,7.844878
underweight,53440,6029,7.276894
undesir,9423,6030,7.844878
undetermin,53443,6031,8.193185
undiagnos,384206,6032,8.280196
undoubt,9426,6033,8.113142
unemploy,9429,6034,6.4014254
unequ,9430,6035,7.0945725
uneven,9432,6036,6.7077994
unexpect,9433,6037,6.247275
unexplain,9434,6038,7.905503
unexplor,9435,6039,7.3822546
unexpos,53472,6040,7.9700413
unfavor,9436,6041,6.989212
unfavour,9437,6042,7.7877197
unfold,9440,6043,8.039034
unfortun,9442,6044,7.0405054
unhealthi,53497,6045,6.84945
unidentifi,9448,6046,8.039034
unidirect,9449,6047,8.280196
unifi,9450,6048,6.9645195
uniform,9451,6049,6.2592506
unimod,9453,6050,7.5425973
unimprov,53513,6051,8.113142
unintend,9455,6052,7.419995
unintent,9456,6053,7.2441044
union,9458,6054,6.2713723
uniqu,9459,6055,4.970981
unit,9460,6056,3.461382
uniti,9461,6057,8.280196
univari,9462,6058,5.810557
univers,9463,6059,4.4223413
universidad,53533,6060,7.5425973
unknown,9464,6061,5.248746
unless,9465,6062,6.7268476
unlik,9466,6063,5.9867435
unmarri,634302,6064,8.039034
unmeasur,53553,6065,8.280196
unmet,53554,6066,8.039034
unnecessari,9471,6067,7.9700413
unobserv,9472,6068,7.5425973
unpav,53572,6069,8.280196
unplan,53575,6070,7.3822546
unpreced,9473,6071,6.005263
unpredict,9474,6072,6.84945
unpublish,9477,6073,8.280196
unravel,9478,6074,7.682359
unrecogn,9481,6075,8.193185
unrel,9483,6076,7.5000377
unreli,9484,6077,7.905503
unresolv,9485,6078,7.905503
unrestrict,53602,6079,7.419995
unsaf,53604,6080,7.345887
unseason,53610,6081,7.844878
unstabl,9487,6082,6.893902
unstructur,53625,6083,8.280196
unsuit,9490,6084,8.113142
unsustain,9491,6085,7.4592156
untreat,9493,6086,6.84945
unusu,9495,6087,6.2354403
unveil,9497,6088,7.905503
upcom,9500,6089,6.989212
updat,9501,6090,5.474085
upgrad,9503,6091,7.0405054
upon,9507,6092,4.951244
upper,161,6093,5.4363446
upstream,9516,6094,7.151731
upsurg,53686,6095,7.6335692
uptak,9517,6096,6.746266
uptod,9518,6097,7.587049
upward,9519,6098,6.4733987
upwind,9521,6099,7.682359
urban,9524,6100,2.785266
urbanis,9525,6101,6.2836423
urbanrur,9526,6102,6.7077994
urg,9531,6103,8.039034
urgenc,9532,6104,7.276894
urgent,9533,6105,5.1174097
urin,9534,6106,6.746266
urinari,9535,6107,6.827944
urolithiasi,381000,6108,7.7877197
urticacea,53724,6109,7.905503
usa,9538,6110,4.9382987
usabl,9539,6111,7.7877197
usag,9540,6112,5.85781
usd,9542,6113,6.7077994
use,162,6114,1.4167728
useland,9545,6115,7.7877197
usepa,53742,6116,7.0671735
user,9546,6117,5.810557
ushap,9550,6118,6.2354403
usual,9551,6119,4.9382987
utah,9552,6120,7.905503
utc,53765,6121,7.844878
utci,53766,6122,7.2123556
utero,53767,6123,7.905503
util,9554,6124,4.201119
utilis,9555,6125,6.4295964
utmost,9557,6126,8.039034
uttar,53781,6127,7.2123556
uttarakhand,53782,6128,7.7336526
vaccin,9561,6129,5.136828
valid,9567,6130,4.3645434
valley,9569,6131,5.2443695
valu,163,6132,3.1693044
valuabl,9571,6133,5.4102335
valuat,9572,6134,6.7660685
van,9575,6135,8.280196
vancouv,9576,6136,7.6335692
vanuatu,53855,6137,8.193185
vapor,9578,6138,6.4295964
vapour,9579,6139,7.151731
var,9580,6140,7.9700413
varanasi,53860,6141,8.280196
vari,9581,6142,3.410566
variabl,164,6143,2.534574
varianc,9582,6144,5.2664456
variant,9583,6145,7.3822546
variat,165,6146,2.9527614
varicella,405639,6147,8.039034
varieti,9584,6148,5.018609
various,9586,6149,3.6659763
vascular,9588,6150,7.0405054
vast,9589,6151,6.334286
vbds,53895,6152,8.039034
vector,9591,6153,3.6167572
vectorborn,9592,6154,4.649813
vectorcontrol,662074,6155,8.193185
vectori,53902,6156,7.0945725
veget,166,6157,4.4223413
vehicl,9593,6158,4.491883
vehiclerel,,6159,8.280196
vehicular,9594,6160,5.674145
veloc,9596,6161,6.1347966
venezuela,9597,6162,7.5425973
venom,53933,6163,7.7877197
venous,53934,6164,8.039034
ventil,9600,6165,5.6218457
ventricular,382125,6166,7.844878
ver,53941,6167,8.193185
verbal,53946,6168,8.113142
verbatim,382161,6169,7.9700413
veri,9603,6170,3.8515463
verif,9604,6171,7.6335692
verifi,9605,6172,5.8905997
versa,9607,6173,7.5000377
version,9609,6174,5.3847866
versus,9610,6175,5.0256023
vertebr,9611,6176,7.905503
vertic,9612,6177,6.0241313
vessel,9614,6178,7.587049
veteran,53975,6179,7.587049
veterinari,9616,6180,6.5192084
veterinarian,53976,6181,7.844878
vexan,53980,6182,8.193185
vhi,670580,6183,8.113142
via,9618,6184,4.7591977
viabil,9619,6185,7.1227436
viabl,9620,6186,6.989212
vibrio,9622,6187,6.9645195
vice,9625,6188,7.419995
vicin,9626,6189,6.600554
victim,9627,6190,5.6154966
victoria,9628,6191,6.4884367
victorian,53999,6192,8.193185
video,9629,6193,7.7877197
vienna,9630,6194,8.113142
viet,54003,6195,8.280196
vietnam,9631,6196,5.882301
vietnames,54004,6197,7.5425973
view,9632,6198,5.1486626
vigil,54006,6199,7.7877197
vigor,9634,6200,7.6335692
villag,9637,6201,4.855046
violat,9642,6202,7.587049
violenc,9643,6203,6.167232
violent,9644,6204,6.746266
viral,9645,6205,4.9004393
virgin,9647,6206,7.9700413
virginia,9648,6207,7.4592156
virolog,54037,6208,7.276894
virtu,9650,6209,8.280196
virtual,9651,6210,7.345887
virul,9652,6211,7.682359
virus,9653,6212,3.8812678
visavi,9655,6213,7.9700413
viscer,54041,6214,6.2592506
visibl,9658,6215,5.474085
vision,9659,6216,7.276894
visit,9660,6217,4.147214
visitor,9661,6218,6.9645195
visual,9662,6219,5.882301
visualis,9663,6220,8.039034
vital,9664,6221,5.27092
vitamin,9665,6222,7.0145297
vitro,9668,6223,7.682359
vivax,54067,6224,6.005263
viz,9670,6225,6.583747
voc,9674,6226,5.9245014
voclimit,382928,6227,8.193185
voic,9675,6228,7.7877197
volatil,9678,6229,5.5966873
volcan,9679,6230,7.0145297
volcano,9680,6231,7.5425973
volum,9683,6232,5.2664456
volumetr,9684,6233,6.1347966
volunt,9685,6234,6.458584
voluntari,9686,6235,7.5000377
vomit,383056,6236,7.345887
vote,9691,6237,7.7877197
vshape,54121,6238,7.9700413
vulner,9698,6239,2.9514377
wage,9702,6240,7.587049
waist,387481,6241,8.113142
wait,9704,6242,7.905503
wake,9705,6243,6.84945
wale,9706,6244,6.503704
walk,9707,6245,6.387632
wall,9709,6246,6.940422
walter,54164,6247,7.844878
wane,9714,6248,8.280196
want,9716,6249,7.4592156
war,9718,6250,7.0945725
ward,54173,6251,6.600554
warm,167,6252,3.5880146
warmer,9721,6253,4.9223495
warmest,9722,6254,6.567218
warmseason,9724,6255,8.113142
warmth,9726,6256,8.039034
warn,9729,6257,4.227621
warrant,9730,6258,5.6476536
warsaw,54207,6259,7.9700413
wash,9731,6260,6.9168916
washington,9732,6261,6.7660685
wast,9734,6262,5.316799
wastewat,9737,6263,6.893902
watch,9738,6264,7.905503
water,168,6265,3.3205352
waterborn,9741,6266,5.7436175
wateri,383839,6267,8.280196
waterlog,9751,6268,7.844878
waterrel,9752,6269,6.786271
watersh,9756,6270,7.0405054
watersolubl,9757,6271,6.786271
waterway,9762,6272,7.7877197
wave,9763,6273,3.8947663
wavelength,9765,6274,8.193185
wavelet,9766,6275,6.583747
waverel,,6276,7.905503
way,9769,6277,4.332455
wbgt,54310,6278,6.308644
weak,9771,6279,4.961064
weaken,9772,6280,6.871429
weaker,9773,6281,6.567218
weakest,9774,6282,8.280196
wealth,9775,6283,6.296065
wealthi,54320,6284,8.280196
wealthier,54321,6285,8.039034
wear,9778,6286,6.7268476
weather,9779,6287,2.7991786
weatherbas,54324,6288,7.310796
weatherdriven,,6289,8.039034
weatherrel,9780,6290,5.8260612
web,9781,6291,5.750838
webbas,9782,6292,7.1227436
websit,9783,6293,6.4884367
weed,9786,6294,7.0945725
week,9788,6295,3.4957395
weekday,54344,6296,6.334286
weekend,54345,6297,6.2007546
weibul,9790,6298,7.9700413
weigh,9792,6299,7.4592156
weight,9793,6300,4.575533
weightforag,634308,6301,8.113142
weightforheight,898132,6302,8.193185
welfar,9795,6303,6.0146523
well,169,6304,2.8163643
wellb,9796,6305,4.6766768
welldefin,9800,6306,7.905503
welldocu,9802,6307,7.276894
wellestablish,9804,6308,7.2123556
wellknown,9805,6309,7.181584
wellstudi,9808,6310,8.280196
went,9811,6311,7.4592156
west,9812,6312,4.5001473
wester,9815,6313,7.5000377
western,9816,6314,4.368173
wet,9818,6315,4.9382987
wetbulb,54445,6316,6.827944
wetland,9820,6317,6.9168916
wetter,9822,6318,6.9645195
wettest,9823,6319,7.5425973
wheat,9830,6320,6.1033807
wheez,381122,6321,6.893902
whenev,9832,6322,7.682359
wherea,9833,6323,3.962708
wherebi,9834,6324,7.310796
wherein,9835,6325,7.5425973
wherev,9836,6326,8.193185
whether,9837,6327,3.7653487
whi,9838,6328,6.005263
whilst,9839,6329,6.0829716
white,9840,6330,6.1033807
whitefli,54489,6331,8.280196
whitmani,645887,6332,8.039034
whole,9844,6333,4.849146
whos,381348,6334,8.193185
whose,9849,6335,5.496308
wide,9851,6336,4.2467604
widen,9852,6337,7.7336526
wider,9853,6338,5.802894
widerang,9854,6339,7.905503
widespread,9855,6340,5.054074
widow,381393,6341,8.113142
wilcoxon,54540,6342,7.844878
wild,9857,6343,6.65274
wildfir,9859,6344,5.176833
wildland,9860,6345,7.310796
wildlif,9861,6346,6.989212
wiley,402345,6347,6.6707582
william,9863,6348,8.280196
willing,9864,6349,6.5192084
wind,9869,6350,3.6305742
windblown,9870,6351,7.905503
windi,9873,6352,7.5425973
window,9875,6353,5.5248
windstorm,,6354,8.280196
winter,9882,6355,3.3411546
winterspr,9883,6356,8.193185
wintertim,9884,6357,6.334286
winwin,9885,6358,8.113142
wisconsin,9888,6359,7.6335692
wise,9890,6360,7.419995
wish,9891,6361,8.039034
wit,9892,6362,6.189455
withdraw,9893,6363,8.193185
within,170,6364,3.2021854
without,9894,6365,4.071441
withstand,9895,6366,8.039034
wnv,9899,6367,6.458584
wolter,385744,6368,7.3822546
woman,54661,6369,7.0945725
women,9902,6370,4.070091
wood,9903,6371,5.654211
woodi,9905,6372,8.039034
word,9908,6373,6.786271
wore,387551,6374,8.193185
work,9909,6375,3.5234761
workday,382095,6376,8.280196
worker,9911,6377,4.7591977
workforc,54687,6378,6.786271
workload,9913,6379,7.2123556
workplac,9914,6380,6.1347966
workrel,54689,6381,7.0671735
workshop,9915,6382,6.347358
world,9916,6383,3.4717143
worldclim,54692,6384,7.9700413
worldwid,9918,6385,4.272863
worm,9919,6386,7.9700413
worri,9920,6387,6.940422
worrisom,54696,6388,7.9700413
wors,9921,6389,6.093124
worsen,9922,6390,5.4686055
worst,9923,6391,5.865907
worstcas,9924,6392,7.9700413
worth,9925,6393,7.5425973
would,9928,6394,3.7263193
wound,9929,6395,7.4592156
wrf,9931,6396,6.84945
wrfchem,54713,6397,6.8068905
written,9933,6398,7.276894
wtp,9938,6399,7.905503
wuhan,54744,6400,6.7268476
xian,54773,6401,7.0405054
xinjiang,9948,6402,7.7877197
xray,9950,6403,7.844878
yangtz,9954,6404,6.347358
yazd,54833,6405,8.193185
year,171,6406,1.9925066
yearbook,54834,6407,8.113142
yearlong,9957,6408,7.419995
yearold,9958,6409,6.247275
yearround,9959,6410,6.4884367
yeartoyear,9960,6411,7.151731
yellow,9962,6412,6.189455
yemen,54859,6413,8.113142
yen,9964,6414,8.280196
yet,9965,6415,4.3627334
yield,9966,6416,4.5644093
ylds,406031,6417,8.193185
yll,383162,6418,6.989212
yogyakarta,389676,6419,7.7877197
york,9968,6420,5.043302
young,9969,6421,4.951244
younger,9970,6422,5.168703
youth,9972,6423,6.2713723
yrd,54886,6424,7.3822546
yrs,9975,6425,7.7877197
yuan,9976,6426,7.7877197
yunnan,9979,6427,6.84945
zambia,9980,6428,7.5000377
zcl,383398,6429,8.039034
zealand,9982,6430,6.7660685
zero,9986,6431,6.189455
zeroinfl,54931,6432,6.9168916
zhejiang,9988,6433,6.7660685
zhengzhou,54942,6434,8.039034
zika,54947,6435,5.474085
zikv,406139,6436,6.940422
zimbabw,9990,6437,7.0405054
zinc,9991,6438,7.9700413
zip,54951,6439,6.6707582
zonal,9994,6440,7.7336526
zone,9997,6441,4.297969
zoonos,54977,6442,7.7336526
zoonosi,54978,6443,6.7077994
zoonot,9998,6444,5.6476536
zscore,54987,6445,7.310796
zurich,54991,6446,8.280196
µgm,1763932,6447,7.276894
μgl,369056,,
μgm,369057,6448,5.590495
null,6177,,
na,44448,,
